ID,Year_Birth,Education,Marital_Status,Income,Kidhome,Teenhome,Dt_Customer,Recency,MntWines,MntFruits,MntMeatProducts,MntFishProducts,MntSweetProducts,MntGoldProds,NumDealsPurchases,NumWebPurchases,NumCatalogPurchases,NumStorePurchases,NumWebVisitsMonth,AcceptedCmp3,AcceptedCmp4,AcceptedCmp5,AcceptedCmp1,AcceptedCmp2,Complain,Response,Age,Total_Spend,Customer_Tenure_Days,Total_Children,Total_Purchases,Spend_Per_Purchase,Campaigns_Accepted,Is_Parent,Family_Size,Income_Per_Member,Cluster,Cluster_Name,Education_Enc,Marital_Status_Enc,Engagement_Score,Engagement_Tier
5524,1957,Graduation,Single,58138.0,0,0,2012-09-04,58,635,88,546,172,88,88,3,8,10,4,7,0,0,0,0,0,0,1,57,1617,663,0,25,62.19230769230769,0,0,1,58138.0,1,🌟 High-Value Loyalists,2,2,0.4360109735769251,🌤 Warm Lead
2174,1954,Graduation,Single,46344.0,1,1,2014-03-08,38,11,1,6,2,1,6,2,1,1,2,5,0,0,0,0,0,0,0,60,27,113,2,6,3.857142857142857,0,1,3,15448.0,0,💤 Low Engagers,2,2,0.029663390812213412,❄️ Cold Lead
4141,1965,Graduation,Together,71613.0,0,0,2013-08-21,26,426,49,127,111,21,42,1,8,2,10,4,0,0,0,0,0,0,0,49,776,312,0,21,35.27272727272727,0,0,2,35806.5,1,🌟 High-Value Loyalists,2,3,0.028161688813614548,❄️ Cold Lead
6182,1984,Graduation,Together,26646.0,1,0,2014-02-10,26,11,4,20,10,3,5,2,2,0,4,6,0,0,0,0,0,0,0,30,53,139,1,8,5.888888888888889,0,1,3,8882.0,0,💤 Low Engagers,2,3,0.03576904971868165,❄️ Cold Lead
5324,1981,PhD,Married,58293.0,1,0,2014-01-19,94,173,43,118,46,27,15,5,5,3,6,5,0,0,0,0,0,0,0,33,422,161,1,19,21.1,0,1,3,19431.0,2,👨‍👩‍👧 Active Parent Shoppers,4,1,0.02940651929842648,❄️ Cold Lead
7446,1967,Master,Together,62513.0,0,1,2013-09-09,16,520,42,98,0,42,14,2,6,4,10,6,0,0,0,0,0,0,0,47,716,293,1,22,31.130434782608695,0,1,3,20837.666666666668,2,👨‍👩‍👧 Active Parent Shoppers,3,3,0.06217997685559145,❄️ Cold Lead
965,1971,Graduation,Divorced,55635.0,0,1,2012-11-13,34,235,65,164,50,49,27,4,7,3,7,6,0,0,0,0,0,0,0,43,590,593,1,21,26.818181818181817,0,1,2,27817.5,2,👨‍👩‍👧 Active Parent Shoppers,2,0,0.17510940161033503,❄️ Cold Lead
6177,1985,PhD,Married,33454.0,1,0,2013-05-08,32,76,10,56,3,1,23,2,4,0,4,8,0,0,0,0,0,0,0,29,169,417,1,10,15.363636363636363,0,1,3,11151.333333333334,0,💤 Low Engagers,4,1,0.10787599066410683,❄️ Cold Lead
4855,1974,PhD,Together,30351.0,1,0,2013-06-06,19,14,0,24,3,3,2,1,3,0,2,9,0,0,0,0,0,0,1,40,46,388,1,6,6.571428571428571,0,1,3,10117.0,0,💤 Low Engagers,4,3,0.1343539496108887,❄️ Cold Lead
5899,1950,PhD,Together,5648.0,1,1,2014-03-13,68,28,0,6,1,1,13,1,1,0,0,20,1,0,0,0,0,0,0,64,49,108,2,2,16.333333333333332,1,1,4,1412.0,0,💤 Low Engagers,4,3,0.057681348196419895,❄️ Cold Lead
1994,1983,Graduation,Married,51381.5,1,0,2013-11-15,11,5,5,6,0,2,1,1,1,0,2,7,0,0,0,0,0,0,0,31,19,226,1,4,3.8,0,1,3,17127.166666666668,0,💤 Low Engagers,2,1,0.12620963708287275,❄️ Cold Lead
387,1976,Basic,Married,7500.0,0,0,2012-11-13,59,6,16,11,11,1,16,1,2,0,3,8,0,0,0,0,0,0,0,38,61,593,0,6,8.714285714285714,0,0,2,3750.0,0,💤 Low Engagers,0,1,0.1691208130051616,❄️ Cold Lead
2125,1959,Graduation,Divorced,63033.0,0,0,2013-11-15,82,194,61,480,225,112,30,1,3,4,8,2,0,0,0,0,0,0,0,55,1102,226,0,16,64.82352941176471,0,0,1,63033.0,1,🌟 High-Value Loyalists,2,0,0.02060841182832367,❄️ Cold Lead
8180,1952,Master,Divorced,59354.0,1,1,2013-11-15,53,233,2,53,3,5,14,3,6,1,5,6,0,0,0,0,0,0,0,62,310,226,2,15,19.375,0,1,3,19784.666666666668,2,👨‍👩‍👧 Active Parent Shoppers,3,0,0.025121982876682648,❄️ Cold Lead
2569,1987,Graduation,Married,17323.0,0,0,2012-10-10,38,3,14,17,6,1,5,1,1,0,3,8,0,0,0,0,0,0,0,27,46,627,0,5,7.666666666666667,0,0,2,8661.5,0,💤 Low Engagers,2,1,0.09073747741273575,❄️ Cold Lead
2114,1946,PhD,Single,82800.0,0,0,2012-11-24,23,1006,22,115,59,68,45,1,7,6,12,3,0,0,1,1,0,0,1,68,1315,582,0,26,48.7037037037037,2,0,1,82800.0,3,🏆 Champions,4,2,0.9509694911038534,🔥 Hot Lead
9736,1980,Graduation,Married,41850.0,1,1,2012-12-24,51,53,5,19,2,13,4,3,3,0,3,8,0,0,0,0,0,0,0,34,96,552,2,9,9.6,0,1,4,10462.5,0,💤 Low Engagers,2,1,0.15745957082032833,❄️ Cold Lead
4939,1946,Graduation,Together,37760.0,0,0,2012-08-31,20,84,5,38,150,12,28,2,4,1,6,7,0,0,0,0,0,0,0,68,317,667,0,13,22.642857142857142,0,0,2,18880.0,2,👨‍👩‍👧 Active Parent Shoppers,2,3,0.27827274482282316,❄️ Cold Lead
6565,1949,Master,Married,76995.0,0,1,2013-03-28,91,1012,80,498,0,16,176,2,11,4,9,5,0,0,0,1,0,0,0,65,1782,458,1,26,66.0,1,1,3,25665.0,2,👨‍👩‍👧 Active Parent Shoppers,3,1,0.07956399510155683,❄️ Cold Lead
2278,1985,Diploma,Single,33812.0,1,0,2012-11-03,86,4,17,19,30,24,39,2,2,1,3,6,0,0,0,0,0,0,0,29,133,603,1,8,14.777777777777779,0,1,2,16906.0,0,💤 Low Engagers,1,2,0.21266314405981868,❄️ Cold Lead
9360,1982,Graduation,Married,37040.0,0,0,2012-08-08,41,86,2,73,69,38,48,1,4,2,5,8,0,0,0,0,0,0,0,32,316,690,0,12,24.307692307692307,0,0,2,18520.0,0,💤 Low Engagers,2,1,0.414379051206235,🌤 Warm Lead
5376,1979,Graduation,Married,2447.0,1,0,2013-01-06,42,1,1,1725,1,1,1,15,0,28,0,1,0,0,0,0,0,0,0,35,1730,539,1,43,39.31818181818182,0,1,3,815.6666666666666,2,👨‍👩‍👧 Active Parent Shoppers,2,1,0.15480736609683865,❄️ Cold Lead
1993,1949,PhD,Married,58607.0,0,1,2012-12-23,63,867,0,86,0,0,19,3,2,3,9,8,0,1,0,0,0,0,0,65,972,553,1,17,54.0,1,1,3,19535.666666666668,2,👨‍👩‍👧 Active Parent Shoppers,4,1,0.15428977009733486,❄️ Cold Lead
4047,1954,PhD,Married,65324.0,0,1,2014-01-11,0,384,0,102,21,32,5,3,6,2,9,4,0,0,0,0,0,0,0,60,544,169,1,20,25.904761904761905,0,1,3,21774.666666666668,2,👨‍👩‍👧 Active Parent Shoppers,4,1,0.09870537148638635,❄️ Cold Lead
1409,1951,Graduation,Together,40689.0,0,1,2013-03-18,69,270,3,27,39,6,99,7,7,1,5,8,0,0,0,0,0,0,0,63,444,468,1,20,21.142857142857142,0,1,3,13563.0,2,👨‍👩‍👧 Active Parent Shoppers,2,3,0.11317352609994946,❄️ Cold Lead
7892,1969,Graduation,Single,18589.0,0,0,2013-01-02,89,6,4,25,15,12,13,2,2,1,3,7,0,0,0,0,0,0,0,45,75,543,0,8,8.333333333333334,0,0,1,18589.0,0,💤 Low Engagers,2,2,0.07069523868080688,❄️ Cold Lead
2404,1976,Graduation,Married,53359.0,1,1,2013-05-27,4,173,4,30,3,6,41,4,5,1,4,7,0,0,0,0,0,0,0,38,257,398,2,14,17.133333333333333,0,1,4,13339.75,0,💤 Low Engagers,2,1,0.35753642429165533,❄️ Cold Lead
5255,1986,Graduation,Single,51381.5,1,0,2013-02-20,19,5,1,3,3,263,362,0,27,0,0,1,0,0,0,0,0,0,0,28,637,494,1,27,22.75,0,1,2,25690.75,2,👨‍👩‍👧 Active Parent Shoppers,2,2,0.07471989718440955,❄️ Cold Lead
9422,1989,Graduation,Married,38360.0,1,0,2013-05-31,26,36,2,42,20,21,10,2,2,1,4,3,0,0,0,0,0,0,0,25,131,394,1,9,13.1,0,1,3,12786.666666666666,0,💤 Low Engagers,2,1,0.13836395548291744,❄️ Cold Lead
1966,1965,PhD,Married,84618.0,0,0,2013-11-22,96,684,100,801,21,66,0,1,6,9,10,2,0,0,1,0,0,0,0,49,1672,219,0,26,61.925925925925924,1,0,2,42309.0,1,🌟 High-Value Loyalists,4,1,0.05713301908621009,❄️ Cold Lead
6864,1989,Master,Divorced,10979.0,0,0,2014-05-22,34,8,4,10,2,2,4,2,3,0,3,5,0,0,0,0,0,0,0,25,30,38,0,8,3.3333333333333335,0,0,1,10979.0,0,💤 Low Engagers,3,0,0.008614148635791468,❄️ Cold Lead
3033,1963,Master,Together,38620.0,0,0,2013-05-11,56,112,17,44,34,22,89,1,2,5,3,3,0,0,0,0,0,0,0,51,318,414,0,11,26.5,0,0,2,19310.0,0,💤 Low Engagers,3,3,0.040058200056915856,❄️ Cold Lead
5710,1970,Graduation,Together,40548.0,0,1,2012-10-10,31,110,0,5,2,0,3,2,2,1,4,5,0,1,0,0,0,0,0,44,120,627,1,9,12.0,1,1,3,13516.0,0,💤 Low Engagers,2,3,0.33689931650899096,❄️ Cold Lead
7373,1952,PhD,Divorced,46610.0,0,2,2012-10-29,8,96,12,96,33,22,43,6,4,1,6,6,0,0,0,0,0,0,1,62,302,608,2,17,16.77777777777778,0,1,3,15536.666666666666,2,👨‍👩‍👧 Active Parent Shoppers,4,0,0.47882701108324993,🌤 Warm Lead
8755,1946,Master,Married,68657.0,0,0,2013-02-20,4,482,34,471,119,68,22,1,3,5,9,7,0,0,0,0,0,0,0,68,1196,494,0,18,62.94736842105263,0,0,2,34328.5,1,🌟 High-Value Loyalists,3,1,0.20114122655415512,❄️ Cold Lead
10738,1951,Master,Single,49389.0,1,1,2013-08-29,55,40,0,19,2,1,3,1,2,0,3,7,0,0,0,0,0,0,0,63,65,304,2,6,9.285714285714286,0,1,3,16463.0,0,💤 Low Engagers,3,2,0.00848171066092919,❄️ Cold Lead
4339,1970,PhD,Married,67353.0,0,1,2013-12-31,37,702,17,151,0,8,35,5,5,6,12,2,0,0,0,0,0,0,0,44,913,180,1,28,31.482758620689655,0,1,3,22451.0,2,👨‍👩‍👧 Active Parent Shoppers,4,1,0.013924708990305562,❄️ Cold Lead
10755,1976,Diploma,Married,23718.0,1,0,2013-09-02,76,6,3,14,15,7,36,3,3,1,2,7,0,0,0,0,0,0,0,38,81,300,1,9,8.1,0,1,3,7906.0,0,💤 Low Engagers,1,1,0.07934894631033172,❄️ Cold Lead
8595,1973,Graduation,Widow,42429.0,0,1,2014-02-11,99,55,0,6,2,0,4,2,1,1,3,5,0,0,0,0,0,0,0,41,67,138,1,7,8.375,0,1,2,21214.5,0,💤 Low Engagers,2,4,0.010092072060375127,❄️ Cold Lead
2968,1943,PhD,Divorced,48948.0,0,0,2013-02-01,53,437,8,206,160,49,42,2,7,10,5,6,1,0,0,0,0,0,1,71,902,513,0,24,36.08,1,0,1,48948.0,2,👨‍👩‍👧 Active Parent Shoppers,4,0,0.7959075995832419,🔥 Hot Lead
8601,1980,Graduation,Married,80011.0,0,1,2013-04-29,3,421,76,536,82,178,102,2,8,6,5,4,0,0,0,0,0,0,0,34,1395,426,1,21,63.40909090909091,0,1,3,26670.333333333332,2,👨‍👩‍👧 Active Parent Shoppers,2,1,0.1345004192192157,❄️ Cold Lead
503,1985,Master,Married,20559.0,1,0,2013-03-12,88,13,1,29,3,0,7,2,2,0,3,8,0,0,0,0,0,0,0,29,53,474,1,7,6.625,0,1,3,6853.0,0,💤 Low Engagers,3,1,0.050677748772486625,❄️ Cold Lead
8430,1957,Graduation,Together,21994.0,0,1,2012-12-24,4,9,0,6,3,1,3,1,0,0,3,5,0,0,0,0,0,0,0,57,22,552,1,4,4.4,0,1,3,7331.333333333333,0,💤 Low Engagers,2,3,0.07375963596996178,❄️ Cold Lead
7281,1959,PhD,Single,51381.5,0,0,2013-11-05,80,81,11,50,3,2,39,1,1,3,4,2,0,0,0,0,0,0,0,55,186,236,0,9,18.6,0,0,1,51381.5,1,🌟 High-Value Loyalists,4,2,0.03135679144748316,❄️ Cold Lead
2139,1975,Master,Married,7500.0,1,0,2013-10-02,19,3,1,10,3,2,12,3,2,0,3,5,0,0,0,0,0,0,0,39,31,270,1,8,3.4444444444444446,0,1,3,2500.0,0,💤 Low Engagers,3,1,0.024169351324551714,❄️ Cold Lead
1371,1976,Graduation,Single,79941.0,0,0,2014-06-28,72,123,164,266,227,30,174,1,2,4,9,1,0,0,0,0,0,0,0,38,984,1,0,16,57.88235294117647,0,0,1,79941.0,1,🌟 High-Value Loyalists,2,2,0.023448083752695217,❄️ Cold Lead
9909,1996,Diploma,Married,7500.0,0,0,2012-11-09,24,3,18,14,15,22,50,3,3,1,3,9,0,0,0,0,0,0,1,18,122,597,0,10,11.090909090909092,0,0,2,3750.0,0,💤 Low Engagers,1,1,0.6884359626061617,🌤 Warm Lead
7286,1968,Graduation,Together,41728.0,1,0,2013-05-24,92,13,6,15,3,5,13,1,2,0,2,10,0,0,0,0,0,0,0,46,55,401,1,5,9.166666666666666,0,1,3,13909.333333333334,0,💤 Low Engagers,2,3,0.02668619269192785,❄️ Cold Lead
7244,1951,Graduation,Single,51381.5,2,1,2014-01-01,96,48,5,48,6,10,7,3,2,1,4,6,0,0,0,0,0,0,0,63,124,179,3,10,11.272727272727273,0,1,4,12845.375,0,💤 Low Engagers,2,2,0.026894820460666255,❄️ Cold Lead
6566,1954,PhD,Married,72550.0,1,1,2012-11-08,39,826,50,317,50,38,38,9,5,2,12,8,0,0,0,0,0,0,0,60,1319,598,2,28,45.48275862068966,0,1,4,18137.5,2,👨‍👩‍👧 Active Parent Shoppers,4,1,0.1337708664324544,❄️ Cold Lead
8614,1957,Graduation,Widow,65486.0,0,1,2014-05-12,29,245,19,125,37,67,14,1,4,2,10,2,0,0,0,0,0,0,0,57,507,48,1,17,28.166666666666668,0,1,2,32743.0,2,👨‍👩‍👧 Active Parent Shoppers,2,4,0.018316351765018737,❄️ Cold Lead
4114,1964,Master,Married,79143.0,0,0,2012-08-11,2,650,37,780,27,167,32,1,6,9,13,3,0,0,0,0,0,0,0,50,1693,687,0,29,56.43333333333333,0,0,2,39571.5,1,🌟 High-Value Loyalists,3,1,0.21159177589584893,❄️ Cold Lead
1331,1977,Graduation,Single,35790.0,1,0,2013-01-02,54,12,6,20,30,1,3,2,2,0,3,7,0,0,0,0,0,0,0,37,72,543,1,7,9.0,0,1,2,17895.0,0,💤 Low Engagers,2,2,0.15682486909710897,❄️ Cold Lead
2225,1977,Graduation,Divorced,82582.0,0,0,2014-06-07,54,510,120,550,156,40,241,1,4,9,7,1,1,0,0,1,0,0,1,37,1617,22,0,21,73.5,2,0,1,82582.0,3,🏆 Champions,2,0,0.8634783434277431,🔥 Hot Lead
9381,1978,Graduation,Married,66373.0,1,1,2013-06-12,57,328,9,124,12,24,109,7,4,2,10,3,0,0,0,0,0,0,0,36,606,382,2,23,25.25,0,1,4,16593.25,2,👨‍👩‍👧 Active Parent Shoppers,2,1,0.007242714504662039,❄️ Cold Lead
6260,1955,Master,Together,82384.0,0,0,2012-11-19,55,984,51,432,180,120,190,1,3,10,13,1,0,0,1,0,0,0,1,59,1957,587,0,27,69.89285714285714,1,0,2,41192.0,1,🌟 High-Value Loyalists,3,3,0.2180049116914221,❄️ Cold Lead
10383,1966,Graduation,Divorced,70287.0,0,0,2013-04-02,30,295,35,482,121,120,40,1,5,5,10,3,0,0,0,0,0,0,1,48,1093,453,0,21,49.68181818181818,0,0,1,70287.0,1,🌟 High-Value Loyalists,2,0,0.7246341020200956,🔥 Hot Lead
7437,1988,Graduation,Single,27938.0,1,0,2014-04-28,31,13,0,8,2,1,5,1,1,0,4,3,0,0,0,0,0,0,0,26,29,62,1,6,4.142857142857143,0,1,2,13969.0,0,💤 Low Engagers,2,2,0.010544608206450716,❄️ Cold Lead
8557,1982,Graduation,Single,51381.5,1,0,2013-06-17,57,11,3,22,2,2,6,2,2,0,3,6,0,0,0,0,0,0,0,32,46,377,1,7,5.75,0,1,2,25690.75,0,💤 Low Engagers,2,2,0.005966097494002306,❄️ Cold Lead
8375,1968,PhD,Married,55954.0,0,1,2014-03-03,63,447,0,28,0,0,43,3,8,2,6,7,0,0,0,0,0,0,0,46,518,118,1,19,25.9,0,1,3,18651.333333333332,2,👨‍👩‍👧 Active Parent Shoppers,4,1,0.03682837656764164,❄️ Cold Lead
6853,1982,Master,Single,75777.0,0,0,2013-07-04,12,712,26,538,69,13,80,1,3,6,11,1,0,1,1,0,0,0,1,32,1438,360,0,21,65.36363636363636,2,0,1,75777.0,3,🏆 Champions,3,2,0.8672407720701849,🔥 Hot Lead
3076,1975,Graduation,Together,66653.0,1,1,2012-09-07,18,452,18,102,16,18,6,4,4,2,12,3,0,0,0,0,0,0,0,39,612,660,2,22,26.608695652173914,0,1,4,16663.25,2,👨‍👩‍👧 Active Parent Shoppers,2,3,0.06244217707928468,❄️ Cold Lead
1012,1952,Graduation,Single,61823.0,0,1,2013-02-18,26,523,7,134,37,14,169,4,8,2,10,7,0,0,0,0,0,0,0,62,884,496,1,24,35.36,0,1,2,30911.5,2,👨‍👩‍👧 Active Parent Shoppers,2,2,0.06460122858197058,❄️ Cold Lead
6518,1951,PhD,Widow,67680.0,0,1,2013-06-11,8,546,0,48,0,6,6,1,7,3,8,5,0,0,0,0,0,0,0,63,606,383,1,19,30.3,0,1,2,33840.0,2,👨‍👩‍👧 Active Parent Shoppers,4,4,0.13323060021447863,❄️ Cold Lead
4137,1948,Graduation,Together,70666.0,0,0,2013-12-06,29,398,40,367,119,122,30,1,7,4,4,4,0,0,0,0,0,0,0,66,1076,205,0,16,63.294117647058826,0,0,2,35333.0,1,🌟 High-Value Loyalists,2,3,0.04031005311945572,❄️ Cold Lead
8082,1971,Graduation,Married,25721.0,1,0,2013-05-21,75,1,3,6,3,6,15,1,1,1,2,7,0,0,0,0,0,0,1,43,34,404,1,5,5.666666666666667,0,1,3,8573.666666666666,0,💤 Low Engagers,2,1,0.5464351240999261,🌤 Warm Lead
1386,1967,Graduation,Together,32474.0,1,1,2014-05-11,0,10,0,1,0,0,0,1,1,0,2,7,0,0,0,0,0,0,0,47,11,49,2,4,2.2,0,1,4,8118.5,0,💤 Low Engagers,2,3,0.046010503791436605,❄️ Cold Lead
9369,1979,Diploma,Single,88194.0,0,1,2014-03-19,19,688,14,309,201,24,38,1,11,10,10,5,1,0,0,1,0,0,1,35,1274,102,1,32,38.60606060606061,2,1,2,44097.0,3,🏆 Champions,1,2,0.7387927196153236,🔥 Hot Lead
4477,1958,Graduation,Together,69096.0,0,1,2013-09-27,4,247,49,159,7,82,109,1,5,2,10,4,0,0,0,0,0,0,0,56,653,275,1,18,34.36842105263158,0,1,3,23032.0,2,👨‍👩‍👧 Active Parent Shoppers,2,3,0.03632454473832074,❄️ Cold Lead
1357,1970,Graduation,Together,74854.0,1,2,2013-04-08,90,856,59,487,58,29,73,7,2,5,5,5,0,0,0,0,0,0,0,44,1562,447,3,19,78.1,0,1,5,14970.8,2,👨‍👩‍👧 Active Parent Shoppers,2,3,0.04828194262021366,❄️ Cold Lead
1402,1954,Master,Married,66991.0,0,0,2012-09-11,1,496,36,460,189,60,12,3,4,8,6,3,0,0,0,0,0,0,0,60,1253,656,0,21,56.95454545454545,0,0,2,33495.5,1,🌟 High-Value Loyalists,3,1,0.30200200572032637,❄️ Cold Lead
10629,1973,Diploma,Married,51381.5,1,0,2012-09-14,25,25,3,43,17,4,17,3,3,0,3,8,0,0,0,0,0,0,0,41,109,653,1,9,10.9,0,1,3,17127.166666666668,0,💤 Low Engagers,1,1,0.25701731570248093,❄️ Cold Lead
6312,1959,Graduation,Married,65031.0,0,1,2013-03-17,29,258,107,291,84,37,86,4,10,3,13,7,0,0,0,0,0,0,0,55,863,469,1,30,27.838709677419356,0,1,3,21677.0,2,👨‍👩‍👧 Active Parent Shoppers,2,1,0.06551332924550576,❄️ Cold Lead
8132,1975,PhD,Married,60631.0,1,1,2013-04-05,88,565,6,65,0,6,19,5,9,2,8,7,0,1,0,0,0,0,0,39,661,450,2,24,26.44,1,1,4,15157.75,2,👨‍👩‍👧 Active Parent Shoppers,4,1,0.09214948818975205,❄️ Cold Lead
1050,1952,Graduation,Married,28332.0,0,0,2014-04-30,58,14,10,13,4,15,9,1,2,1,4,2,0,0,0,0,0,0,0,62,65,60,0,8,7.222222222222222,0,0,2,14166.0,0,💤 Low Engagers,2,1,0.005438236187811827,❄️ Cold Lead
5846,1977,Graduation,Divorced,40246.0,1,0,2012-12-19,68,2,1,6,2,1,1,1,1,0,2,6,0,0,0,0,0,0,0,37,13,557,1,4,2.6,0,1,2,20123.0,0,💤 Low Engagers,2,0,0.03342842390001959,❄️ Cold Lead
1859,1972,Master,Married,75251.0,0,0,2012-08-27,34,721,111,925,97,18,18,1,7,6,5,5,0,0,0,0,0,0,1,42,1890,671,0,19,94.5,0,0,2,37625.5,1,🌟 High-Value Loyalists,3,1,0.7327190094421582,🔥 Hot Lead
7503,1976,Graduation,Single,75825.0,0,0,2012-10-12,40,1032,105,779,137,105,51,0,5,8,9,4,1,0,0,0,0,0,1,38,2209,625,0,22,96.04347826086956,1,0,1,75825.0,3,🏆 Champions,2,2,0.7560358538269657,🔥 Hot Lead
10401,1976,Diploma,Together,26326.0,0,0,2013-09-04,12,1,0,5,0,3,9,1,0,0,3,3,0,0,0,0,0,1,0,38,18,298,0,4,3.6,0,0,2,13163.0,0,💤 Low Engagers,1,3,0.039352564993474,❄️ Cold Lead
1618,1965,Graduation,Together,56046.0,0,0,2013-01-02,9,577,0,64,0,0,51,2,10,1,8,8,1,0,0,0,0,0,1,49,692,543,0,21,31.454545454545453,1,0,2,28023.0,2,👨‍👩‍👧 Active Parent Shoppers,2,3,0.8132568933275377,🔥 Hot Lead
3332,1985,Graduation,Single,29760.0,1,0,2012-08-29,87,64,4,68,7,5,17,4,3,1,4,8,0,0,0,0,0,0,0,29,165,669,1,12,12.692307692307692,0,1,2,14880.0,0,💤 Low Engagers,2,2,0.252470270928561,❄️ Cold Lead
2261,1969,Graduation,Married,26304.0,1,0,2013-06-23,5,4,1,5,2,0,4,1,1,0,2,7,0,0,0,0,0,0,0,45,16,371,1,4,3.2,0,1,3,8768.0,0,💤 Low Engagers,2,1,0.047036749790651075,❄️ Cold Lead
5346,1973,Diploma,Married,23559.0,1,0,2013-07-03,87,25,5,19,7,0,23,3,3,0,3,7,0,0,0,0,0,0,0,41,79,361,1,9,7.9,0,1,3,7853.0,0,💤 Low Engagers,1,1,0.021160688047532496,❄️ Cold Lead
4119,1963,Master,Together,38620.0,0,0,2013-05-11,56,112,17,44,34,22,89,1,2,5,3,3,0,0,0,0,0,0,0,51,318,414,0,11,26.5,0,0,2,19310.0,0,💤 Low Engagers,3,3,0.040058200056915856,❄️ Cold Lead
535,1987,Graduation,Divorced,81361.0,0,0,2014-02-25,18,163,23,424,27,65,76,1,3,10,13,1,0,0,0,0,0,0,0,27,778,124,0,27,27.785714285714285,0,0,1,81361.0,1,🌟 High-Value Loyalists,2,0,0.05788142330379355,❄️ Cold Lead
5268,1960,Graduation,Married,29440.0,1,1,2013-08-11,95,17,8,14,10,4,3,2,1,0,4,7,0,0,0,0,0,0,0,54,56,322,2,7,7.0,0,1,4,7360.0,0,💤 Low Engagers,2,1,0.01570205567418408,❄️ Cold Lead
273,1970,Master,Married,36138.0,1,1,2013-07-16,48,130,0,16,0,0,5,5,3,1,4,7,0,1,0,0,0,0,0,44,151,348,2,13,10.785714285714286,1,1,4,9034.5,0,💤 Low Engagers,3,1,0.2864138758771027,❄️ Cold Lead
4452,1957,Graduation,Single,50388.0,0,1,2014-05-28,3,292,6,37,0,3,34,4,6,1,6,7,0,1,0,1,0,0,1,57,372,32,1,17,20.666666666666668,2,1,2,25194.0,2,👨‍👩‍👧 Active Parent Shoppers,2,2,0.6429533278707035,🌤 Warm Lead
8504,1973,Graduation,Married,79593.0,0,0,2014-05-12,70,350,60,568,110,133,145,1,5,6,7,2,0,0,1,0,0,0,0,41,1366,48,0,19,68.3,1,0,2,39796.5,1,🌟 High-Value Loyalists,2,1,0.031402706564298846,❄️ Cold Lead
771,1967,Graduation,Together,54178.0,0,1,2014-01-21,79,135,9,39,4,0,7,1,2,2,5,2,0,0,0,0,0,0,0,47,194,159,1,10,17.636363636363637,0,1,3,18059.333333333332,0,💤 Low Engagers,2,3,0.003933559910025508,❄️ Cold Lead
8996,1957,PhD,Married,51381.5,2,1,2012-11-19,4,230,42,192,49,37,53,12,7,2,8,9,0,0,0,0,0,0,0,57,603,587,3,29,20.1,0,1,5,10276.3,2,👨‍👩‍👧 Active Parent Shoppers,4,1,0.24380046795583482,❄️ Cold Lead
9235,1957,Graduation,Single,51381.5,1,1,2014-05-27,45,7,0,8,2,0,1,1,1,0,2,7,0,0,0,0,0,0,0,57,18,33,2,4,3.6,0,1,3,17127.166666666668,0,💤 Low Engagers,2,2,0.0017330850567862067,❄️ Cold Lead
5798,1973,Master,Together,51381.5,0,0,2013-11-23,87,445,37,359,98,28,18,1,2,4,8,1,0,0,0,0,0,0,0,41,985,218,0,15,61.5625,0,0,2,25690.75,1,🌟 High-Value Loyalists,3,3,0.009318585121728111,❄️ Cold Lead
11178,1972,Master,Single,42394.0,1,0,2014-03-23,69,15,2,10,0,1,4,1,1,0,3,7,0,0,0,0,0,0,0,42,32,98,1,5,5.333333333333333,0,1,2,21197.0,0,💤 Low Engagers,3,2,0.0022781715088902514,❄️ Cold Lead
2230,1970,PhD,Married,23626.0,1,0,2014-05-24,84,27,2,14,0,0,0,3,3,1,3,5,0,0,0,0,0,0,0,44,43,36,1,10,3.909090909090909,0,1,3,7875.333333333333,0,💤 Low Engagers,4,1,0.01338264718656483,❄️ Cold Lead
7516,1983,Graduation,Married,30096.0,1,0,2014-05-22,30,5,3,11,12,5,9,1,2,0,3,6,0,0,0,0,0,0,0,31,45,38,1,6,6.428571428571429,0,1,3,10032.0,0,💤 Low Engagers,2,1,0.006966586138603762,❄️ Cold Lead
7247,1960,Graduation,Widow,47916.0,0,1,2012-11-22,72,505,0,26,0,0,75,5,7,4,6,6,0,1,0,0,0,0,0,54,606,584,1,22,26.347826086956523,1,1,2,23958.0,2,👨‍👩‍👧 Active Parent Shoppers,2,4,0.28100856776781613,❄️ Cold Lead
11100,1972,Graduation,Divorced,51813.0,1,1,2013-04-11,37,51,2,7,0,1,2,2,2,0,3,7,0,0,0,0,0,0,0,42,63,444,2,7,7.875,0,1,3,17271.0,0,💤 Low Engagers,2,0,0.04340153336420385,❄️ Cold Lead
4646,1951,Diploma,Married,78497.0,0,0,2013-12-01,44,207,26,447,75,0,223,1,5,7,12,2,0,0,0,1,0,0,0,63,978,210,0,25,37.61538461538461,1,0,2,39248.5,1,🌟 High-Value Loyalists,1,1,0.044628684965953944,❄️ Cold Lead
3037,1983,PhD,Married,50150.0,0,0,2013-06-20,32,135,46,92,65,61,11,2,5,2,7,5,0,0,0,0,0,0,0,31,410,374,0,16,24.11764705882353,0,0,2,25075.0,0,💤 Low Engagers,4,1,0.027426082071853975,❄️ Cold Lead
1473,1960,Diploma,Single,47823.0,0,1,2013-07-23,0,53,1,5,2,1,10,2,2,0,3,8,0,0,0,0,0,0,0,54,72,341,1,7,9.0,0,1,2,23911.5,0,💤 Low Engagers,1,2,0.11963930541084129,❄️ Cold Lead
1016,1959,PhD,Single,34554.0,0,1,2014-03-30,43,41,1,6,2,0,5,2,2,0,3,6,0,0,0,0,0,0,0,55,55,91,1,7,6.875,0,1,2,17277.0,0,💤 Low Engagers,4,2,0.007233557086168736,❄️ Cold Lead
4518,1979,Graduation,Together,85693.0,0,1,2013-04-20,59,386,172,183,185,132,111,2,9,5,11,5,0,0,0,0,0,0,0,35,1169,435,1,27,41.75,0,1,3,28564.333333333332,2,👨‍👩‍👧 Active Parent Shoppers,2,3,0.023162284154121936,❄️ Cold Lead
9370,1945,PhD,Married,65846.0,0,0,2013-05-17,68,562,81,276,80,40,81,1,6,3,6,4,0,0,0,0,0,0,0,69,1120,408,0,16,65.88235294117646,0,0,2,32923.0,1,🌟 High-Value Loyalists,4,1,0.05701204730888116,❄️ Cold Lead
8908,1959,Graduation,Married,87195.0,0,0,2014-05-08,35,217,76,690,50,26,38,1,3,11,5,1,0,0,0,0,0,0,1,55,1097,52,0,20,52.23809523809524,0,0,2,43597.5,1,🌟 High-Value Loyalists,2,1,0.6916612678139958,🌤 Warm Lead
8373,1979,Basic,Together,24594.0,1,0,2013-12-10,94,1,3,6,10,0,9,1,1,0,3,5,0,0,0,0,0,0,0,35,29,201,1,5,4.833333333333333,0,1,3,8198.0,0,💤 Low Engagers,0,3,0.007781945350704173,❄️ Cold Lead
7533,1964,Graduation,Married,49096.0,1,1,2013-09-24,15,144,1,32,2,1,7,4,4,1,4,7,0,0,0,0,0,0,0,50,187,278,2,13,13.357142857142858,0,1,4,12274.0,0,💤 Low Engagers,2,1,0.17262396287573203,❄️ Cold Lead
2683,1969,Graduation,Married,52413.0,0,2,2013-02-02,56,295,106,271,75,98,65,4,6,4,12,6,0,0,0,0,0,0,0,45,910,512,2,26,33.7037037037037,0,1,4,13103.25,2,👨‍👩‍👧 Active Parent Shoppers,2,1,0.06705119818388935,❄️ Cold Lead
3629,1978,Graduation,Single,38557.0,1,0,2012-12-19,17,76,3,31,4,4,27,2,3,1,3,7,0,0,0,0,0,0,0,36,145,557,1,9,14.5,0,1,2,19278.5,0,💤 Low Engagers,2,2,0.4389470378278017,🌤 Warm Lead
10991,1960,Master,Married,89058.0,0,0,2012-12-07,18,454,194,106,31,22,43,1,5,4,4,2,0,0,0,0,0,0,0,54,850,569,0,14,56.666666666666664,0,0,2,44529.0,1,🌟 High-Value Loyalists,3,1,0.19011242126094122,❄️ Cold Lead
5077,1979,Graduation,Together,77298.0,0,1,2013-11-02,46,425,115,292,23,35,79,1,6,6,11,3,0,0,0,0,0,0,0,35,969,239,1,24,38.76,0,1,3,25766.0,2,👨‍👩‍👧 Active Parent Shoppers,2,3,0.0024116717240945493,❄️ Cold Lead
7431,1991,PhD,Single,68126.0,0,0,2012-11-10,40,1332,17,311,23,51,86,1,7,4,5,9,0,1,0,0,0,0,1,23,1820,596,0,17,101.11111111111111,1,0,1,68126.0,3,🏆 Champions,4,2,0.678032255170946,🌤 Warm Lead
3267,1963,Master,Together,57288.0,0,1,2014-06-25,27,527,0,21,0,0,60,3,8,1,8,6,0,1,0,0,0,0,0,51,608,4,1,20,28.952380952380953,1,1,3,19096.0,2,👨‍👩‍👧 Active Parent Shoppers,3,3,0.07930880018591796,❄️ Cold Lead
999,1991,Graduation,Single,86037.0,0,0,2013-01-02,95,490,44,125,29,20,22,1,6,7,11,3,0,1,1,0,0,0,1,23,730,543,0,25,28.076923076923077,2,0,1,86037.0,3,🏆 Champions,2,2,0.7601382977865855,🔥 Hot Lead
9215,1980,PhD,Married,43974.0,1,0,2012-12-12,19,378,0,101,0,0,72,5,6,4,6,7,0,0,0,0,0,0,0,34,551,564,1,21,25.045454545454547,0,1,3,14658.0,2,👨‍👩‍👧 Active Parent Shoppers,4,1,0.31980862987445496,❄️ Cold Lead
2286,1962,Graduation,Single,50785.0,1,1,2013-09-10,27,64,1,21,0,1,27,2,2,1,3,6,0,0,0,0,0,0,0,52,114,292,2,8,12.666666666666666,0,1,3,16928.333333333332,0,💤 Low Engagers,2,2,0.09048043525106916,❄️ Cold Lead
1592,1970,Graduation,Married,90765.0,0,0,2014-01-24,25,547,99,812,151,82,33,0,4,6,5,1,0,0,1,1,0,0,0,44,1724,156,0,15,107.75,2,0,2,45382.5,3,🏆 Champions,2,1,0.3810287446622826,❄️ Cold Lead
367,1978,Diploma,Married,36550.0,1,0,2013-02-19,74,47,90,94,123,103,120,5,9,1,5,9,0,0,0,0,0,0,0,36,577,495,1,20,27.476190476190474,0,1,3,12183.333333333334,2,👨‍👩‍👧 Active Parent Shoppers,1,1,0.13574718587017512,❄️ Cold Lead
5234,1967,Diploma,Together,30753.0,1,1,2013-07-11,85,12,5,25,0,9,30,2,1,1,3,5,0,0,0,0,0,0,0,47,81,353,2,7,10.125,0,1,4,7688.25,0,💤 Low Engagers,1,3,0.014890260486100957,❄️ Cold Lead
9862,1969,Graduation,Together,21918.0,1,0,2013-11-14,37,1,6,7,11,5,3,2,2,0,3,6,0,0,0,0,0,0,0,45,33,227,1,7,4.125,0,1,3,7306.0,0,💤 Low Engagers,2,3,0.013621298056117035,❄️ Cold Lead
9805,1953,Master,Together,56129.0,0,1,2013-06-20,65,320,48,133,39,72,48,4,6,2,10,4,0,0,0,0,0,0,0,61,660,374,1,22,28.695652173913043,0,1,3,18709.666666666668,2,👨‍👩‍👧 Active Parent Shoppers,3,3,0.007262088714757167,❄️ Cold Lead
6205,1967,Master,Single,32557.0,1,0,2014-02-24,13,34,3,29,0,4,10,3,2,1,3,5,0,0,0,0,0,0,1,47,80,125,1,9,8.0,0,1,2,16278.5,0,💤 Low Engagers,3,2,0.10348409671200538,❄️ Cold Lead
8442,1985,Master,Married,19510.0,2,0,2013-09-04,63,9,0,7,3,4,7,2,1,0,3,7,0,0,0,0,0,0,0,29,30,298,2,6,4.285714285714286,0,1,4,4877.5,0,💤 Low Engagers,3,1,0.004562442304458658,❄️ Cold Lead
7386,1976,Graduation,Divorced,30992.0,1,0,2013-04-22,83,17,0,14,7,3,2,1,1,0,3,7,0,0,0,0,0,0,0,38,43,433,1,5,7.166666666666667,0,1,2,15496.0,0,💤 Low Engagers,2,0,0.012822392476320993,❄️ Cold Lead
7215,1983,Graduation,Single,101970.0,0,0,2013-03-12,69,722,27,102,44,72,168,0,6,8,13,2,0,1,1,1,0,0,1,31,1135,474,0,27,40.535714285714285,3,0,1,101970.0,3,🏆 Champions,2,2,0.7497183437577717,🔥 Hot Lead
1491,1965,Diploma,Together,71488.0,0,0,2013-02-18,87,162,33,124,40,28,172,2,3,4,7,1,0,0,0,0,0,0,0,49,559,496,0,16,32.88235294117647,0,0,2,35744.0,1,🌟 High-Value Loyalists,1,3,0.031841428782941696,❄️ Cold Lead
11071,1984,Graduation,Single,79607.0,0,0,2013-04-21,37,450,133,951,173,0,216,1,3,6,6,1,0,0,0,0,0,0,1,30,1923,434,0,16,113.11764705882354,0,0,1,79607.0,1,🌟 High-Value Loyalists,2,2,0.7569908555031856,🔥 Hot Lead
3381,1953,Master,Married,54348.0,1,1,2014-06-08,51,70,0,16,0,0,4,2,2,0,4,6,0,0,0,0,0,0,0,61,90,21,2,8,10.0,0,1,4,13587.0,0,💤 Low Engagers,3,1,0.010116187253942619,❄️ Cold Lead
8268,1961,PhD,Married,51381.5,0,1,2013-07-11,23,352,0,27,10,0,15,3,6,1,7,6,0,0,0,0,0,0,0,53,404,353,1,17,22.444444444444443,0,1,3,17127.166666666668,2,👨‍👩‍👧 Active Parent Shoppers,4,1,0.0757039576288682,❄️ Cold Lead
11051,1956,PhD,Together,77376.0,1,1,2014-05-10,72,492,19,110,16,12,12,4,6,3,10,4,0,0,0,0,0,0,0,58,661,50,2,23,27.541666666666668,0,1,4,19344.0,2,👨‍👩‍👧 Active Parent Shoppers,4,3,0.010307223444851396,❄️ Cold Lead
8026,1952,Graduation,Married,62998.0,0,1,2013-09-30,10,120,58,73,65,89,58,5,5,4,5,5,0,0,0,0,0,0,0,62,463,272,1,19,23.15,0,1,3,20999.333333333332,2,👨‍👩‍👧 Active Parent Shoppers,2,1,0.10614941584553096,❄️ Cold Lead
433,1958,Master,Single,61331.0,1,1,2013-03-10,42,534,5,47,0,5,41,5,11,1,6,8,0,0,0,0,0,0,0,56,632,476,2,23,26.333333333333332,0,1,3,20443.666666666668,2,👨‍👩‍👧 Active Parent Shoppers,3,2,0.10850302163251359,❄️ Cold Lead
9597,1969,Graduation,Married,73448.0,0,0,2014-02-10,10,236,106,189,23,41,130,1,7,2,9,4,0,0,0,0,0,0,0,45,725,139,0,19,36.25,0,0,2,36724.0,1,🌟 High-Value Loyalists,2,1,0.11692182515921974,❄️ Cold Lead
1295,1963,Graduation,Married,51381.5,0,1,2013-08-11,96,231,65,196,38,71,124,1,6,5,7,4,0,0,0,0,0,0,0,51,725,322,1,19,36.25,0,1,3,17127.166666666668,2,👨‍👩‍👧 Active Parent Shoppers,2,1,0.018395145084730856,❄️ Cold Lead
5290,1964,PhD,Married,41551.0,1,1,2013-08-14,51,220,0,33,3,0,23,5,5,1,5,8,0,0,0,0,0,0,0,50,279,319,2,16,16.41176470588235,0,1,4,10387.75,0,💤 Low Engagers,4,1,0.10021161154780653,❄️ Cold Lead
1685,1967,PhD,Together,62981.0,0,0,2013-03-17,21,796,14,590,38,44,0,1,4,5,13,3,0,1,0,0,0,0,0,47,1482,469,0,23,61.75,1,0,2,31490.5,1,🌟 High-Value Loyalists,4,3,0.17998228596807386,❄️ Cold Lead
5342,1976,Basic,Divorced,9548.0,1,0,2012-08-08,31,0,1,3,10,6,9,2,1,0,3,8,0,0,0,0,0,0,0,38,29,690,1,6,4.142857142857143,0,1,2,4774.0,0,💤 Low Engagers,0,0,0.07237497593267225,❄️ Cold Lead
9579,1959,PhD,Married,33762.0,2,1,2013-07-07,61,53,1,34,2,0,16,3,2,2,2,8,0,0,0,0,0,0,0,55,106,357,3,9,10.6,0,1,5,6752.4,0,💤 Low Engagers,4,1,0.09801461285558506,❄️ Cold Lead
7660,1973,PhD,Single,35860.0,1,1,2014-05-19,37,15,0,8,4,2,20,2,1,1,2,5,1,0,0,0,0,0,1,41,49,41,2,6,7.0,1,1,3,11953.333333333334,0,💤 Low Engagers,4,2,0.6271979407670295,🌤 Warm Lead
1461,1965,PhD,Divorced,36921.0,1,1,2013-07-28,74,17,1,12,3,1,4,2,2,0,3,7,0,0,0,0,0,0,0,49,38,336,2,7,4.75,0,1,3,12307.0,0,💤 Low Engagers,4,0,0.004064393125712385,❄️ Cold Lead
821,1992,Master,Single,92859.0,0,0,2012-10-19,46,962,61,921,52,61,20,1,5,4,12,2,0,0,0,0,0,0,0,22,2077,618,0,22,90.30434782608695,0,0,1,92859.0,1,🌟 High-Value Loyalists,3,2,0.32092598226049945,❄️ Cold Lead
11084,1976,Master,Together,65104.0,0,1,2013-11-14,4,738,0,232,13,20,50,2,3,5,7,7,0,0,0,0,0,0,1,38,1053,227,1,17,58.5,0,1,3,21701.333333333332,2,👨‍👩‍👧 Active Parent Shoppers,3,3,0.12291872926721469,❄️ Cold Lead
8690,1962,Graduation,Married,86111.0,0,0,2013-04-19,73,399,28,756,36,40,126,1,5,7,10,2,0,0,0,0,0,0,0,52,1385,436,0,23,57.708333333333336,0,0,2,43055.5,1,🌟 High-Value Loyalists,2,1,0.06473206610422957,❄️ Cold Lead
2937,1974,PhD,Single,68352.0,0,1,2013-08-28,47,614,16,132,43,33,33,3,8,5,9,6,0,0,0,0,0,0,0,40,871,305,1,25,33.5,0,1,2,34176.0,2,👨‍👩‍👧 Active Parent Shoppers,4,2,0.028020380954308092,❄️ Cold Lead
9701,1988,Graduation,Together,41883.0,1,0,2013-03-19,13,32,34,41,73,16,116,3,4,2,3,7,0,0,0,0,0,0,0,26,312,467,1,12,24.0,0,1,3,13961.0,0,💤 Low Engagers,2,3,0.18187711595645306,❄️ Cold Lead
9949,1976,Graduation,Married,59809.0,0,2,2012-10-18,36,598,16,141,32,41,49,3,3,3,6,8,0,0,0,0,0,0,0,38,877,619,2,15,54.8125,0,1,4,14952.25,2,👨‍👩‍👧 Active Parent Shoppers,2,1,0.24189541465469275,❄️ Cold Lead
10837,1975,Graduation,Married,23957.0,1,0,2012-10-28,47,2,1,18,20,11,16,1,2,0,3,6,0,0,0,0,0,0,1,39,68,609,1,6,9.714285714285714,0,1,3,7985.666666666667,0,💤 Low Engagers,2,1,0.5814639899621058,🌤 Warm Lead
3120,1981,Graduation,Together,38547.0,1,0,2013-08-28,49,6,1,10,0,1,4,1,1,0,2,8,0,0,0,0,0,1,0,33,22,305,1,4,4.4,0,1,3,12849.0,0,💤 Low Engagers,2,3,0.03781850388209975,❄️ Cold Lead
5885,1973,Diploma,Married,35688.0,2,1,2012-08-22,94,73,3,90,12,1,32,7,4,1,4,8,0,0,0,0,0,0,0,41,211,676,3,16,12.411764705882353,0,1,5,7137.6,0,💤 Low Engagers,1,1,0.17904912128657688,❄️ Cold Lead
4050,1966,Master,Married,49605.0,0,0,2014-06-21,65,42,16,29,12,20,8,1,2,1,4,3,0,0,0,0,0,0,0,48,127,8,0,8,14.11111111111111,0,0,2,24802.5,0,💤 Low Engagers,3,1,0.005861487904089745,❄️ Cold Lead
3830,1953,Master,Married,59354.0,0,2,2014-04-24,59,295,21,78,39,13,13,1,4,4,7,3,0,0,0,0,0,0,0,61,459,66,2,16,27.0,0,1,4,14838.5,2,👨‍👩‍👧 Active Parent Shoppers,3,1,0.005195700888696947,❄️ Cold Lead
7987,1969,Graduation,Married,65747.0,0,1,2014-03-07,96,346,17,48,23,13,13,4,8,1,6,6,0,1,0,0,0,0,0,45,460,114,1,19,23.0,1,1,3,21915.666666666668,2,👨‍👩‍👧 Active Parent Shoppers,2,1,0.0173565739863054,❄️ Cold Lead
7798,1972,Diploma,Together,46344.0,0,1,2012-12-14,28,233,20,57,8,20,91,4,7,1,5,7,0,0,0,0,0,0,0,42,429,562,1,17,23.833333333333332,0,1,3,15448.0,2,👨‍👩‍👧 Active Parent Shoppers,1,3,0.17757613400615227,❄️ Cold Lead
92,1988,Graduation,Single,34176.0,1,0,2014-05-12,12,5,7,24,19,14,20,4,3,0,4,6,0,0,0,0,0,0,0,26,89,48,1,11,7.416666666666667,0,1,2,17088.0,0,💤 Low Engagers,2,2,0.03686870778593496,❄️ Cold Lead
7055,1952,PhD,Together,61010.0,0,1,2012-10-09,57,888,0,57,0,0,76,2,8,5,11,5,0,0,0,0,0,0,0,62,1021,628,1,26,37.81481481481482,0,1,3,20336.666666666668,2,👨‍👩‍👧 Active Parent Shoppers,4,3,0.17219176287589616,❄️ Cold Lead
10240,1949,Graduation,Together,69372.0,0,0,2013-02-19,10,997,26,269,34,13,42,1,10,4,6,4,0,1,1,0,0,0,1,65,1381,495,0,21,62.77272727272727,2,0,2,34686.0,3,🏆 Champions,2,3,0.8432478912014244,🔥 Hot Lead
3025,1958,Graduation,Single,49967.0,0,1,2013-07-08,4,212,6,69,4,12,3,3,6,1,5,7,0,0,0,0,0,0,0,56,306,356,1,15,19.125,0,1,2,24983.5,2,👨‍👩‍👧 Active Parent Shoppers,2,2,0.19212200165424387,❄️ Cold Lead
9283,1978,Graduation,Single,60199.0,1,2,2013-09-12,49,8,1,7,2,0,0,1,0,0,3,4,0,0,0,0,0,0,0,36,18,290,3,4,3.6,0,1,4,15049.75,0,💤 Low Engagers,2,2,0.002026967481078735,❄️ Cold Lead
9970,1977,Graduation,Together,55375.0,0,1,2013-10-17,3,42,11,57,10,28,14,1,1,1,6,2,0,0,0,0,0,0,0,37,162,255,1,9,16.2,0,1,3,18458.333333333332,0,💤 Low Engagers,2,3,0.12977838954224008,❄️ Cold Lead
2730,1955,Graduation,Single,80317.0,0,0,2013-08-20,64,536,11,387,149,91,57,1,3,4,10,1,0,0,0,0,0,0,0,59,1231,313,0,18,64.78947368421052,0,0,1,80317.0,1,🌟 High-Value Loyalists,2,2,0.06058703455760903,❄️ Cold Lead
2795,1958,Master,Single,30523.0,2,1,2013-07-01,0,5,0,3,0,0,5,1,1,0,2,7,0,0,0,0,0,0,0,56,13,363,3,4,2.6,0,1,4,7630.75,0,💤 Low Engagers,3,2,0.06591677093425777,❄️ Cold Lead
9260,1945,PhD,Married,70356.0,0,0,2012-11-05,20,1349,16,249,43,16,33,2,10,6,9,6,0,0,0,0,0,0,0,69,1706,601,0,27,60.92857142857143,0,0,2,35178.0,1,🌟 High-Value Loyalists,4,1,0.22759961916345817,❄️ Cold Lead
8182,1984,Graduation,Married,23228.0,1,0,2014-01-05,91,53,3,49,7,4,5,4,3,0,4,8,0,0,0,0,0,0,0,30,121,175,1,11,10.083333333333334,0,1,3,7742.666666666667,0,💤 Low Engagers,2,1,0.022026646199337092,❄️ Cold Lead
10095,1975,PhD,Divorced,74165.0,0,0,2013-05-01,9,1001,12,240,16,12,12,1,5,4,10,2,0,0,0,0,0,0,0,39,1293,424,0,20,61.57142857142857,0,0,1,74165.0,1,🌟 High-Value Loyalists,4,0,0.3048117397016497,❄️ Cold Lead
8475,1973,PhD,Married,157243.0,0,1,2014-03-01,98,20,2,1582,1,2,1,15,0,22,0,0,0,0,0,0,0,0,0,41,1608,120,1,37,42.31578947368421,0,1,3,52414.333333333336,1,🌟 High-Value Loyalists,4,1,0.060145547453637246,❄️ Cold Lead
4370,1966,Graduation,Together,43482.0,2,1,2013-11-13,83,18,1,32,6,3,28,3,2,0,4,6,0,0,0,0,0,0,0,48,88,228,3,9,8.8,0,1,5,8696.4,0,💤 Low Engagers,2,3,0.0065514613894150486,❄️ Cold Lead
10573,1953,Graduation,Divorced,62551.0,0,0,2013-11-18,27,125,16,98,134,21,27,1,6,7,4,3,1,0,0,0,0,0,0,61,421,223,0,18,22.157894736842106,1,0,1,62551.0,1,🌟 High-Value Loyalists,2,0,0.20487607871369345,❄️ Cold Lead
3712,1959,Graduation,Divorced,52332.0,0,0,2013-08-28,63,212,5,33,7,0,2,1,3,2,6,4,0,1,0,0,0,0,0,55,259,305,0,12,19.923076923076923,1,0,1,52332.0,1,🌟 High-Value Loyalists,2,0,0.08361651546262366,❄️ Cold Lead
6637,1988,Graduation,Single,66951.0,0,0,2013-11-02,46,277,162,305,173,76,124,1,3,4,7,1,0,0,0,0,0,0,0,26,1117,239,0,15,69.8125,0,0,1,66951.0,1,🌟 High-Value Loyalists,2,2,0.04914977720902444,❄️ Cold Lead
3152,1957,Graduation,Together,26091.0,1,1,2014-02-25,84,15,10,19,8,17,20,3,2,1,3,5,0,0,0,0,0,0,0,57,89,124,2,9,8.9,0,1,4,6522.75,0,💤 Low Engagers,2,3,0.016312556066152534,❄️ Cold Lead
5610,1965,Graduation,Together,33456.0,1,1,2014-04-21,58,7,3,10,8,1,7,2,1,0,3,7,0,0,0,0,0,0,0,49,36,69,2,6,5.142857142857143,0,1,4,8364.0,0,💤 Low Engagers,2,3,0.008524572898756546,❄️ Cold Lead
6460,1982,Graduation,Married,28718.0,1,0,2013-07-13,78,12,4,6,11,8,16,2,2,0,3,8,0,0,0,0,0,0,0,32,57,351,1,7,7.125,0,1,3,9572.666666666666,0,💤 Low Engagers,2,1,0.020808531092993143,❄️ Cold Lead
1349,1970,Graduation,Married,50447.0,2,0,2014-04-21,4,85,7,24,2,3,27,1,3,1,3,6,0,0,0,0,0,0,0,44,148,69,2,8,16.444444444444443,0,1,4,12611.75,0,💤 Low Engagers,2,1,0.32680896147806543,❄️ Cold Lead
1880,1959,PhD,Together,53537.0,1,1,2014-01-30,17,81,0,6,0,0,6,2,2,1,3,5,0,0,0,0,0,0,0,55,93,150,2,8,10.333333333333334,0,1,4,13384.25,0,💤 Low Engagers,4,3,0.061473416593499676,❄️ Cold Lead
641,1967,Graduation,Single,52074.0,0,1,2014-04-04,77,59,0,12,0,0,48,1,2,2,2,4,1,0,0,0,0,0,0,47,119,86,1,7,14.875,1,1,2,26037.0,0,💤 Low Engagers,2,2,0.0740611551840536,❄️ Cold Lead
8717,1975,PhD,Married,80427.0,0,1,2012-09-12,56,1149,71,449,69,71,26,1,11,8,8,5,0,0,0,0,0,0,0,39,1835,655,1,28,63.275862068965516,0,1,3,26809.0,2,👨‍👩‍👧 Active Parent Shoppers,4,1,0.1225620071426011,❄️ Cold Lead
10314,1948,PhD,Married,83837.0,0,0,2012-12-16,79,847,66,119,86,89,111,1,9,10,5,4,0,1,0,1,0,0,1,66,1318,560,0,25,50.69230769230769,2,0,2,41918.5,3,🏆 Champions,4,1,0.8564384756457784,🔥 Hot Lead
10854,1970,PhD,Married,38853.0,1,1,2014-05-23,90,29,0,14,0,0,2,2,2,0,3,7,0,0,0,0,0,0,0,44,45,37,2,7,5.625,0,1,4,9713.25,0,💤 Low Engagers,4,1,0.007817536932833118,❄️ Cold Lead
10492,1959,Graduation,Together,38285.0,2,1,2014-06-24,96,2,0,5,2,0,1,1,0,0,3,2,0,0,0,0,0,0,0,55,10,5,3,4,2.0,0,1,5,7657.0,0,💤 Low Engagers,2,3,0.014496743805084917,❄️ Cold Lead
6935,1951,Diploma,Married,78497.0,0,0,2013-12-01,44,207,26,447,75,0,223,1,5,7,12,2,0,0,0,1,0,0,0,63,978,210,0,25,37.61538461538461,1,0,2,39248.5,1,🌟 High-Value Loyalists,1,1,0.044628684965953944,❄️ Cold Lead
7698,1976,PhD,Married,51650.0,0,1,2014-05-11,81,152,3,22,2,5,7,1,4,1,4,5,0,0,0,0,0,0,0,38,191,49,1,10,17.363636363636363,0,1,3,17216.666666666668,0,💤 Low Engagers,4,1,0.007133960078515946,❄️ Cold Lead
3559,1988,Diploma,Married,16248.0,1,0,2014-05-10,77,12,11,10,3,12,9,3,2,1,3,6,0,0,0,0,0,0,0,26,57,50,1,9,5.7,0,1,3,5416.0,0,💤 Low Engagers,1,1,0.031856234465565604,❄️ Cold Lead
10562,1946,Master,Married,66835.0,0,0,2013-09-28,21,620,26,195,34,17,141,1,6,4,13,2,0,0,0,0,0,0,0,68,1033,274,0,24,41.32,0,0,2,33417.5,1,🌟 High-Value Loyalists,3,1,0.039497645999504956,❄️ Cold Lead
10796,1984,Master,Married,30477.0,1,0,2014-01-22,16,47,1,6,0,0,12,1,1,1,3,6,0,0,0,0,0,0,0,30,66,158,1,6,9.428571428571429,0,1,3,10159.0,0,💤 Low Engagers,3,1,0.22907098701001685,❄️ Cold Lead
2563,1961,Basic,Married,28249.0,0,0,2014-06-15,80,1,9,7,2,14,10,1,2,0,3,6,0,0,0,0,0,0,0,53,43,14,0,6,6.142857142857143,0,0,2,14124.5,0,💤 Low Engagers,0,1,0.005443293358737726,❄️ Cold Lead
3518,1983,Graduation,Married,25271.0,1,0,2012-12-05,45,10,1,18,10,4,7,1,1,1,2,9,0,0,0,0,0,0,0,31,50,571,1,5,8.333333333333334,0,1,3,8423.666666666666,0,💤 Low Engagers,2,1,0.18011358002369413,❄️ Cold Lead
5823,1970,PhD,Single,32303.0,0,1,2014-03-08,63,35,0,2,0,0,2,2,1,0,4,5,0,0,0,0,0,0,0,44,39,113,1,7,4.875,0,1,2,16151.5,0,💤 Low Engagers,4,2,0.004071767248002612,❄️ Cold Lead
3934,1966,Graduation,Married,61286.0,0,1,2013-08-02,34,356,0,107,19,9,117,2,7,1,8,5,0,0,0,0,0,0,0,48,608,331,1,18,32.0,0,1,3,20428.666666666668,2,👨‍👩‍👧 Active Parent Shoppers,2,1,0.011857700496785304,❄️ Cold Lead
6982,1976,Graduation,Married,74068.0,0,0,2013-03-19,14,783,30,537,140,76,15,1,4,10,9,2,0,0,0,0,0,0,0,38,1581,467,0,24,63.24,0,0,2,37034.0,1,🌟 High-Value Loyalists,2,1,0.27468354669025574,❄️ Cold Lead
6431,1964,PhD,Married,45759.0,1,1,2013-02-23,13,42,1,18,3,0,4,2,2,0,3,7,0,0,0,0,0,0,0,50,68,491,2,7,8.5,0,1,4,11439.75,0,💤 Low Engagers,4,1,0.097545174697352,❄️ Cold Lead
9733,1978,Basic,Together,24882.0,1,0,2012-09-09,52,1,4,10,29,0,36,1,1,1,2,6,1,0,0,0,0,0,0,36,80,658,1,5,13.333333333333334,1,1,3,8294.0,0,💤 Low Engagers,0,3,0.295993272545666,❄️ Cold Lead
5602,1989,PhD,Together,66973.0,0,0,2013-05-17,98,466,22,432,147,113,102,1,8,7,12,3,0,0,0,0,0,0,0,25,1282,408,0,28,44.206896551724135,0,0,2,33486.5,1,🌟 High-Value Loyalists,4,3,0.03516940512745761,❄️ Cold Lead
1324,1988,Graduation,Married,38872.0,1,0,2013-05-30,93,23,3,21,3,19,22,2,3,0,3,8,0,0,0,0,0,0,0,26,91,395,1,8,10.11111111111111,0,1,3,12957.333333333334,0,💤 Low Engagers,2,1,0.020020401900582373,❄️ Cold Lead
326,1973,Graduation,Married,51148.0,1,1,2013-02-18,38,235,6,45,8,9,12,4,5,1,6,6,0,0,0,0,0,0,0,41,315,496,2,16,18.529411764705884,0,1,4,12787.0,2,👨‍👩‍👧 Active Parent Shoppers,2,1,0.17899724239850215,❄️ Cold Lead
7224,1977,Graduation,Married,31353.0,1,1,2013-12-29,24,10,0,10,3,1,7,2,1,1,2,8,0,0,0,0,0,0,0,37,31,182,2,6,4.428571428571429,0,1,4,7838.25,0,💤 Low Engagers,2,1,0.5356646313084498,🌤 Warm Lead
6999,1980,Master,Married,69661.0,0,0,2014-05-13,80,656,16,106,32,16,8,1,7,3,12,3,0,0,0,0,0,0,0,34,834,47,0,23,34.75,0,0,2,34830.5,1,🌟 High-Value Loyalists,3,1,0.00415204090855537,❄️ Cold Lead
9938,1954,Graduation,Married,80067.0,0,0,2013-09-19,82,519,17,813,27,173,51,1,4,6,6,2,0,0,1,0,0,0,0,60,1600,283,0,17,88.88888888888889,1,0,2,40033.5,1,🌟 High-Value Loyalists,2,1,0.11007352951357671,❄️ Cold Lead
6422,1954,Graduation,Married,86718.0,0,0,2013-01-17,20,344,189,482,50,33,172,1,5,6,5,2,0,0,0,0,0,0,0,60,1270,528,0,17,70.55555555555556,0,0,2,43359.0,1,🌟 High-Value Loyalists,2,1,0.2675817703558656,❄️ Cold Lead
3182,1973,PhD,Single,46854.0,1,1,2014-03-31,81,96,1,79,7,1,79,6,5,1,3,8,1,0,0,0,0,0,1,41,263,90,2,15,16.4375,1,1,3,15618.0,0,💤 Low Engagers,4,2,0.18022251668564782,❄️ Cold Lead
7300,1952,Graduation,Divorced,69142.0,0,1,2014-06-29,50,448,4,34,6,4,39,3,8,1,7,5,0,1,0,0,0,0,0,62,535,0,1,19,26.75,1,1,2,34571.0,2,👨‍👩‍👧 Active Parent Shoppers,2,0,0.03278466233511761,❄️ Cold Lead
10424,1968,Graduation,Single,75922.0,0,0,2013-12-09,60,265,138,553,224,23,92,1,4,4,9,1,0,0,0,0,0,0,0,46,1295,202,0,18,68.15789473684211,0,0,1,75922.0,1,🌟 High-Value Loyalists,2,2,0.08636840460600377,❄️ Cold Lead
8727,1978,Graduation,Divorced,63693.0,0,1,2013-10-14,63,587,43,337,42,87,54,3,11,6,9,6,0,0,0,0,0,0,0,36,1150,258,1,29,38.333333333333336,0,1,2,31846.5,2,👨‍👩‍👧 Active Parent Shoppers,2,0,0.02038684025923364,❄️ Cold Lead
2798,1977,PhD,Together,102160.0,0,0,2012-11-02,54,763,29,138,76,176,58,0,7,9,10,4,0,1,1,1,0,0,1,37,1240,604,0,26,45.925925925925924,3,0,2,51080.0,3,🏆 Champions,4,3,0.9101528651333709,🔥 Hot Lead
1030,1965,PhD,Single,40637.0,1,1,2013-07-17,72,22,0,13,0,0,3,2,1,0,3,7,0,0,0,0,0,0,0,49,38,347,2,6,5.428571428571429,0,1,3,13545.666666666666,0,💤 Low Engagers,4,2,0.004024678941075169,❄️ Cold Lead
624,1984,Master,Single,18890.0,0,0,2012-11-10,5,6,4,1,7,2,15,1,0,1,2,6,1,0,0,0,0,0,1,30,35,596,0,4,7.0,1,0,1,18890.0,0,💤 Low Engagers,3,2,0.8212514686838381,🔥 Hot Lead
5176,1988,Graduation,Together,29604.0,1,0,2013-12-08,88,7,6,13,7,6,14,1,1,0,3,9,1,0,0,0,0,0,0,26,53,203,1,5,8.833333333333334,1,1,3,9868.0,0,💤 Low Engagers,2,3,0.016466934504697696,❄️ Cold Lead
5552,1963,Master,Divorced,48721.0,1,1,2013-05-13,50,81,18,113,47,13,21,6,4,2,5,6,0,0,0,0,0,0,0,51,293,412,2,17,16.27777777777778,0,1,3,16240.333333333334,2,👨‍👩‍👧 Active Parent Shoppers,3,0,0.05251616157771544,❄️ Cold Lead
868,1966,Graduation,Married,44794.0,0,1,2014-06-08,99,54,0,7,0,0,4,1,2,0,3,6,0,0,0,0,0,0,0,48,65,21,1,6,9.285714285714286,0,1,3,14931.333333333334,0,💤 Low Engagers,2,1,0.0036520505606657577,❄️ Cold Lead
380,1954,Graduation,Divorced,64497.0,0,1,2012-09-10,17,1170,48,320,42,32,192,5,11,4,9,8,1,0,0,0,0,0,1,60,1804,657,1,29,60.13333333333333,1,1,2,32248.5,2,👨‍👩‍👧 Active Parent Shoppers,2,0,0.7106145420568606,🔥 Hot Lead
2677,1956,Graduation,Together,46097.0,0,1,2013-03-31,11,72,24,68,65,4,8,5,3,1,6,4,0,0,0,0,0,0,0,58,241,455,1,15,15.0625,0,1,3,15365.666666666666,2,👨‍👩‍👧 Active Parent Shoppers,2,3,0.12719311103758865,❄️ Cold Lead
6521,1954,Graduation,Together,77972.0,0,0,2014-03-18,18,613,22,319,33,102,12,1,4,6,9,1,0,0,0,0,0,0,0,60,1101,103,0,20,52.42857142857143,0,0,2,38986.0,1,🌟 High-Value Loyalists,2,3,0.07043973629661635,❄️ Cold Lead
6927,1968,PhD,Married,44377.0,1,1,2012-10-05,70,224,0,30,0,0,10,8,5,1,5,8,0,0,0,0,0,0,0,46,264,632,2,19,13.2,0,1,4,11094.25,2,👨‍👩‍👧 Active Parent Shoppers,4,1,0.35383601742157117,❄️ Cold Lead
2877,1974,Master,Together,46014.0,1,1,2013-01-21,21,410,0,59,19,9,44,10,7,1,8,7,0,0,0,0,0,0,0,40,541,524,2,26,20.037037037037038,0,1,4,11503.5,2,👨‍👩‍👧 Active Parent Shoppers,3,3,0.308134736241195,❄️ Cold Lead
0,1985,Graduation,Married,70951.0,0,0,2013-05-04,66,239,10,554,254,87,54,1,3,4,9,1,0,0,0,0,0,0,0,29,1198,421,0,17,66.55555555555556,0,0,2,35475.5,1,🌟 High-Value Loyalists,2,1,0.01840817802989471,❄️ Cold Lead
1584,1977,Graduation,Married,41443.0,1,0,2014-04-01,79,171,7,171,25,19,89,6,8,1,5,8,0,0,0,0,0,0,0,37,482,89,1,20,22.952380952380953,0,1,3,13814.333333333334,0,💤 Low Engagers,2,1,0.06183474672589008,❄️ Cold Lead
7264,1978,Diploma,Single,52195.0,2,1,2014-05-12,2,12,0,4,0,0,1,1,1,0,2,8,0,0,0,0,0,0,0,36,17,48,3,4,3.4,0,1,4,13048.75,0,💤 Low Engagers,1,2,0.11558096287449418,❄️ Cold Lead
6274,1948,Master,Married,83790.0,0,0,2013-11-15,81,1076,16,417,42,48,16,1,8,10,6,3,0,1,1,0,0,0,0,66,1615,226,0,25,62.11538461538461,2,0,2,41895.0,3,🏆 Champions,3,1,0.24153501226378415,❄️ Cold Lead
1377,1954,Master,Widow,44551.0,0,1,2013-08-31,24,182,4,33,0,0,66,2,4,1,5,7,0,0,0,0,0,0,0,60,285,302,1,12,21.923076923076923,0,1,2,22275.5,0,💤 Low Engagers,3,4,0.1169068511438654,❄️ Cold Lead
454,1980,Graduation,Together,69508.0,1,0,2012-11-14,48,824,32,162,42,32,43,2,11,4,11,6,0,0,0,0,0,0,0,34,1135,592,1,28,39.13793103448276,0,1,3,23169.333333333332,2,👨‍👩‍👧 Active Parent Shoppers,2,3,0.03883289376245525,❄️ Cold Lead
1755,1988,Diploma,Together,45204.0,1,0,2014-04-11,93,30,11,25,29,1,18,1,1,1,4,3,0,0,0,0,0,0,0,26,114,79,1,7,14.25,0,1,3,15068.0,0,💤 Low Engagers,1,3,0.007289081111536521,❄️ Cold Lead
2075,1969,Graduation,Married,72460.0,0,0,2013-11-14,56,377,10,540,80,30,10,1,3,5,7,1,0,0,0,0,0,0,0,45,1047,227,0,16,61.588235294117645,0,0,2,36230.0,1,🌟 High-Value Loyalists,2,1,0.0051067249316153595,❄️ Cold Lead
4785,1970,PhD,Together,77622.0,0,2,2014-04-14,3,520,7,154,19,0,14,2,6,3,11,3,0,0,0,0,0,0,0,44,714,76,2,22,31.043478260869566,0,1,4,19405.5,2,👨‍👩‍👧 Active Parent Shoppers,4,3,0.03859322215370687,❄️ Cold Lead
9076,1980,PhD,Married,30732.0,1,0,2013-01-05,44,155,1,25,0,1,3,4,4,1,4,8,0,0,0,0,0,0,0,34,185,540,1,13,13.214285714285714,0,1,3,10244.0,0,💤 Low Engagers,4,1,0.21240724384305712,❄️ Cold Lead
7079,1962,Graduation,Divorced,63887.0,0,1,2012-09-08,38,897,23,207,15,11,92,5,9,6,12,6,0,0,0,0,0,0,0,52,1245,659,1,32,37.72727272727273,0,1,2,31943.5,2,👨‍👩‍👧 Active Parent Shoppers,2,0,0.08521315687847149,❄️ Cold Lead
4653,1978,Graduation,Together,42011.0,1,0,2013-03-26,46,131,0,16,2,1,39,4,3,1,4,8,0,0,0,0,0,0,0,36,189,460,1,12,14.538461538461538,0,1,3,14003.666666666666,0,💤 Low Engagers,2,3,0.136222795742774,❄️ Cold Lead
7375,1976,Graduation,Together,51369.0,0,1,2012-10-25,84,297,7,79,0,11,182,2,8,2,4,8,0,0,0,0,0,0,0,38,576,612,1,16,33.88235294117647,0,1,3,17123.0,2,👨‍👩‍👧 Active Parent Shoppers,2,3,0.16710602513943645,❄️ Cold Lead
709,1952,Graduation,Divorced,51537.0,0,1,2012-12-09,27,787,20,204,0,0,92,3,2,2,11,8,0,0,0,0,0,0,0,62,1103,567,1,18,58.05263157894737,0,1,2,25768.5,2,👨‍👩‍👧 Active Parent Shoppers,2,0,0.09383146907940139,❄️ Cold Lead
460,1972,PhD,Married,79930.0,0,0,2012-08-08,72,792,86,740,67,51,17,1,3,5,8,2,0,0,0,0,0,0,0,42,1753,690,0,17,97.38888888888889,0,0,2,39965.0,1,🌟 High-Value Loyalists,4,1,0.18016809241627196,❄️ Cold Lead
3726,1986,PhD,Together,34320.0,1,0,2014-02-16,66,4,1,9,3,0,0,1,1,0,2,8,0,0,0,0,0,0,0,28,17,133,1,4,3.4,0,1,3,11440.0,0,💤 Low Engagers,4,3,0.06399022674164002,❄️ Cold Lead
6798,1966,Graduation,Single,37070.0,1,1,2013-03-20,30,231,7,137,4,15,39,9,5,1,8,7,0,0,0,0,0,0,1,48,433,466,2,23,18.041666666666668,0,1,3,12356.666666666666,2,👨‍👩‍👧 Active Parent Shoppers,2,2,0.5497796215421507,🌤 Warm Lead
5341,1962,Diploma,Divorced,81975.0,0,1,2013-01-05,2,983,76,184,180,138,27,1,6,3,4,7,0,0,1,0,0,0,0,52,1588,540,1,14,105.86666666666666,1,1,2,40987.5,2,👨‍👩‍👧 Active Parent Shoppers,1,0,0.35461631087461454,❄️ Cold Lead
1606,1971,Graduation,Together,38590.0,1,0,2013-05-15,65,3,1,8,4,3,3,1,1,0,2,8,0,0,0,0,0,0,0,43,22,410,1,4,4.4,0,1,3,12863.333333333334,0,💤 Low Engagers,2,3,0.03456895174637154,❄️ Cold Lead
9617,1951,Graduation,Single,15033.0,0,0,2014-04-16,37,0,4,5,6,0,4,1,1,0,3,3,0,0,0,0,0,0,0,63,19,74,0,5,3.1666666666666665,0,0,1,15033.0,0,💤 Low Engagers,2,2,0.0033002888208443775,❄️ Cold Lead
3233,1965,PhD,Married,62745.0,0,1,2013-03-23,89,562,21,464,28,10,32,3,7,8,11,5,0,0,0,0,0,0,0,49,1117,463,1,29,37.233333333333334,0,1,3,20915.0,2,👨‍👩‍👧 Active Parent Shoppers,4,1,0.08086109822497534,❄️ Cold Lead
89,1975,Diploma,Married,22212.0,1,0,2013-12-09,49,5,9,20,6,8,21,2,2,0,4,6,0,0,0,0,0,0,0,39,69,202,1,8,7.666666666666667,0,1,3,7404.0,0,💤 Low Engagers,1,1,0.027984554253103405,❄️ Cold Lead
2936,1982,Master,Together,23661.0,1,0,2013-12-04,46,18,0,4,0,0,1,1,1,0,3,7,0,0,0,0,0,0,0,32,23,207,1,5,3.8333333333333335,0,1,3,7887.0,0,💤 Low Engagers,3,3,0.00519615269755909,❄️ Cold Lead
9449,1958,PhD,Single,79761.0,0,1,2013-10-04,32,415,5,124,15,35,11,1,5,2,11,3,0,0,0,0,0,0,0,56,605,268,1,19,30.25,0,1,2,39880.5,2,👨‍👩‍👧 Active Parent Shoppers,4,2,0.0320926086216936,❄️ Cold Lead
7297,1973,Graduation,Single,7500.0,1,0,2013-12-26,54,5,3,10,12,7,20,4,3,1,3,7,0,0,0,0,0,0,0,41,57,185,1,11,4.75,0,1,2,3750.0,0,💤 Low Engagers,2,2,0.0738956192810193,❄️ Cold Lead
313,1968,Graduation,Widow,73455.0,0,0,2013-10-28,98,901,61,757,186,163,20,1,6,5,10,3,0,1,0,0,0,0,0,46,2088,244,0,22,90.78260869565217,1,0,1,73455.0,1,🌟 High-Value Loyalists,2,4,0.48838749888315364,🌤 Warm Lead
9940,1958,Graduation,Together,64961.0,0,1,2012-12-23,97,382,114,276,75,124,38,2,6,4,4,3,0,0,0,0,0,0,0,56,1009,553,1,16,59.35294117647059,0,1,3,21653.666666666668,2,👨‍👩‍👧 Active Parent Shoppers,2,3,0.14688062102109625,❄️ Cold Lead
10735,1971,Graduation,Single,22804.0,1,0,2013-07-31,75,14,1,7,2,1,1,1,2,0,2,9,0,0,0,0,0,0,0,43,26,333,1,5,4.333333333333333,0,1,2,11402.0,0,💤 Low Engagers,2,2,0.014136429527284828,❄️ Cold Lead
9529,1990,Graduation,Married,73687.0,0,0,2013-11-28,8,559,153,503,218,13,181,1,3,9,9,2,0,0,0,1,0,0,1,24,1627,213,0,22,70.73913043478261,1,0,2,36843.5,1,🌟 High-Value Loyalists,2,1,0.7574036704098341,🔥 Hot Lead
6439,1958,Graduation,Married,61074.0,0,1,2012-08-17,37,789,0,133,0,28,152,7,11,5,8,7,0,0,0,0,0,0,0,56,1102,681,1,31,34.4375,0,1,3,20358.0,2,👨‍👩‍👧 Active Parent Shoppers,2,1,0.11067187902664863,❄️ Cold Lead
7411,1964,PhD,Married,31686.0,1,1,2014-06-05,31,11,0,5,0,0,1,2,1,0,3,6,0,0,0,0,0,0,0,50,17,24,2,6,2.4285714285714284,0,1,4,7921.5,0,💤 Low Engagers,4,1,0.011198938786788131,❄️ Cold Lead
2176,1972,Graduation,Married,80134.0,1,0,2013-05-20,40,1218,16,272,104,0,80,2,5,3,6,6,0,1,1,1,0,0,1,42,1690,405,1,16,99.41176470588235,3,1,3,26711.333333333332,3,🏆 Champions,2,1,0.9495215704992712,🔥 Hot Lead
9265,1953,Graduation,Married,75027.0,0,1,2013-01-09,74,925,64,179,133,12,77,2,9,4,6,5,0,0,0,0,0,0,0,61,1390,536,1,21,63.18181818181818,0,1,3,25009.0,2,👨‍👩‍👧 Active Parent Shoppers,2,1,0.11221395463346884,❄️ Cold Lead
8867,1988,PhD,Married,67546.0,0,0,2012-08-31,90,864,134,768,150,38,172,1,4,10,5,3,0,0,0,0,0,0,0,26,2126,667,0,20,101.23809523809524,0,0,2,33773.0,1,🌟 High-Value Loyalists,4,1,0.05164309555117001,❄️ Cold Lead
8932,1969,Master,Together,65176.0,0,1,2012-10-29,57,960,28,183,220,70,70,4,9,6,6,6,0,0,0,0,0,0,0,45,1531,608,1,25,58.88461538461539,0,1,3,21725.333333333332,2,👨‍👩‍👧 Active Parent Shoppers,3,3,0.2565179615162694,❄️ Cold Lead
10236,1975,Master,Single,31160.0,1,0,2013-09-16,59,16,3,25,6,1,13,2,2,0,3,8,0,0,0,0,0,0,0,39,64,286,1,7,8.0,0,1,2,15580.0,0,💤 Low Engagers,3,2,0.029831471615328467,❄️ Cold Lead
6340,1985,Graduation,Single,29938.0,1,0,2013-10-27,52,3,3,7,0,2,11,2,1,0,3,6,0,0,0,0,0,0,0,29,26,245,1,6,3.7142857142857144,0,1,2,14969.0,0,💤 Low Engagers,2,2,0.005412125429932024,❄️ Cold Lead
10089,1974,Graduation,Divorced,102692.0,0,0,2013-04-05,5,168,148,444,32,172,148,1,6,9,13,2,0,1,1,1,1,0,1,40,1112,450,0,29,37.06666666666667,4,0,1,102692.0,3,🏆 Champions,2,0,0.8569603459446098,🔥 Hot Lead
2227,1958,Diploma,Together,26490.0,0,0,2012-09-22,92,45,47,52,21,20,25,2,3,1,5,6,0,0,0,0,0,0,0,56,210,645,0,11,17.5,0,0,2,13245.0,0,💤 Low Engagers,1,3,0.1973192172851301,❄️ Cold Lead
10992,1967,Graduation,Together,75702.0,1,1,2012-08-29,77,650,28,353,45,42,30,5,4,6,11,8,0,0,0,0,0,0,0,47,1148,669,2,26,42.51851851851852,0,1,4,18925.5,2,👨‍👩‍👧 Active Parent Shoppers,2,3,0.046009099538828396,❄️ Cold Lead
5304,1974,PhD,Single,30899.0,1,0,2012-10-13,35,24,0,8,0,0,1,2,1,0,3,6,0,0,0,0,0,0,0,40,33,624,1,6,4.714285714285714,0,1,2,15449.5,0,💤 Low Engagers,4,2,0.1126324349313718,❄️ Cold Lead
309,1961,PhD,Together,63342.0,0,1,2012-10-16,48,918,21,118,13,10,21,3,8,3,5,6,0,1,0,0,0,0,0,53,1101,621,1,19,55.05,1,1,3,21114.0,2,👨‍👩‍👧 Active Parent Shoppers,4,3,0.750261783108021,🔥 Hot Lead
3406,1964,Graduation,Single,45989.0,0,1,2012-10-22,97,138,33,87,28,24,12,4,3,2,7,3,0,0,0,0,0,0,0,50,322,615,1,16,18.941176470588236,0,1,2,22994.5,2,👨‍👩‍👧 Active Parent Shoppers,2,2,0.11303634260845405,❄️ Cold Lead
2661,1964,Graduation,Single,18701.0,1,1,2013-06-04,95,12,4,2,10,6,10,4,2,0,4,5,0,0,0,0,0,0,0,50,44,390,2,10,4.0,0,1,3,6233.666666666667,0,💤 Low Engagers,2,2,0.006005943001186062,❄️ Cold Lead
3153,1957,PhD,Single,40737.0,2,1,2013-12-08,24,11,0,4,0,0,2,1,1,0,2,8,0,0,0,0,0,0,0,57,17,203,3,4,3.4,0,1,4,10184.25,0,💤 Low Engagers,4,2,0.03650162892078965,❄️ Cold Lead
10264,1979,Graduation,Divorced,15287.0,1,0,2012-10-10,60,1,2,8,4,3,13,2,1,1,2,7,1,0,0,0,0,0,1,35,31,627,1,6,4.428571428571429,1,1,2,7643.5,0,💤 Low Engagers,2,0,0.830413454503523,🔥 Hot Lead
1184,1968,PhD,Divorced,69674.0,0,2,2013-05-22,46,554,41,215,11,0,24,3,10,2,10,5,0,0,0,0,0,0,0,46,845,403,2,25,32.5,0,1,3,23224.666666666668,2,👨‍👩‍👧 Active Parent Shoppers,4,0,0.028702826815222703,❄️ Cold Lead
4200,1970,Master,Married,44159.0,1,0,2014-06-17,85,167,2,62,24,13,7,4,4,1,6,5,0,0,0,0,0,0,0,44,275,12,1,15,17.1875,0,1,3,14719.666666666666,0,💤 Low Engagers,3,1,0.007014600078472881,❄️ Cold Lead
9396,1978,PhD,Married,37717.0,1,0,2012-11-23,31,9,0,6,4,1,5,1,1,0,2,9,0,0,0,0,0,0,0,36,25,583,1,4,5.0,0,1,3,12572.333333333334,0,💤 Low Engagers,4,1,0.044422153804517805,❄️ Cold Lead
2387,1952,Master,Together,43776.0,1,1,2013-02-03,9,177,2,71,3,2,20,6,5,2,4,8,0,0,0,0,0,0,1,62,275,511,2,17,15.277777777777779,0,1,4,10944.0,2,👨‍👩‍👧 Active Parent Shoppers,3,3,0.7386892551753762,🔥 Hot Lead
6690,1966,Master,Married,38179.0,1,1,2013-03-14,30,38,4,22,4,2,20,4,3,1,3,7,0,0,0,0,0,0,0,48,90,472,2,11,7.5,0,1,4,9544.75,0,💤 Low Engagers,3,1,0.21778127373701195,❄️ Cold Lead
1225,1963,Graduation,Married,80124.0,0,0,2014-06-26,47,483,84,398,205,84,241,1,3,7,8,1,1,0,0,0,0,0,0,51,1495,3,0,19,74.75,1,0,2,40062.0,1,🌟 High-Value Loyalists,2,1,0.06571432653825161,❄️ Cold Lead
9703,1970,PhD,Married,38097.0,1,1,2012-10-15,70,77,2,35,0,1,69,4,3,2,2,7,1,0,0,0,0,0,1,44,184,622,2,11,15.333333333333334,1,1,4,9524.25,0,💤 Low Engagers,4,1,0.7714321958844036,🔥 Hot Lead
291,1970,Graduation,Married,72940.0,0,0,2013-06-19,13,182,74,298,162,149,116,1,3,3,6,1,0,0,0,0,0,0,0,44,981,375,0,13,70.07142857142857,0,0,2,36470.0,1,🌟 High-Value Loyalists,2,1,0.08438254608391624,❄️ Cold Lead
4557,1970,Graduation,Together,22070.0,1,0,2013-10-04,11,10,7,19,8,2,21,2,2,2,2,6,0,0,0,0,0,0,0,44,67,268,1,8,7.444444444444445,0,1,3,7356.666666666667,0,💤 Low Engagers,2,3,0.5734636908118267,🌤 Warm Lead
2379,1953,Graduation,Single,69267.0,0,0,2012-09-22,31,778,44,499,95,73,146,2,3,4,5,7,0,0,0,0,0,0,1,61,1635,645,0,14,109.0,0,0,1,69267.0,1,🌟 High-Value Loyalists,2,2,0.8138799164288387,🔥 Hot Lead
5726,1983,Master,Single,31788.0,1,0,2014-03-20,15,16,7,23,0,8,6,3,3,0,4,5,0,0,0,0,0,1,0,31,60,101,1,10,5.454545454545454,0,1,2,15894.0,0,💤 Low Engagers,3,2,0.022452240716455928,❄️ Cold Lead
3066,1975,PhD,Together,61905.0,0,1,2014-02-04,2,167,0,43,6,2,13,2,4,2,4,5,0,0,0,0,0,0,0,39,231,145,1,12,17.76923076923077,0,1,3,20635.0,0,💤 Low Engagers,4,3,0.1326801094256921,❄️ Cold Lead
6336,1960,Graduation,Married,29315.0,1,1,2014-04-06,55,13,2,14,8,7,4,4,2,0,4,6,0,0,0,0,0,0,0,54,48,84,2,10,4.363636363636363,0,1,4,7328.75,0,💤 Low Engagers,2,1,0.007638320049667239,❄️ Cold Lead
10967,1963,Graduation,Divorced,33378.0,1,1,2013-02-06,38,33,6,40,3,7,10,3,2,0,4,7,0,0,0,0,0,0,0,51,99,508,2,9,9.9,0,1,3,11126.0,0,💤 Low Engagers,2,0,0.08406675413780343,❄️ Cold Lead
2304,1963,PhD,Together,66313.0,0,1,2013-09-16,86,625,7,99,10,22,7,2,6,3,12,4,0,0,0,0,0,0,0,51,770,286,1,23,32.083333333333336,0,1,3,22104.333333333332,2,👨‍👩‍👧 Active Parent Shoppers,4,3,0.008619535178814492,❄️ Cold Lead
3445,1956,Graduation,Single,60714.0,0,0,2013-01-17,56,216,162,224,101,92,162,2,7,4,10,5,0,0,0,0,0,0,1,58,957,528,0,23,39.875,0,0,1,60714.0,1,🌟 High-Value Loyalists,2,2,0.22234367412267392,❄️ Cold Lead
7828,1981,Master,Together,77882.0,0,0,2014-04-30,29,68,129,396,188,22,15,1,3,3,5,1,0,0,0,0,0,0,0,33,818,60,0,12,62.92307692307692,0,0,2,38941.0,1,🌟 High-Value Loyalists,3,3,0.02069919536994458,❄️ Cold Lead
3762,1986,PhD,Single,69867.0,0,0,2013-04-02,30,196,0,512,33,130,54,1,3,5,8,1,0,0,0,1,0,0,1,28,925,453,0,17,51.388888888888886,1,0,1,69867.0,1,🌟 High-Value Loyalists,4,2,0.3913546526719992,❄️ Cold Lead
4391,1968,Master,Divorced,63841.0,0,1,2013-04-21,64,635,15,100,20,7,131,1,9,3,9,6,0,0,0,0,0,0,0,46,908,434,1,22,39.47826086956522,0,1,2,31920.5,2,👨‍👩‍👧 Active Parent Shoppers,3,0,0.01905967275263707,❄️ Cold Lead
4669,1981,Basic,Married,24480.0,1,0,2013-02-11,46,4,19,9,28,25,17,3,3,0,4,7,0,0,0,0,0,0,0,33,102,503,1,10,9.272727272727273,0,1,3,8160.0,0,💤 Low Engagers,0,1,0.07365631030762987,❄️ Cold Lead
10144,1976,Graduation,Together,51369.0,0,1,2012-10-25,84,297,7,79,0,11,182,2,8,2,4,8,0,0,0,0,0,0,0,38,576,612,1,16,33.88235294117647,0,1,3,17123.0,2,👨‍👩‍👧 Active Parent Shoppers,2,3,0.16710602513943645,❄️ Cold Lead
8652,1946,Graduation,Together,37760.0,0,0,2012-08-31,20,84,5,38,150,12,28,2,4,1,6,7,0,0,0,0,0,0,0,68,317,667,0,13,22.642857142857142,0,0,2,18880.0,2,👨‍👩‍👧 Active Parent Shoppers,2,3,0.27827274482282316,❄️ Cold Lead
1672,1974,PhD,Together,65640.0,0,1,2014-03-01,74,204,7,149,20,15,66,1,5,1,8,2,0,0,0,0,0,0,0,40,461,120,1,15,28.8125,0,1,3,21880.0,2,👨‍👩‍👧 Active Parent Shoppers,4,3,0.00457324416064949,❄️ Cold Lead
8962,1975,Master,Married,44319.0,1,1,2014-04-17,18,26,0,8,0,0,3,2,2,0,3,5,0,0,0,0,0,0,0,39,37,73,2,7,4.625,0,1,4,11079.75,0,💤 Low Engagers,3,1,0.044927058003764175,❄️ Cold Lead
9974,1974,Graduation,Married,30631.0,1,0,2013-07-12,75,15,6,20,4,5,20,1,3,1,2,7,0,0,0,0,0,0,0,40,70,352,1,7,8.75,0,1,3,10210.333333333334,0,💤 Low Engagers,2,1,0.08555817983781226,❄️ Cold Lead
10983,1952,Graduation,Together,75278.0,0,0,2013-01-29,17,304,98,230,150,74,74,1,6,3,13,3,0,0,0,0,0,0,0,62,930,516,0,23,38.75,0,0,2,37639.0,1,🌟 High-Value Loyalists,2,3,0.11658612585026534,❄️ Cold Lead
8148,1956,Master,Together,50898.0,1,1,2013-01-08,88,285,28,242,55,114,135,13,6,2,12,5,0,0,0,0,0,0,0,58,859,537,2,33,25.264705882352942,0,1,4,12724.5,2,👨‍👩‍👧 Active Parent Shoppers,3,3,0.06105998988143987,❄️ Cold Lead
10102,1966,Graduation,Widow,79946.0,0,0,2014-05-12,19,395,183,565,166,141,28,1,5,11,5,3,0,0,0,0,0,0,0,48,1478,48,0,22,64.26086956521739,0,0,1,79946.0,1,🌟 High-Value Loyalists,2,4,0.25443345179555454,❄️ Cold Lead
4697,1949,Master,Divorced,35416.0,0,0,2013-06-13,62,248,3,81,4,3,51,3,7,1,5,8,0,0,0,0,0,0,0,65,390,381,0,16,22.941176470588236,0,0,1,35416.0,0,💤 Low Engagers,3,0,0.16186701598086198,❄️ Cold Lead
9262,1984,Diploma,Together,32414.0,0,0,2013-07-04,11,20,6,5,0,9,12,1,1,0,3,7,1,0,0,0,0,0,0,30,52,360,0,5,8.666666666666666,1,0,2,16207.0,0,💤 Low Engagers,1,3,0.22408284730358755,❄️ Cold Lead
7254,1969,Graduation,Together,38361.0,1,0,2013-12-27,74,39,0,56,20,8,14,3,3,1,3,7,0,0,0,0,0,0,0,45,137,184,1,10,12.454545454545455,0,1,3,12787.0,0,💤 Low Engagers,2,3,0.04585601862184979,❄️ Cold Lead
4543,1980,Graduation,Married,82497.0,0,0,2012-10-31,32,777,129,573,216,21,203,1,2,7,9,4,0,0,1,0,0,0,0,34,1919,606,0,19,95.95,1,0,2,41248.5,3,🏆 Champions,2,1,0.3414738487277149,❄️ Cold Lead
4927,1971,Graduation,Together,16626.0,2,0,2014-01-15,76,8,3,22,21,1,13,3,3,0,3,9,0,0,0,0,0,0,0,43,68,165,2,9,6.8,0,1,4,4156.5,0,💤 Low Engagers,2,3,0.04115229378223674,❄️ Cold Lead
10451,1965,Graduation,Together,29672.0,1,1,2013-03-12,6,9,1,3,0,4,8,1,0,0,3,6,0,0,0,0,0,0,0,49,25,474,2,4,5.0,0,1,4,7418.0,0,💤 Low Engagers,2,3,0.0196269860138238,❄️ Cold Lead
2926,1952,Master,Together,55951.0,0,1,2012-08-23,62,1241,0,80,0,13,40,3,3,6,11,8,0,1,0,0,1,0,0,62,1374,675,1,23,57.25,2,1,3,18650.333333333332,2,👨‍👩‍👧 Active Parent Shoppers,3,3,0.32641944898498215,❄️ Cold Lead
2874,1988,Diploma,Divorced,35388.0,1,0,2013-03-07,20,6,4,7,4,3,8,1,1,0,3,7,0,0,0,0,0,0,0,26,32,479,1,5,5.333333333333333,0,1,2,17694.0,0,💤 Low Engagers,1,0,0.04750869473962824,❄️ Cold Lead
9738,1986,Master,Together,42386.0,1,0,2013-01-13,43,65,4,16,0,4,11,1,3,0,3,8,0,0,0,0,0,0,0,28,100,532,1,7,12.5,0,1,3,14128.666666666666,0,💤 Low Engagers,3,3,0.1262126794074996,❄️ Cold Lead
7119,1982,Graduation,Single,68627.0,0,0,2013-01-12,45,395,15,263,60,54,38,1,2,3,6,1,0,0,0,0,0,0,0,32,825,533,0,12,63.46153846153846,0,0,1,68627.0,1,🌟 High-Value Loyalists,2,2,0.07636799312818895,❄️ Cold Lead
3924,1965,PhD,Divorced,57912.0,0,1,2014-03-17,34,801,0,80,0,0,35,5,8,3,12,5,0,1,0,0,0,0,0,49,916,104,1,28,31.586206896551722,1,1,2,28956.0,2,👨‍👩‍👧 Active Parent Shoppers,4,0,0.03179900656203255,❄️ Cold Lead
5827,1958,Graduation,Divorced,35246.0,1,1,2014-04-16,53,36,0,12,2,2,10,4,3,1,3,5,0,0,0,0,0,0,0,56,62,74,2,11,5.166666666666667,0,1,3,11748.666666666666,0,💤 Low Engagers,2,0,0.010320320809241099,❄️ Cold Lead
5596,1956,Diploma,Together,58821.0,0,1,2013-10-12,44,513,14,154,19,0,28,1,9,2,9,6,0,0,0,0,0,0,0,58,728,260,1,21,33.09090909090909,0,1,3,19607.0,2,👨‍👩‍👧 Active Parent Shoppers,1,3,0.017299313793861428,❄️ Cold Lead
10812,1978,PhD,Married,46377.0,1,0,2014-03-01,89,37,0,46,4,3,0,1,2,1,3,4,0,0,0,0,0,0,0,36,90,120,1,7,11.25,0,1,3,15459.0,0,💤 Low Engagers,4,1,0.005610071332943464,❄️ Cold Lead
1717,1988,Graduation,Single,39747.0,1,0,2014-04-13,43,80,15,93,20,13,52,3,5,1,4,8,0,0,0,0,0,0,0,26,273,77,1,13,19.5,0,1,2,19873.5,0,💤 Low Engagers,2,2,0.08367227530425375,❄️ Cold Lead
9491,1984,Graduation,Together,23976.0,1,0,2013-12-27,68,14,1,21,2,3,25,3,3,1,3,7,0,0,0,0,0,0,0,30,66,184,1,10,6.0,0,1,3,7992.0,0,💤 Low Engagers,2,3,0.04679686208872023,❄️ Cold Lead
9274,1961,Master,Married,80950.0,0,0,2013-03-28,44,525,147,112,219,147,63,1,6,7,9,2,0,0,0,1,0,0,0,53,1213,458,0,23,50.541666666666664,1,0,2,40475.0,1,🌟 High-Value Loyalists,3,1,0.2968295046421339,❄️ Cold Lead
6609,1966,Graduation,Widow,27038.0,0,0,2012-09-18,64,1,26,25,17,23,15,1,3,0,3,9,0,0,0,0,0,0,1,48,107,649,0,7,13.375,0,0,1,27038.0,0,💤 Low Engagers,2,4,0.7313080201699694,🔥 Hot Lead
6963,1947,Graduation,Single,77457.0,0,0,2014-03-05,85,675,11,400,15,45,11,1,2,5,10,1,0,0,1,0,0,0,0,67,1157,116,0,18,60.89473684210526,1,0,1,77457.0,1,🌟 High-Value Loyalists,2,2,0.04854414630375084,❄️ Cold Lead
4440,1964,Master,Married,64100.0,0,1,2013-09-10,93,509,0,27,0,0,10,1,8,3,6,7,0,1,0,0,0,0,0,50,546,292,1,18,28.736842105263158,1,1,3,21366.666666666668,2,👨‍👩‍👧 Active Parent Shoppers,3,1,0.05329565090545775,❄️ Cold Lead
1379,1992,Master,Together,42670.0,0,0,2013-04-27,12,154,2,46,20,4,15,1,4,2,4,4,0,0,0,0,0,0,0,22,241,428,0,11,20.083333333333332,0,0,2,21335.0,0,💤 Low Engagers,3,3,0.09683752839029769,❄️ Cold Lead
10032,1976,Graduation,Divorced,12571.0,1,0,2014-01-18,86,3,5,14,2,12,17,4,3,1,3,6,0,0,0,0,0,0,0,38,53,162,1,11,4.416666666666667,0,1,2,6285.5,0,💤 Low Engagers,2,0,0.029042955602536523,❄️ Cold Lead
2826,1967,Graduation,Married,22574.0,2,1,2013-10-28,28,25,0,8,2,0,2,2,2,0,3,7,0,0,0,0,0,0,0,47,37,244,3,7,4.625,0,1,5,4514.8,0,💤 Low Engagers,2,1,0.013420332893286018,❄️ Cold Lead
2437,1989,Graduation,Married,51381.5,0,0,2013-06-03,69,861,138,461,60,30,61,1,6,5,12,3,0,1,0,1,0,0,0,25,1611,391,0,24,64.44,2,0,2,25690.75,3,🏆 Champions,2,1,0.14238377576893282,❄️ Cold Lead
6320,1976,Master,Single,70893.0,0,0,2013-02-06,42,768,44,561,77,44,14,1,6,6,10,3,0,0,0,0,0,0,0,38,1508,508,0,23,62.833333333333336,0,0,1,70893.0,1,🌟 High-Value Loyalists,3,2,0.4265226534519831,🌤 Warm Lead
3050,1966,Graduation,Married,54198.0,1,1,2013-12-17,13,185,0,28,3,2,17,6,3,1,6,4,0,0,0,0,0,0,0,48,235,194,2,16,13.823529411764707,0,1,4,13549.5,2,👨‍👩‍👧 Active Parent Shoppers,2,1,0.09461334482522474,❄️ Cold Lead
231,1956,Master,Together,28839.0,1,1,2014-03-11,86,24,0,7,0,0,1,2,2,0,3,5,0,0,0,0,0,0,0,58,32,110,2,7,4.0,0,1,4,7209.75,0,💤 Low Engagers,3,3,0.008587998254988238,❄️ Cold Lead
2392,1972,Graduation,Married,40321.0,1,1,2013-07-29,59,44,4,21,6,0,27,2,3,0,3,7,0,0,0,0,0,0,0,42,102,335,2,8,11.333333333333334,0,1,4,10080.25,0,💤 Low Engagers,2,1,0.013276058432320477,❄️ Cold Lead
9478,1985,Graduation,Single,66503.0,1,0,2012-08-14,30,91,64,128,65,3,50,2,4,3,6,3,0,0,0,0,0,0,0,29,401,684,1,15,25.0625,0,1,2,33251.5,2,👨‍👩‍👧 Active Parent Shoppers,2,2,0.1219130356661174,❄️ Cold Lead
113,1951,Graduation,Married,30833.0,1,1,2013-07-16,33,11,0,7,3,1,6,2,1,0,3,5,0,0,0,0,0,0,0,63,28,348,2,6,4.0,0,1,4,7708.25,0,💤 Low Engagers,2,1,0.020239668068050654,❄️ Cold Lead
2863,1970,Graduation,Single,51381.5,1,2,2013-08-23,67,738,20,172,52,50,20,6,2,3,10,7,0,1,0,1,0,0,0,44,1052,310,3,21,47.81818181818182,2,1,4,12845.375,2,👨‍👩‍👧 Active Parent Shoppers,2,2,0.09766689188029182,❄️ Cold Lead
1802,1971,Graduation,Married,64795.0,0,1,2013-01-17,23,412,5,119,38,29,77,3,3,3,12,2,0,0,0,0,0,0,0,43,680,528,1,21,30.90909090909091,0,1,3,21598.333333333332,2,👨‍👩‍👧 Active Parent Shoppers,2,1,0.06814658706729859,❄️ Cold Lead
520,1974,Graduation,Married,34421.0,1,0,2013-07-01,81,3,3,7,6,2,9,1,1,0,2,7,0,0,0,0,0,0,0,40,30,363,1,4,6.0,0,1,3,11473.666666666666,0,💤 Low Engagers,2,1,0.019557577605796996,❄️ Cold Lead
8275,1965,PhD,Divorced,47025.0,1,1,2014-02-09,6,16,0,3,0,0,1,1,1,0,2,7,0,0,0,0,0,0,0,49,20,140,2,4,4.0,0,1,3,15675.0,0,💤 Low Engagers,4,0,0.021169738337119923,❄️ Cold Lead
9750,1961,PhD,Divorced,64325.0,0,1,2013-02-07,41,731,60,353,78,12,73,5,10,3,5,7,0,0,0,0,0,0,0,53,1307,507,1,23,54.458333333333336,0,1,2,32162.5,2,👨‍👩‍👧 Active Parent Shoppers,4,0,0.2931711742534928,❄️ Cold Lead
2607,1953,Graduation,Single,40464.0,0,1,2013-01-11,78,424,17,118,7,23,41,6,8,2,8,8,0,0,0,0,0,0,0,61,630,534,1,24,25.2,0,1,2,20232.0,2,👨‍👩‍👧 Active Parent Shoppers,2,2,0.09083794342356541,❄️ Cold Lead
7214,1957,Graduation,Married,62187.0,0,0,2013-07-05,49,792,0,275,45,45,126,1,4,8,5,3,0,0,0,0,0,0,0,57,1283,359,0,18,67.52631578947368,0,0,2,31093.5,1,🌟 High-Value Loyalists,2,1,0.05035847662572076,❄️ Cold Lead
5835,1976,PhD,Divorced,14849.0,1,0,2013-07-02,39,21,2,28,3,2,9,3,2,0,4,8,0,0,0,0,0,0,0,38,65,362,1,9,6.5,0,1,2,7424.5,0,💤 Low Engagers,4,0,0.05076215048259952,❄️ Cold Lead
3896,1984,Graduation,Married,27255.0,1,0,2013-11-07,3,22,1,11,0,1,2,1,1,0,3,7,0,0,0,0,0,0,0,30,37,234,1,5,6.166666666666667,0,1,3,9085.0,0,💤 Low Engagers,2,1,0.03786028766836124,❄️ Cold Lead
10350,1950,PhD,Married,54432.0,2,1,2013-05-09,37,33,0,5,0,0,0,1,1,0,3,4,0,0,0,0,0,0,0,64,38,416,3,5,6.333333333333333,0,1,5,10886.4,0,💤 Low Engagers,4,1,0.009969648801174305,❄️ Cold Lead
7786,1986,PhD,Single,29999.0,1,0,2013-02-13,22,68,7,59,10,5,11,4,3,1,4,8,0,0,0,0,0,0,0,28,160,501,1,12,12.307692307692308,0,1,2,14999.5,0,💤 Low Engagers,4,2,0.3318070321366279,❄️ Cold Lead
2861,1983,Graduation,Single,24072.0,1,0,2013-04-16,79,9,1,6,3,0,4,1,1,0,2,8,0,0,0,0,0,0,0,31,23,439,1,4,4.6,0,1,2,12036.0,0,💤 Low Engagers,2,2,0.021935052384562708,❄️ Cold Lead
663,1989,PhD,Single,33996.0,0,0,2013-09-11,46,40,2,15,8,0,6,1,1,1,3,4,0,0,0,0,0,0,0,25,71,291,0,6,10.142857142857142,0,0,1,33996.0,0,💤 Low Engagers,4,2,0.017953996070149216,❄️ Cold Lead
10675,1956,PhD,Married,66334.0,0,1,2013-04-03,82,909,11,218,0,0,23,2,9,3,5,5,0,0,0,0,0,0,1,58,1161,452,1,19,58.05,0,1,3,22111.333333333332,2,👨‍👩‍👧 Active Parent Shoppers,4,1,0.526673706127478,🌤 Warm Lead
2521,1971,Master,Married,35178.0,1,0,2013-01-10,10,23,1,13,2,2,18,1,1,1,2,7,1,0,0,0,0,0,1,43,59,535,1,5,9.833333333333334,1,1,3,11726.0,0,💤 Low Engagers,3,1,0.9312208173813253,🔥 Hot Lead
9592,1983,Graduation,Together,22010.0,1,0,2013-06-30,51,11,2,9,3,0,8,2,2,0,3,8,0,0,0,0,0,0,0,31,33,364,1,7,4.125,0,1,3,7336.666666666667,0,💤 Low Engagers,2,3,0.01969471298601649,❄️ Cold Lead
10151,1960,Graduation,Divorced,62204.0,0,2,2012-09-12,38,317,46,247,151,46,139,1,4,5,12,3,0,0,0,0,0,0,0,54,946,655,2,22,41.130434782608695,0,1,3,20734.666666666668,2,👨‍👩‍👧 Active Parent Shoppers,2,0,0.0505529277404483,❄️ Cold Lead
7381,1968,Graduation,Divorced,75693.0,0,0,2012-12-06,10,797,153,293,72,97,30,1,11,4,6,4,0,1,1,1,0,0,1,46,1442,570,0,22,62.69565217391305,3,0,1,75693.0,3,🏆 Champions,2,0,0.9742330844184753,🔥 Hot Lead
4099,1972,Graduation,Married,30675.0,1,0,2012-11-12,14,10,2,16,11,2,21,1,1,0,3,8,0,0,0,0,0,0,0,42,62,594,1,5,10.333333333333334,0,1,3,10225.0,0,💤 Low Engagers,2,1,0.20149089982043533,❄️ Cold Lead
9560,1965,Graduation,Together,83003.0,0,0,2013-03-03,18,856,61,570,40,25,122,1,7,6,8,3,0,0,1,0,0,0,1,49,1674,483,0,22,72.78260869565217,1,0,2,41501.5,1,🌟 High-Value Loyalists,2,3,0.8106822684074896,🔥 Hot Lead
10172,1988,Graduation,Single,68655.0,0,0,2012-08-10,95,456,19,832,75,118,38,1,4,5,11,3,0,0,0,0,0,0,0,26,1538,688,0,21,69.9090909090909,0,0,1,68655.0,1,🌟 High-Value Loyalists,2,2,0.03379521855416725,❄️ Cold Lead
11191,1986,Graduation,Divorced,41411.0,0,0,2013-12-07,11,37,32,38,11,3,18,1,2,1,4,6,0,0,0,0,0,0,0,28,139,204,0,8,15.444444444444445,0,0,1,41411.0,0,💤 Low Engagers,2,0,0.1953402097588287,❄️ Cold Lead
9707,1969,PhD,Married,55212.0,0,1,2012-11-23,65,1103,0,45,0,0,34,3,4,2,11,8,0,1,0,0,1,0,0,45,1182,583,1,20,56.285714285714285,2,1,3,18404.0,2,👨‍👩‍👧 Active Parent Shoppers,4,1,0.19821837926110264,❄️ Cold Lead
6245,1950,PhD,Together,59292.0,0,1,2013-06-13,71,378,14,68,19,14,14,2,3,5,8,3,0,0,0,0,0,0,0,64,507,381,1,18,26.68421052631579,0,1,3,19764.0,2,👨‍👩‍👧 Active Parent Shoppers,4,3,0.0073727678368578475,❄️ Cold Lead
8234,1973,Basic,Together,27190.0,1,0,2013-08-15,13,1,6,7,0,1,3,1,1,0,2,8,1,0,0,0,0,0,1,41,18,318,1,4,3.6,1,1,3,9063.333333333334,0,💤 Low Engagers,0,3,0.6568671989671597,🌤 Warm Lead
1411,1952,Graduation,Divorced,82623.0,0,0,2013-11-10,58,204,34,204,172,153,173,1,2,9,4,1,0,0,0,0,0,0,0,62,940,231,0,16,55.294117647058826,0,0,1,82623.0,1,🌟 High-Value Loyalists,2,0,0.12568524347366367,❄️ Cold Lead
8553,1965,Graduation,Married,44300.0,1,1,2013-06-23,65,30,0,9,0,0,3,2,1,0,3,6,0,0,0,0,0,0,0,49,42,371,2,6,6.0,0,1,4,11075.0,0,💤 Low Engagers,2,1,0.005362200335171278,❄️ Cold Lead
1826,1970,Graduation,Divorced,84835.0,0,0,2014-06-16,0,189,104,379,111,189,218,1,4,4,6,1,0,0,0,0,0,0,1,44,1190,13,0,15,74.375,0,0,1,84835.0,1,🌟 High-Value Loyalists,2,0,0.7367314329600994,🔥 Hot Lead
8842,1971,Graduation,Widow,30372.0,1,1,2012-12-25,33,15,0,12,7,3,7,3,2,0,3,7,0,0,0,0,0,0,0,43,44,551,2,8,4.888888888888889,0,1,3,10124.0,0,💤 Low Engagers,2,4,0.061604200727878394,❄️ Cold Lead
11030,1976,Master,Married,33181.0,1,0,2014-01-03,90,9,0,3,0,0,4,1,1,0,2,6,1,0,0,0,0,0,0,38,16,177,1,4,3.2,1,1,3,11060.333333333334,0,💤 Low Engagers,3,1,0.051134232264246696,❄️ Cold Lead
2579,1957,Graduation,Married,71113.0,0,1,2013-12-17,95,495,33,255,11,33,8,4,6,7,9,4,0,0,0,0,0,0,0,57,835,194,1,26,30.925925925925927,0,1,3,23704.333333333332,2,👨‍👩‍👧 Active Parent Shoppers,2,1,0.003470358655652226,❄️ Cold Lead
175,1986,Graduation,Married,71952.0,1,0,2013-01-10,93,656,80,455,52,107,93,2,8,4,8,4,1,0,1,0,0,0,0,28,1443,535,1,22,62.73913043478261,2,1,3,23984.0,3,🏆 Champions,2,1,0.09606974103057427,❄️ Cold Lead
9185,1966,PhD,Single,69759.0,0,0,2013-10-28,38,452,20,514,13,30,0,3,4,6,5,3,0,0,0,0,0,0,1,48,1029,244,0,18,54.1578947368421,0,0,1,69759.0,1,🌟 High-Value Loyalists,4,2,0.6682710496124245,🌤 Warm Lead
11056,1974,Graduation,Married,72099.0,0,0,2012-10-27,18,546,91,410,119,0,22,1,3,4,10,1,0,0,0,0,0,0,0,40,1188,610,0,18,62.526315789473685,0,0,2,36049.5,1,🌟 High-Value Loyalists,2,1,0.1234949031713294,❄️ Cold Lead
9365,1976,PhD,Single,60000.0,0,1,2012-12-22,57,1048,0,217,0,0,12,5,11,3,5,6,0,0,0,0,0,0,0,38,1277,554,1,24,51.08,0,1,2,30000.0,2,👨‍👩‍👧 Active Parent Shoppers,4,2,0.20381122884374853,❄️ Cold Lead
6201,1978,Graduation,Single,38643.0,1,1,2013-11-29,45,22,2,14,0,1,10,2,2,0,3,7,0,0,0,0,0,1,0,36,49,212,2,7,6.125,0,1,3,12881.0,0,💤 Low Engagers,2,2,0.01286468697224276,❄️ Cold Lead
2061,1955,Graduation,Married,50737.0,0,1,2013-05-11,61,78,0,11,0,0,10,1,2,0,4,6,0,1,0,0,0,0,0,59,99,414,1,7,12.375,1,1,3,16912.333333333332,0,💤 Low Engagers,2,1,0.12223703426387729,❄️ Cold Lead
6184,1969,PhD,Married,68462.0,0,0,2012-12-12,6,561,64,785,84,128,48,1,3,3,8,1,0,0,0,0,0,0,0,45,1670,564,0,15,104.375,0,0,2,34231.0,1,🌟 High-Value Loyalists,4,1,0.18329122249437596,❄️ Cold Lead
6142,1943,Master,Married,65073.0,0,0,2013-08-20,65,629,17,177,69,0,8,1,5,3,5,2,0,0,0,0,0,1,0,71,900,313,0,14,60.0,0,0,2,32536.5,1,🌟 High-Value Loyalists,3,1,0.01793991780556074,❄️ Cold Lead
4107,1948,PhD,Together,46681.0,0,2,2013-10-08,52,269,15,69,15,19,38,2,4,6,4,5,0,0,0,0,0,0,0,66,425,264,2,16,25.0,0,1,4,11670.25,2,👨‍👩‍👧 Active Parent Shoppers,4,3,0.03258051793841463,❄️ Cold Lead
7274,1957,Graduation,Married,78618.0,0,0,2012-09-28,87,736,163,818,212,163,61,1,4,7,10,2,0,1,0,0,0,0,0,57,2153,639,0,22,93.6086956521739,1,0,2,39309.0,1,🌟 High-Value Loyalists,2,1,0.1440021022950142,❄️ Cold Lead
9336,1969,PhD,Widow,62187.0,0,1,2014-03-22,38,512,0,83,0,0,41,3,6,2,10,4,0,0,0,0,0,0,0,45,636,99,1,21,28.90909090909091,0,1,2,31093.5,2,👨‍👩‍👧 Active Parent Shoppers,4,4,0.02239802118739722,❄️ Cold Lead
2958,1978,Graduation,Married,28442.0,2,0,2014-02-24,53,19,3,10,11,8,6,3,2,1,4,4,0,0,0,0,0,0,0,36,57,125,2,10,5.181818181818182,0,1,4,7110.5,0,💤 Low Engagers,2,1,0.015512879309311866,❄️ Cold Lead
933,1978,PhD,Married,37717.0,1,0,2012-11-23,31,9,0,6,4,1,5,1,1,0,2,9,0,0,0,0,0,0,0,36,25,583,1,4,5.0,0,1,3,12572.333333333334,0,💤 Low Engagers,4,1,0.044422153804517805,❄️ Cold Lead
5837,1967,Graduation,Married,51479.0,1,1,2012-12-28,67,247,8,160,6,8,65,7,6,3,6,7,0,0,0,0,0,0,0,47,494,548,2,22,21.47826086956522,0,1,4,12869.75,2,👨‍👩‍👧 Active Parent Shoppers,2,1,0.1634128304954348,❄️ Cold Lead
10704,1969,Graduation,Single,54803.0,0,1,2012-08-21,65,404,0,92,28,27,142,2,6,2,9,4,0,0,0,0,0,0,0,45,693,677,1,19,34.65,0,1,2,27401.5,2,👨‍👩‍👧 Active Parent Shoppers,2,2,0.10651584547470973,❄️ Cold Lead
5125,1960,Graduation,Married,79530.0,0,0,2013-05-17,64,333,0,815,129,42,29,1,4,10,11,2,0,0,0,0,0,0,0,54,1348,408,0,26,49.925925925925924,0,0,2,39765.0,1,🌟 High-Value Loyalists,2,1,0.02247517248843307,❄️ Cold Lead
4432,1976,Graduation,Divorced,31615.0,1,0,2013-03-16,82,2,3,20,6,11,9,2,2,0,3,7,0,0,0,0,0,0,0,38,51,470,1,7,6.375,0,1,2,15807.5,0,💤 Low Engagers,2,0,0.035545555523066874,❄️ Cold Lead
5955,1962,Graduation,Together,72025.0,0,0,2012-11-17,27,833,33,549,151,133,233,1,4,3,8,3,0,0,0,0,0,0,0,52,1932,589,0,16,113.6470588235294,0,0,2,36012.5,1,🌟 High-Value Loyalists,2,3,0.23140404896972414,❄️ Cold Lead
2928,1975,PhD,Single,52614.0,0,1,2012-12-01,63,789,0,142,12,9,38,2,2,4,8,8,0,0,0,0,0,0,0,39,990,575,1,16,58.23529411764706,0,1,2,26307.0,2,👨‍👩‍👧 Active Parent Shoppers,4,2,0.13304752169530928,❄️ Cold Lead
5680,1984,Diploma,Married,35684.0,1,0,2014-04-22,66,10,4,7,0,6,3,1,1,0,3,6,0,0,0,0,0,0,0,30,30,68,1,5,5.0,0,1,3,11894.666666666666,0,💤 Low Engagers,1,1,0.0030362902722607405,❄️ Cold Lead
10313,1975,Graduation,Married,48178.0,1,1,2012-10-28,69,159,4,45,6,2,38,6,5,1,4,8,0,0,0,0,0,0,0,39,254,609,2,16,14.941176470588236,0,1,4,12044.5,0,💤 Low Engagers,2,1,0.28681791601950374,❄️ Cold Lead
2557,1970,Master,Single,29548.0,1,0,2013-08-29,52,7,1,6,3,1,11,1,1,1,2,4,1,0,0,0,0,0,0,44,29,304,1,5,4.833333333333333,1,1,2,14774.0,0,💤 Low Engagers,3,2,0.24803913192554788,❄️ Cold Lead
1245,1966,Graduation,Single,63810.0,0,1,2012-11-11,45,977,12,253,16,12,101,4,4,3,12,8,0,1,0,0,0,0,0,48,1371,595,1,23,57.125,1,1,2,31905.0,2,👨‍👩‍👧 Active Parent Shoppers,2,2,0.07744034629805431,❄️ Cold Lead
1519,1972,PhD,Single,38578.0,1,1,2013-06-22,2,38,4,22,3,3,3,3,3,0,3,8,0,0,0,0,0,0,1,42,73,372,2,9,7.3,0,1,3,12859.333333333334,0,💤 Low Engagers,4,2,0.15262631376916397,❄️ Cold Lead
10703,1975,Master,Single,46098.0,1,1,2012-08-18,86,57,0,27,0,0,36,4,3,2,2,8,0,0,0,0,0,0,0,39,120,680,2,11,10.0,0,1,3,15366.0,0,💤 Low Engagers,3,2,0.6165569019879839,🌤 Warm Lead
1726,1970,Graduation,Single,22585.0,0,0,2013-03-18,23,3,9,15,13,2,39,1,1,1,2,9,1,0,0,0,0,0,1,44,81,468,0,5,13.5,1,0,1,22585.0,0,💤 Low Engagers,2,2,0.8381777753507851,🔥 Hot Lead
4459,1989,Graduation,Single,30279.0,1,0,2012-12-30,13,10,4,14,4,4,1,1,1,0,3,8,0,0,0,0,0,0,0,25,37,546,1,5,6.166666666666667,0,1,2,15139.5,0,💤 Low Engagers,2,2,0.05607367301101254,❄️ Cold Lead
1729,1961,PhD,Together,66426.0,0,1,2013-10-02,14,1043,24,97,32,24,157,2,3,5,10,6,0,0,0,0,0,0,0,53,1377,270,1,20,65.57142857142857,0,1,3,22142.0,2,👨‍👩‍👧 Active Parent Shoppers,4,3,0.055452856684828314,❄️ Cold Lead
1517,1969,Graduation,Single,30822.0,1,0,2013-06-14,92,3,9,13,2,12,12,1,1,0,3,7,0,0,0,0,0,0,0,45,51,380,1,5,8.5,0,1,2,15411.0,0,💤 Low Engagers,2,2,0.008419418450650383,❄️ Cold Lead
2098,1969,PhD,Married,33581.0,2,0,2013-01-08,38,11,0,5,0,0,1,1,1,0,2,8,0,0,0,0,0,0,0,45,17,537,2,4,3.4,0,1,4,8395.25,0,💤 Low Engagers,4,1,0.05040323942715532,❄️ Cold Lead
9543,1985,Graduation,Married,19986.0,1,0,2013-11-14,74,3,6,5,0,2,6,1,0,0,3,7,0,0,0,0,0,0,0,29,22,227,1,4,4.4,0,1,3,6662.0,0,💤 Low Engagers,2,1,0.006144643593044249,❄️ Cold Lead
6878,1954,Graduation,Widow,27421.0,0,0,2012-12-12,14,43,12,96,78,40,55,3,4,1,6,7,0,0,0,0,0,0,0,60,324,564,0,14,21.6,0,0,1,27421.0,0,💤 Low Engagers,2,4,0.22910260228410617,❄️ Cold Lead
3310,1973,Diploma,Married,35688.0,2,1,2012-08-22,94,73,3,90,12,1,32,7,4,1,4,8,0,0,0,0,0,0,0,41,211,676,3,16,12.411764705882353,0,1,5,7137.6,0,💤 Low Engagers,1,1,0.17904912128657688,❄️ Cold Lead
2724,1981,Master,Single,36143.0,1,0,2014-03-30,33,12,0,1,0,0,6,1,0,1,2,3,0,0,0,0,0,0,0,33,19,91,1,4,3.8,0,1,2,18071.5,0,💤 Low Engagers,3,2,0.0474733244185261,❄️ Cold Lead
948,1971,Graduation,Single,10245.0,1,0,2013-05-15,32,4,7,7,6,4,13,3,1,2,2,5,0,0,0,0,0,0,0,43,41,410,1,8,4.555555555555555,0,1,2,5122.5,0,💤 Low Engagers,2,2,0.11467805332097201,❄️ Cold Lead
6720,1968,Master,Together,43795.0,0,1,2013-10-16,11,314,11,53,4,3,107,3,7,3,4,7,0,1,0,0,0,0,1,46,492,256,1,17,27.333333333333332,1,1,3,14598.333333333334,2,👨‍👩‍👧 Active Parent Shoppers,3,3,0.7863132428954164,🔥 Hot Lead
6202,1960,Graduation,Together,63381.0,0,1,2012-10-05,78,571,50,142,33,50,159,4,4,5,13,2,0,0,0,0,0,0,0,54,1005,632,1,26,37.22222222222222,0,1,3,21127.0,2,👨‍👩‍👧 Active Parent Shoppers,2,3,0.022763316175567944,❄️ Cold Lead
2066,1949,Graduation,Together,38823.0,0,1,2012-08-30,56,70,0,11,2,8,23,1,2,1,3,6,0,0,0,0,0,0,0,65,114,668,1,7,14.25,0,1,3,12941.0,0,💤 Low Engagers,2,3,0.3363935625390356,❄️ Cold Lead
9799,1968,PhD,Divorced,83664.0,1,1,2013-05-08,57,866,21,151,28,21,86,3,2,2,12,5,0,0,0,0,0,0,0,46,1173,417,2,19,58.65,0,1,3,27888.0,2,👨‍👩‍👧 Active Parent Shoppers,4,0,0.03556398674563154,❄️ Cold Lead
8318,1979,Graduation,Together,90300.0,0,0,2014-01-03,7,594,134,786,33,134,57,0,5,6,8,1,0,0,1,0,0,0,0,35,1738,177,0,19,86.9,1,0,2,45150.0,1,🌟 High-Value Loyalists,2,3,0.3194515037756465,❄️ Cold Lead
5642,1979,Master,Together,62499.0,1,0,2013-12-09,0,140,4,61,0,13,4,2,3,1,6,4,0,0,0,0,0,0,0,35,222,202,1,12,17.076923076923077,0,1,3,20833.0,0,💤 Low Engagers,3,3,0.1347682072756948,❄️ Cold Lead
2669,1993,Graduation,Single,74293.0,0,0,2014-05-04,66,375,152,335,93,91,81,1,5,4,6,2,0,0,0,0,0,0,0,21,1127,56,0,16,66.29411764705883,0,0,1,74293.0,1,🌟 High-Value Loyalists,2,2,0.03255908574341314,❄️ Cold Lead
455,1946,PhD,Married,51012.0,0,0,2013-04-18,86,102,9,63,2,9,24,1,4,1,4,6,0,0,0,0,0,0,0,68,209,437,0,10,19.0,0,0,2,25506.0,0,💤 Low Engagers,4,1,0.036451884169610684,❄️ Cold Lead
7683,1968,Master,Married,70777.0,0,1,2014-02-25,80,554,35,113,0,7,78,3,5,3,12,3,0,0,0,0,0,0,0,46,787,124,1,23,32.791666666666664,0,1,3,23592.333333333332,2,👨‍👩‍👧 Active Parent Shoppers,3,1,0.0015696979543957784,❄️ Cold Lead
3428,1991,PhD,Together,68682.0,0,0,2013-10-06,56,919,0,505,99,30,45,1,4,9,10,2,0,0,0,0,0,0,0,23,1598,266,0,24,63.92,0,0,2,34341.0,1,🌟 High-Value Loyalists,4,3,0.030569658948084232,❄️ Cold Lead
7414,1971,Graduation,Married,43824.0,1,1,2012-09-15,18,96,1,42,12,3,32,4,3,1,4,8,0,0,0,0,0,0,0,43,186,652,2,12,14.307692307692308,0,1,4,10956.0,0,💤 Low Engagers,2,1,0.5161576675860994,🌤 Warm Lead
6354,1984,Graduation,Together,15345.0,1,0,2012-08-31,51,5,2,16,3,2,19,2,1,1,2,8,0,0,0,0,0,0,1,30,47,667,1,6,6.714285714285714,0,1,3,5115.0,0,💤 Low Engagers,2,3,0.6341265701015765,🌤 Warm Lead
798,1987,Graduation,Single,23442.0,1,0,2012-12-24,71,2,0,6,8,6,5,1,1,0,3,7,0,0,0,0,0,0,0,27,27,552,1,5,4.5,0,1,2,11721.0,0,💤 Low Engagers,2,2,0.02045582861437662,❄️ Cold Lead
8213,1980,Diploma,Together,14515.0,1,0,2012-11-09,71,6,4,9,6,36,35,4,2,2,3,7,0,0,0,0,0,0,1,34,96,597,1,11,8.0,0,1,3,4838.333333333333,0,💤 Low Engagers,1,3,0.6313414743076573,🌤 Warm Lead
2488,1956,Diploma,Divorced,31395.0,1,1,2013-03-23,80,23,1,25,0,8,7,4,2,1,3,6,0,0,0,0,0,0,0,58,64,463,2,10,5.818181818181818,0,1,3,10465.0,0,💤 Low Engagers,1,0,0.07165586523841348,❄️ Cold Lead
9999,1965,Graduation,Together,75276.0,0,0,2012-09-27,2,610,105,125,137,42,21,1,9,4,9,5,0,0,0,0,0,0,0,49,1040,640,0,23,43.333333333333336,0,0,2,37638.0,1,🌟 High-Value Loyalists,2,3,0.24933998445821068,❄️ Cold Lead
7617,1974,Graduation,Single,42373.0,1,1,2013-08-15,83,67,5,61,3,8,19,5,2,1,5,5,0,0,0,0,0,0,0,40,163,318,2,13,11.642857142857142,0,1,3,14124.333333333334,0,💤 Low Engagers,2,2,0.03903863020355629,❄️ Cold Lead
615,1960,Graduation,Together,30507.0,0,0,2013-03-11,29,65,36,74,38,20,110,1,5,1,4,7,0,0,0,0,0,0,0,54,343,475,0,11,28.583333333333332,0,0,2,15253.5,0,💤 Low Engagers,2,3,0.1552903457528389,❄️ Cold Lead
2552,1955,PhD,Single,55521.0,1,2,2013-10-22,11,416,0,26,0,0,4,9,6,3,6,7,0,1,0,0,0,0,1,59,446,250,3,24,17.84,1,1,4,13880.25,2,👨‍👩‍👧 Active Parent Shoppers,4,2,0.7388715694409469,🔥 Hot Lead
194,1965,Graduation,Married,48006.0,1,1,2014-06-09,55,23,0,11,3,2,2,1,1,0,3,6,0,0,0,0,0,0,0,49,41,20,2,5,6.833333333333333,0,1,4,12001.5,0,💤 Low Engagers,2,1,0.0017631011713329487,❄️ Cold Lead
3645,1972,PhD,Single,27213.0,1,0,2012-08-30,19,19,3,26,10,9,3,3,2,0,4,8,0,0,0,0,0,0,1,42,70,668,1,9,7.0,0,1,2,13606.5,0,💤 Low Engagers,4,2,0.6835728321197341,🌤 Warm Lead
8890,1971,PhD,Divorced,65808.0,1,1,2014-05-30,1,155,7,80,13,7,10,3,5,1,5,6,0,0,0,0,0,0,0,43,272,30,2,14,18.133333333333333,0,1,3,21936.0,0,💤 Low Engagers,4,0,0.1684295731432244,❄️ Cold Lead
5049,1974,PhD,Together,30351.0,1,0,2013-06-06,19,14,0,24,3,3,2,1,3,0,2,9,0,0,0,0,0,0,0,40,46,388,1,6,6.571428571428571,0,1,3,10117.0,0,💤 Low Engagers,4,3,0.1343539496108887,❄️ Cold Lead
9973,1963,Graduation,Married,50437.0,0,2,2012-10-17,28,370,9,92,6,9,4,3,7,1,8,7,0,0,0,0,0,0,0,51,490,620,2,19,24.5,0,1,4,12609.25,2,👨‍👩‍👧 Active Parent Shoppers,2,1,0.21890760929181272,❄️ Cold Lead
7301,1982,Diploma,Single,23616.0,1,0,2012-11-17,76,4,22,11,3,7,32,2,3,0,3,8,0,0,0,0,0,0,1,32,79,589,1,8,8.777777777777779,0,1,2,11808.0,0,💤 Low Engagers,1,2,0.6278783201333661,🌤 Warm Lead
10882,1976,Graduation,Married,53858.0,0,1,2012-11-09,50,407,53,221,58,150,26,4,4,3,6,4,0,0,0,0,0,0,0,38,915,597,1,17,50.833333333333336,0,1,3,17952.666666666668,2,👨‍👩‍👧 Active Parent Shoppers,2,1,0.1408132277875498,❄️ Cold Lead
7030,1955,PhD,Married,66465.0,0,1,2013-03-30,1,1200,0,204,38,29,14,3,11,9,12,6,0,0,0,1,0,0,0,59,1485,456,1,35,41.25,1,1,3,22155.0,2,👨‍👩‍👧 Active Parent Shoppers,4,1,0.1954225706278438,❄️ Cold Lead
7422,1987,Graduation,Single,46923.0,1,0,2012-08-22,90,85,44,54,102,78,6,3,5,1,7,7,0,0,0,0,0,0,0,27,369,676,1,16,21.705882352941178,0,1,2,23461.5,0,💤 Low Engagers,2,2,0.11734324552304504,❄️ Cold Lead
3523,1962,Graduation,Together,75072.0,0,1,2013-01-23,83,583,34,309,0,22,125,2,5,4,8,3,0,0,0,0,0,0,0,52,1073,522,1,19,53.65,0,1,3,25024.0,2,👨‍👩‍👧 Active Parent Shoppers,2,3,0.026519228177378378,❄️ Cold Lead
7106,1943,PhD,Married,75865.0,0,0,2014-03-31,73,483,0,591,156,0,12,1,3,5,10,1,0,0,0,0,0,0,0,71,1242,90,0,19,62.1,0,0,2,37932.5,1,🌟 High-Value Loyalists,4,1,0.00548213123378795,❄️ Cold Lead
6504,1975,Diploma,Together,19789.0,1,0,2013-11-20,24,2,5,9,28,6,28,3,2,1,3,5,1,0,0,0,0,0,0,39,78,221,1,9,7.8,1,1,3,6596.333333333333,0,💤 Low Engagers,1,3,0.31149873520081534,❄️ Cold Lead
5067,1994,Graduation,Together,80134.0,0,0,2014-02-14,11,966,26,282,52,26,26,1,2,7,11,5,0,1,1,1,1,0,0,20,1378,135,0,21,62.63636363636363,4,0,2,40067.0,3,🏆 Champions,2,3,0.17133691754617966,❄️ Cold Lead
4216,1981,Graduation,Single,91065.0,0,0,2013-02-22,33,822,114,108,179,137,114,1,7,9,9,3,0,0,1,1,0,0,1,33,1474,492,0,26,54.592592592592595,2,0,1,91065.0,3,🏆 Champions,2,2,0.9786789058351277,🔥 Hot Lead
8581,1971,Master,Married,49505.0,1,1,2013-03-05,4,604,0,100,19,0,28,9,10,2,8,8,0,0,0,0,0,0,0,43,751,481,2,29,25.033333333333335,0,1,4,12376.25,2,👨‍👩‍👧 Active Parent Shoppers,3,1,0.19704928771617763,❄️ Cold Lead
5929,1973,PhD,Married,37401.0,1,0,2014-05-06,14,19,3,19,3,1,3,2,2,0,3,7,0,0,0,0,0,0,0,41,48,54,1,7,6.0,0,1,3,12467.0,0,💤 Low Engagers,4,1,0.021805875699166602,❄️ Cold Lead
3129,1983,Graduation,Married,30096.0,1,0,2014-05-22,30,5,3,11,12,5,9,1,2,0,3,6,0,0,0,0,0,0,0,31,45,38,1,6,6.428571428571429,0,1,3,10032.0,0,💤 Low Engagers,2,1,0.006966586138603762,❄️ Cold Lead
6528,1982,Master,Together,18492.0,1,0,2014-06-05,75,2,2,2,2,1,1,1,1,0,2,8,0,0,0,0,0,0,0,32,10,24,1,4,2.0,0,1,3,6164.0,0,💤 Low Engagers,3,3,0.0220102715549846,❄️ Cold Lead
1361,1974,Master,Married,82584.0,0,0,2013-06-04,26,1076,68,103,29,91,68,1,3,4,8,1,0,1,1,0,0,0,1,40,1435,390,0,16,84.41176470588235,2,0,2,41292.0,3,🏆 Champions,3,1,0.7632850056520266,🔥 Hot Lead
6932,1941,PhD,Married,93027.0,0,0,2013-04-13,77,1285,42,716,55,0,21,0,7,10,5,2,0,0,1,0,0,0,0,73,2119,442,0,22,92.1304347826087,1,0,2,46513.5,1,🌟 High-Value Loyalists,4,1,0.12937129346680112,❄️ Cold Lead
7284,1953,Graduation,Married,48686.0,1,2,2013-12-04,8,10,0,7,2,0,1,1,1,0,2,8,0,0,0,0,0,0,0,61,20,207,3,4,4.0,0,1,5,9737.2,0,💤 Low Engagers,2,1,0.06012587104131316,❄️ Cold Lead
1340,1986,Graduation,Married,92910.0,0,0,2014-04-24,42,551,137,792,179,103,33,1,6,7,13,1,0,1,1,1,0,0,0,28,1795,66,0,27,64.10714285714286,3,0,2,46455.0,3,🏆 Champions,2,1,0.16465283125318161,❄️ Cold Lead
8746,1989,Graduation,Married,75433.0,1,0,2014-04-05,28,800,0,297,0,34,57,2,2,5,10,6,0,1,0,1,0,0,0,25,1188,85,1,19,59.4,2,1,3,25144.333333333332,3,🏆 Champions,2,1,0.16194962023998685,❄️ Cold Lead
5987,1989,Diploma,Together,10404.0,1,0,2014-05-04,52,2,2,11,10,6,12,2,1,0,4,5,0,0,0,0,0,0,0,25,43,56,1,7,5.375,0,1,3,3468.0,0,💤 Low Engagers,1,3,0.0031266764749949333,❄️ Cold Lead
3767,1968,Graduation,Married,61314.0,0,1,2013-04-25,1,378,0,189,97,172,172,2,5,5,12,3,0,0,0,0,0,0,0,46,1008,430,1,24,40.32,0,1,3,20438.0,2,👨‍👩‍👧 Active Parent Shoppers,2,1,0.06736049700968585,❄️ Cold Lead
3725,1961,PhD,Single,84865.0,0,0,2013-05-09,1,1248,16,349,43,16,16,1,2,4,9,4,0,1,1,1,1,0,1,53,1688,416,0,16,99.29411764705883,4,0,1,84865.0,3,🏆 Champions,4,2,0.9427330274052127,🔥 Hot Lead
4324,1989,Graduation,Married,42387.0,1,0,2012-10-29,42,235,0,235,19,4,191,5,8,1,7,8,0,0,0,0,0,0,0,25,684,608,1,21,31.09090909090909,0,1,3,14129.0,2,👨‍👩‍👧 Active Parent Shoppers,2,1,0.1735405602641415,❄️ Cold Lead
238,1967,Diploma,Together,67309.0,1,1,2013-01-23,76,515,47,181,149,95,95,15,9,6,9,7,0,0,0,0,0,0,0,47,1082,522,2,39,27.05,0,1,4,16827.25,2,👨‍👩‍👧 Active Parent Shoppers,1,3,0.028033509940452287,❄️ Cold Lead
6694,1964,Graduation,Married,75236.0,0,1,2013-11-25,27,438,66,400,12,38,114,1,8,3,13,4,0,0,0,0,0,0,0,50,1068,216,1,25,41.07692307692308,0,1,3,25078.666666666668,2,👨‍👩‍👧 Active Parent Shoppers,2,1,0.005961424428040589,❄️ Cold Lead
498,1970,Graduation,Single,30015.0,1,0,2014-02-02,28,25,0,22,2,3,5,2,1,0,4,5,0,0,0,0,0,0,0,44,57,147,1,7,7.125,0,1,2,15007.5,0,💤 Low Engagers,2,2,0.012642794395792944,❄️ Cold Lead
9347,1956,Master,Together,50943.0,0,1,2013-06-21,49,31,0,7,2,0,6,1,1,0,3,5,0,0,0,0,0,0,0,58,46,373,1,5,7.666666666666667,0,1,3,16981.0,0,💤 Low Engagers,3,3,0.0035778333945486423,❄️ Cold Lead
9699,1966,Graduation,Divorced,67272.0,0,1,2013-12-21,12,357,35,271,28,28,14,3,6,2,12,5,0,0,0,0,0,0,0,48,733,190,1,23,30.541666666666668,0,1,2,33636.0,2,👨‍👩‍👧 Active Parent Shoppers,2,0,0.06239381532823855,❄️ Cold Lead
10664,1949,Master,Widow,51529.0,0,1,2013-09-07,14,400,4,35,6,0,22,2,9,1,5,8,0,0,0,0,0,0,0,65,467,295,1,17,25.944444444444443,0,1,2,25764.5,2,👨‍👩‍👧 Active Parent Shoppers,3,4,0.15662172444958947,❄️ Cold Lead
5455,1971,PhD,Married,32011.0,1,0,2013-08-22,89,99,0,15,2,1,5,3,2,1,4,7,0,0,0,0,0,0,0,43,122,311,1,10,11.090909090909092,0,1,3,10670.333333333334,0,💤 Low Engagers,4,1,0.030384813872871824,❄️ Cold Lead
456,1986,Diploma,Married,7500.0,1,0,2013-02-07,96,1,11,5,4,6,9,2,2,0,3,8,0,0,0,0,0,0,0,28,36,507,1,7,4.5,0,1,3,2500.0,0,💤 Low Engagers,1,1,0.023977013572410714,❄️ Cold Lead
5012,1989,Graduation,Married,28691.0,1,0,2013-07-04,56,5,4,13,8,0,4,1,1,0,3,8,0,0,0,0,0,0,0,25,34,360,1,5,5.666666666666667,0,1,3,9563.666666666666,0,💤 Low Engagers,2,1,0.00854989293505503,❄️ Cold Lead
7495,1948,PhD,Married,56223.0,0,1,2013-12-20,72,77,28,31,16,0,4,2,2,1,5,4,0,0,0,0,0,0,0,66,156,191,1,10,14.181818181818182,0,1,3,18741.0,0,💤 Low Engagers,4,1,0.010158716046245018,❄️ Cold Lead
5029,1946,Graduation,Married,18100.0,0,0,2013-08-06,14,3,1,2,4,3,1,1,0,0,3,5,0,0,0,0,0,0,0,68,14,327,0,4,2.8,0,0,2,9050.0,0,💤 Low Engagers,2,1,0.04106889264089113,❄️ Cold Lead
10642,1989,Graduation,Single,30279.0,1,0,2012-12-30,13,10,4,14,4,4,1,1,1,0,3,8,0,0,0,0,0,0,0,25,37,546,1,5,6.166666666666667,0,1,2,15139.5,0,💤 Low Engagers,2,2,0.05607367301101254,❄️ Cold Lead
2106,1974,Diploma,Married,20130.0,0,0,2014-03-17,99,0,6,3,7,6,12,1,1,0,3,8,0,0,0,0,0,0,0,40,34,104,0,5,5.666666666666667,0,0,2,10065.0,0,💤 Low Engagers,1,1,0.003946294512584755,❄️ Cold Lead
10364,1959,Graduation,Divorced,23295.0,0,0,2013-07-13,72,0,0,1,2,12,5,1,1,0,2,8,0,0,0,0,0,0,0,55,20,351,0,4,4.0,0,0,1,23295.0,0,💤 Low Engagers,2,0,0.01825052960252817,❄️ Cold Lead
5954,1972,Master,Divorced,42618.0,1,0,2013-10-09,92,76,14,74,13,5,10,2,5,0,4,8,0,0,0,0,0,0,0,42,192,263,1,11,16.0,0,1,2,21309.0,0,💤 Low Engagers,3,0,0.05219968735394726,❄️ Cold Lead
1137,1964,Graduation,Single,81246.0,0,0,2013-12-29,87,398,190,537,61,156,37,1,4,5,7,1,1,0,0,1,0,0,0,50,1379,182,0,17,76.61111111111111,2,0,1,81246.0,3,🏆 Champions,2,2,0.4844300076464086,🌤 Warm Lead
2541,1976,Graduation,Married,24027.0,1,0,2013-06-09,7,14,7,11,11,0,5,2,2,0,3,8,0,0,0,0,0,0,0,38,48,385,1,7,6.0,0,1,3,8009.0,0,💤 Low Engagers,2,1,0.2063978505411869,❄️ Cold Lead
1142,1953,PhD,Married,55707.0,0,1,2013-12-22,91,208,7,82,30,66,35,2,3,2,9,3,0,0,0,0,0,0,0,61,428,189,1,16,25.176470588235293,0,1,3,18569.0,2,👨‍👩‍👧 Active Parent Shoppers,4,1,0.004355636459902732,❄️ Cold Lead
2276,1955,Graduation,Single,57959.0,0,1,2013-05-02,71,430,16,322,43,24,33,5,4,7,11,3,0,0,0,0,0,0,0,59,868,423,1,27,31.0,0,1,2,28979.5,2,👨‍👩‍👧 Active Parent Shoppers,2,2,0.007956441111690492,❄️ Cold Lead
2807,1969,Graduation,Married,56796.0,0,1,2013-02-16,24,656,38,161,62,47,37,3,8,9,7,7,0,0,0,0,0,0,0,45,1001,498,1,27,35.75,0,1,3,18932.0,2,👨‍👩‍👧 Active Parent Shoppers,2,1,0.07807533178921307,❄️ Cold Lead
6471,1971,Master,Single,36230.0,1,0,2013-10-17,17,14,2,30,8,2,3,1,2,0,4,5,0,0,0,0,0,0,0,43,59,255,1,7,7.375,0,1,2,18115.0,0,💤 Low Engagers,3,2,0.03591008495177859,❄️ Cold Lead
6131,1980,Diploma,Married,70829.0,1,1,2013-12-01,87,141,70,106,72,19,23,2,4,2,8,3,0,0,0,0,0,0,0,34,431,210,2,16,25.352941176470587,0,1,4,17707.25,2,👨‍👩‍👧 Active Parent Shoppers,1,1,0.0065971204483403914,❄️ Cold Lead
6233,1976,Graduation,Married,65991.0,0,1,2012-09-07,21,507,19,364,25,47,9,3,9,5,10,7,0,0,0,0,0,0,0,38,971,660,1,27,34.67857142857143,0,1,3,21997.0,2,👨‍👩‍👧 Active Parent Shoppers,2,1,0.09578413542665695,❄️ Cold Lead
4148,1972,Graduation,Married,38988.0,1,2,2012-08-20,90,164,24,103,12,3,42,7,5,1,6,8,0,0,0,0,0,0,0,42,348,678,3,19,17.4,0,1,5,7797.6,2,👨‍👩‍👧 Active Parent Shoppers,2,1,0.28015841637338057,❄️ Cold Lead
4947,1966,Diploma,Single,89572.0,0,0,2012-09-15,44,606,24,974,197,194,64,1,7,7,9,4,0,1,0,1,0,0,1,48,2059,652,0,24,82.36,2,0,1,89572.0,3,🏆 Champions,1,2,0.9781476339642784,🔥 Hot Lead
3225,1984,Master,Married,42207.0,1,0,2013-04-01,71,116,11,72,3,17,46,4,4,1,5,6,1,0,0,0,0,0,1,30,265,454,1,14,17.666666666666668,1,1,3,14069.0,0,💤 Low Engagers,3,1,0.6309519259795525,🌤 Warm Lead
7540,1952,Graduation,Married,50300.0,0,1,2014-05-25,52,143,15,60,24,23,5,2,2,1,8,2,0,0,0,0,0,0,0,62,270,35,1,13,19.285714285714285,0,1,3,16766.666666666668,2,👨‍👩‍👧 Active Parent Shoppers,2,1,0.005217619989414168,❄️ Cold Lead
10648,1982,Diploma,Together,66664.0,0,0,2012-09-25,78,398,96,447,220,96,32,1,5,7,6,3,0,0,0,0,0,0,0,32,1289,642,0,19,64.45,0,0,2,33332.0,1,🌟 High-Value Loyalists,1,3,0.08725390503491635,❄️ Cold Lead
1992,1964,Graduation,Married,60597.0,0,1,2014-01-01,2,522,0,257,32,16,66,4,2,2,8,7,0,0,0,1,0,0,1,50,893,179,1,16,52.529411764705884,1,1,3,20199.0,2,👨‍👩‍👧 Active Parent Shoppers,2,1,0.7159353717911837,🔥 Hot Lead
7851,1949,Graduation,Widow,70165.0,0,0,2013-09-22,60,161,0,253,199,191,122,1,3,7,11,1,0,0,0,0,0,0,0,65,926,280,0,22,40.26086956521739,0,0,1,70165.0,1,🌟 High-Value Loyalists,2,4,0.05464694950481639,❄️ Cold Lead
8594,1958,PhD,Widow,50520.0,0,1,2014-01-28,25,112,0,6,2,1,14,2,3,1,3,6,0,0,0,0,0,0,0,56,135,152,1,9,13.5,0,1,2,25260.0,0,💤 Low Engagers,4,4,0.07603188584257839,❄️ Cold Lead
7059,1963,Graduation,Married,80124.0,0,0,2014-06-26,47,483,84,398,205,84,241,1,3,7,8,1,1,0,0,0,0,0,0,51,1495,3,0,19,74.75,1,0,2,40062.0,1,🌟 High-Value Loyalists,2,1,0.06571432653825161,❄️ Cold Lead
2815,1975,Graduation,Married,33183.0,1,0,2014-02-24,46,7,5,39,17,15,37,2,4,0,3,7,0,0,0,0,0,0,0,39,120,125,1,9,12.0,0,1,3,11061.0,0,💤 Low Engagers,2,1,0.013218076706698752,❄️ Cold Lead
2416,1969,PhD,Single,66582.0,0,0,2014-03-03,83,789,25,420,16,38,0,1,2,8,9,1,0,0,0,0,0,0,0,45,1288,118,0,20,61.333333333333336,0,0,1,66582.0,1,🌟 High-Value Loyalists,4,2,0.06324977731524346,❄️ Cold Lead
7999,1955,PhD,Together,75261.0,0,0,2013-04-23,17,1239,17,413,23,34,17,1,5,6,5,2,0,1,1,0,0,0,1,59,1743,432,0,17,96.83333333333333,2,0,2,37630.5,3,🏆 Champions,4,3,0.8030410510751416,🔥 Hot Lead
9213,1970,Graduation,Widow,31880.0,1,0,2012-10-31,13,4,1,5,2,0,3,1,1,0,2,8,0,0,0,0,0,0,0,44,15,606,1,4,3.0,0,1,2,15940.0,0,💤 Low Engagers,2,4,0.1570216950115084,❄️ Cold Lead
9697,1951,Graduation,Married,53790.0,0,2,2014-03-06,86,335,42,127,28,5,5,3,7,2,8,6,0,0,0,0,0,0,0,63,542,115,2,20,25.80952380952381,0,1,4,13447.5,2,👨‍👩‍👧 Active Parent Shoppers,2,1,0.03171712677318488,❄️ Cold Lead
3916,1971,PhD,Together,49269.0,1,0,2012-08-15,92,639,8,166,11,8,58,3,7,3,12,7,0,0,0,0,0,0,0,43,890,683,1,25,34.23076923076923,0,1,3,16423.0,2,👨‍👩‍👧 Active Parent Shoppers,4,3,0.24079984810586352,❄️ Cold Lead
2021,1975,Graduation,Married,61456.0,0,1,2013-03-27,47,563,76,384,84,192,89,4,6,10,13,4,0,0,0,0,0,0,0,39,1388,459,1,33,40.8235294117647,0,1,3,20485.333333333332,2,👨‍👩‍👧 Active Parent Shoppers,2,1,0.07349315667139644,❄️ Cold Lead
1581,1980,Graduation,Married,37406.0,1,0,2013-10-10,18,2,0,8,2,2,3,1,1,0,2,8,0,0,0,0,0,0,1,34,17,262,1,4,3.4,0,1,3,12468.666666666666,0,💤 Low Engagers,2,1,0.6031387839923762,🌤 Warm Lead
564,1981,PhD,Together,56937.0,1,0,2012-08-04,81,746,8,125,11,8,8,7,8,6,9,6,0,1,0,0,0,0,1,33,906,694,1,30,29.225806451612904,1,1,3,18979.0,2,👨‍👩‍👧 Active Parent Shoppers,4,3,0.3265884786687975,❄️ Cold Lead
6619,1978,Graduation,Married,38415.0,1,1,2013-01-02,91,22,1,13,4,0,4,2,1,0,3,7,0,0,0,0,0,0,0,36,44,543,2,6,6.285714285714286,0,1,4,9603.75,0,💤 Low Engagers,2,1,0.017719726600616457,❄️ Cold Lead
9081,1988,Graduation,Single,20518.0,1,0,2014-05-18,58,4,1,6,4,1,9,1,1,1,2,5,0,0,0,0,0,0,0,26,25,42,1,5,4.166666666666667,0,1,2,10259.0,0,💤 Low Engagers,2,2,0.016637910795894918,❄️ Cold Lead
178,1956,Graduation,Married,62503.0,0,1,2013-02-18,40,478,0,193,110,75,117,4,8,3,11,5,0,0,0,0,0,0,0,58,973,496,1,26,36.03703703703704,0,1,3,20834.333333333332,2,👨‍👩‍👧 Active Parent Shoppers,2,1,0.025204246151184106,❄️ Cold Lead
916,1972,PhD,Single,41644.0,1,1,2014-05-09,67,20,3,4,2,0,2,2,1,0,3,3,0,0,0,0,0,0,0,42,31,51,2,6,4.428571428571429,0,1,3,13881.333333333334,0,💤 Low Engagers,4,2,0.004954199393682536,❄️ Cold Lead
5512,1977,Master,Married,55842.0,0,1,2014-05-23,19,451,0,39,0,4,24,1,7,1,8,5,0,0,0,0,0,0,0,37,518,37,1,17,28.77777777777778,0,1,3,18614.0,2,👨‍👩‍👧 Active Parent Shoppers,3,1,0.046311822487953756,❄️ Cold Lead
8970,1972,PhD,Married,62010.0,0,1,2012-10-23,93,371,22,39,6,0,92,4,6,2,7,5,0,0,0,0,0,0,0,42,530,614,1,19,26.5,0,1,3,20670.0,2,👨‍👩‍👧 Active Parent Shoppers,4,1,0.22842355649529694,❄️ Cold Lead
10581,1977,Graduation,Married,41124.0,1,0,2012-10-31,41,281,7,84,15,0,119,7,7,3,4,8,0,0,0,0,0,0,0,37,506,606,1,21,23.0,0,1,3,13708.0,2,👨‍👩‍👧 Active Parent Shoppers,2,1,0.3853432061734498,❄️ Cold Lead
5300,1973,Master,Married,38961.0,1,0,2013-12-30,60,19,7,19,0,1,24,1,2,1,2,7,0,0,0,0,0,0,0,41,70,181,1,6,10.0,0,1,3,12987.0,0,💤 Low Engagers,3,1,0.0734123860278189,❄️ Cold Lead
5154,1972,Master,Divorced,37760.0,1,0,2013-08-11,54,26,3,13,2,10,0,1,2,0,3,6,0,0,0,0,0,0,0,42,54,322,1,6,7.714285714285714,0,1,2,18880.0,0,💤 Low Engagers,3,0,0.011104039146039973,❄️ Cold Lead
8346,1974,Graduation,Single,32233.0,1,0,2012-08-19,26,138,15,35,25,11,72,2,6,2,2,9,1,0,0,0,0,0,1,40,296,679,1,12,22.76923076923077,1,1,2,16116.5,0,💤 Low Engagers,2,2,0.9207198533393047,🔥 Hot Lead
1676,1975,Graduation,Married,43057.0,0,1,2013-10-30,30,213,2,44,0,2,5,4,4,2,5,5,0,0,0,0,0,0,0,39,266,242,1,15,16.625,0,1,3,14352.333333333334,0,💤 Low Engagers,2,1,0.04085666957896797,❄️ Cold Lead
9286,1960,Master,Together,83151.0,0,0,2012-10-10,93,407,28,100,120,74,18,1,5,9,4,3,0,0,0,0,0,0,0,54,747,627,0,19,37.35,0,0,2,41575.5,1,🌟 High-Value Loyalists,3,3,0.1815665961446312,❄️ Cold Lead
2426,1964,PhD,Divorced,78825.0,0,0,2012-09-14,35,483,74,114,169,37,18,1,5,10,13,3,0,0,0,0,0,0,1,50,895,653,0,29,29.833333333333332,0,0,1,78825.0,1,🌟 High-Value Loyalists,4,0,0.751289010207942,🔥 Hot Lead
5172,1976,Master,Together,65104.0,0,1,2013-11-14,4,738,0,232,13,20,50,2,3,5,7,7,0,0,0,0,0,0,0,38,1053,227,1,17,58.5,0,1,3,21701.333333333332,2,👨‍👩‍👧 Active Parent Shoppers,3,3,0.12291872926721469,❄️ Cold Lead
5562,1974,Graduation,Married,60093.0,0,1,2013-06-26,92,502,12,109,16,6,90,2,7,2,10,6,0,0,0,0,0,0,0,40,735,368,1,21,33.40909090909091,0,1,3,20031.0,2,👨‍👩‍👧 Active Parent Shoppers,2,1,0.008755210358118149,❄️ Cold Lead
3436,1969,Graduation,Married,14045.0,1,0,2014-01-26,24,11,0,5,2,1,1,1,1,0,3,7,0,0,0,0,0,0,0,45,20,154,1,5,3.3333333333333335,0,1,3,4681.666666666667,0,💤 Low Engagers,2,1,0.017681439689925967,❄️ Cold Lead
3921,1952,Diploma,Widow,28457.0,0,0,2012-10-28,96,24,1,108,29,29,14,1,4,1,4,8,0,0,0,0,0,0,0,62,205,609,0,10,18.636363636363637,0,0,1,28457.0,0,💤 Low Engagers,1,4,0.2918219732974883,❄️ Cold Lead
3403,1958,PhD,Together,78952.0,0,1,2012-09-24,11,1170,19,594,99,76,134,2,2,5,12,6,0,0,0,0,0,0,0,56,2092,643,1,21,95.0909090909091,0,1,3,26317.333333333332,2,👨‍👩‍👧 Active Parent Shoppers,4,3,0.13061985814684868,❄️ Cold Lead
22,1976,Graduation,Divorced,46310.0,1,0,2012-12-03,99,185,2,88,15,5,14,2,6,1,5,8,0,0,0,0,0,0,0,38,309,573,1,14,20.6,0,1,2,23155.0,0,💤 Low Engagers,2,0,0.14687412054366786,❄️ Cold Lead
10965,1955,Graduation,Together,76005.0,0,0,2013-02-22,72,983,20,389,240,50,40,1,3,5,13,6,0,0,0,1,0,0,0,59,1722,492,0,22,74.8695652173913,1,0,2,38002.5,1,🌟 High-Value Loyalists,2,3,0.1183697208164546,❄️ Cold Lead
9426,1964,Master,Single,58308.0,0,1,2013-01-12,77,691,0,69,10,0,130,4,2,6,3,8,0,0,0,0,0,0,0,50,900,533,1,15,56.25,0,1,2,29154.0,2,👨‍👩‍👧 Active Parent Shoppers,3,2,0.1114993274652174,❄️ Cold Lead
6605,1944,PhD,Divorced,55614.0,0,0,2013-11-27,85,504,13,131,8,0,26,1,9,4,6,7,0,1,0,0,0,0,0,70,682,214,0,20,32.476190476190474,1,0,1,55614.0,2,👨‍👩‍👧 Active Parent Shoppers,4,0,0.1042950989456942,❄️ Cold Lead
3136,1962,Master,Divorced,59432.0,0,1,2013-04-13,88,317,25,265,25,19,12,3,5,3,11,5,0,0,0,0,0,0,0,52,663,442,1,22,28.82608695652174,0,1,2,29716.0,2,👨‍👩‍👧 Active Parent Shoppers,3,0,0.01869587389693568,❄️ Cold Lead
8737,1978,Graduation,Divorced,55563.0,0,1,2014-04-05,22,29,1,9,2,0,2,1,2,0,3,3,0,0,0,0,0,0,0,36,43,85,1,6,6.142857142857143,0,1,2,27781.5,0,💤 Low Engagers,2,0,0.007123578183621107,❄️ Cold Lead
11088,1971,PhD,Together,78642.0,0,1,2013-04-21,83,1396,0,322,46,35,17,1,4,9,4,6,0,0,0,0,0,0,0,43,1816,434,1,18,95.57894736842105,0,1,3,26214.0,2,👨‍👩‍👧 Active Parent Shoppers,4,3,0.08592079175515453,❄️ Cold Lead
716,1949,PhD,Together,67911.0,0,1,2014-05-22,63,529,0,356,63,28,0,3,6,7,11,3,0,0,0,0,0,0,0,65,976,38,1,27,34.857142857142854,0,1,3,22637.0,2,👨‍👩‍👧 Active Parent Shoppers,4,3,0.012291744043328643,❄️ Cold Lead
466,1944,Graduation,Married,65275.0,0,0,2013-04-03,9,388,14,218,91,14,21,1,4,3,13,2,0,0,0,0,0,0,0,70,746,452,0,21,33.90909090909091,0,0,2,32637.5,1,🌟 High-Value Loyalists,2,1,0.08879476158087943,❄️ Cold Lead
9135,1950,Graduation,Together,27203.0,1,1,2012-08-06,92,13,2,21,4,0,24,2,1,1,2,8,0,0,0,0,0,0,0,64,64,692,2,6,9.142857142857142,0,1,4,6800.75,0,💤 Low Engagers,2,3,0.1372212502003479,❄️ Cold Lead
10623,1961,Master,Together,48330.0,0,1,2013-11-15,2,28,0,4,0,0,0,1,1,0,3,5,0,0,0,0,0,0,0,53,32,226,1,5,5.333333333333333,0,1,3,16110.0,0,💤 Low Engagers,3,3,0.01316960114439037,❄️ Cold Lead
8151,1990,Basic,Married,24279.0,0,0,2012-12-29,6,16,36,21,20,62,108,1,4,1,3,8,0,0,0,0,0,0,0,24,263,547,0,9,26.3,0,0,2,12139.5,0,💤 Low Engagers,0,1,0.2543653504844336,❄️ Cold Lead
5140,1985,PhD,Married,64355.0,1,0,2012-08-24,66,1047,0,140,67,38,153,2,4,3,12,8,0,0,0,0,0,0,0,29,1445,674,1,21,65.68181818181819,0,1,3,21451.666666666668,2,👨‍👩‍👧 Active Parent Shoppers,4,1,0.06571292482811365,❄️ Cold Lead
10160,1956,Master,Together,50943.0,0,1,2013-06-21,49,31,0,7,2,0,6,1,1,0,3,5,0,0,0,0,0,0,0,58,46,373,1,5,7.666666666666667,0,1,3,16981.0,0,💤 Low Engagers,3,3,0.0035778333945486423,❄️ Cold Lead
4945,1953,Graduation,Widow,53653.0,0,0,2012-11-07,29,815,10,239,28,10,108,2,10,4,12,6,0,0,0,0,0,0,0,61,1210,599,0,28,41.724137931034484,0,0,1,53653.0,2,👨‍👩‍👧 Active Parent Shoppers,2,4,0.22504939438525756,❄️ Cold Lead
10584,1976,Graduation,Married,65665.0,0,1,2013-12-02,77,225,162,387,106,36,29,1,5,10,8,3,0,0,0,0,0,0,0,38,945,209,1,24,37.8,0,1,3,21888.333333333332,2,👨‍👩‍👧 Active Parent Shoppers,2,1,0.0021091085181253193,❄️ Cold Lead
6071,1989,Graduation,Single,81217.0,0,0,2013-07-19,77,493,70,324,146,40,84,1,3,7,11,1,0,0,0,0,0,0,0,25,1157,345,0,22,50.30434782608695,0,0,1,81217.0,1,🌟 High-Value Loyalists,2,2,0.025536880855775303,❄️ Cold Lead
3386,1992,Graduation,Married,34935.0,0,0,2013-06-21,71,34,4,66,3,10,20,1,2,1,4,7,0,0,0,0,0,0,0,22,137,373,0,8,15.222222222222221,0,0,2,17467.5,0,💤 Low Engagers,2,1,0.051244565358653016,❄️ Cold Lead
8939,1959,Graduation,Divorced,61250.0,0,1,2012-12-16,49,382,138,65,60,26,59,6,5,2,12,5,0,0,0,0,0,0,0,55,730,560,1,25,28.076923076923077,0,1,2,30625.0,2,👨‍👩‍👧 Active Parent Shoppers,2,0,0.08018254718695092,❄️ Cold Lead
9925,1981,PhD,Together,39665.0,1,0,2013-05-25,97,127,1,56,0,1,31,3,4,2,3,7,1,0,0,0,0,0,0,33,216,400,1,12,16.615384615384617,1,1,3,13221.666666666666,0,💤 Low Engagers,4,3,0.156785959179432,❄️ Cold Lead
4320,1979,Graduation,Single,60152.0,0,1,2013-03-28,6,325,83,300,86,58,91,1,6,4,12,3,0,0,0,0,0,0,0,35,943,458,1,23,39.291666666666664,0,1,2,30076.0,2,👨‍👩‍👧 Active Parent Shoppers,2,2,0.09167786028923013,❄️ Cold Lead
5389,1964,Graduation,Married,48920.0,0,2,2013-10-20,93,238,17,68,8,10,6,3,6,2,5,7,0,1,0,0,0,0,0,50,347,252,2,16,20.41176470588235,1,1,4,12230.0,2,👨‍👩‍👧 Active Parent Shoppers,2,1,0.07500236230038468,❄️ Cold Lead
6036,1959,Master,Together,89120.0,0,0,2014-03-17,78,1168,92,408,72,129,55,1,5,6,7,1,0,0,1,0,0,0,0,55,1924,104,0,19,96.2,1,0,2,44560.0,1,🌟 High-Value Loyalists,3,3,0.11587132630078571,❄️ Cold Lead
182,1946,PhD,Together,44124.0,0,1,2013-05-11,62,284,0,55,0,6,52,4,6,2,5,8,0,0,0,0,0,0,0,68,397,414,1,17,22.055555555555557,0,1,3,14708.0,2,👨‍👩‍👧 Active Parent Shoppers,4,3,0.06125206736593409,❄️ Cold Lead
203,1975,Master,Single,81169.0,0,0,2013-04-14,47,1288,20,613,80,61,27,1,5,7,9,2,0,0,0,0,0,0,0,39,2089,441,0,22,90.82608695652173,0,0,1,81169.0,1,🌟 High-Value Loyalists,3,2,0.30056209664762096,❄️ Cold Lead
11025,1961,Graduation,Married,36443.0,1,1,2013-02-03,9,65,0,46,4,3,20,4,3,1,3,8,0,0,0,0,0,0,0,53,138,511,2,11,11.5,0,1,4,9110.75,0,💤 Low Engagers,2,1,0.4174841185402118,🌤 Warm Lead
10203,1990,Graduation,Single,26095.0,1,0,2013-06-30,77,11,7,9,3,1,11,1,1,0,3,7,0,0,0,0,0,0,0,24,42,364,1,5,7.0,0,1,2,13047.5,0,💤 Low Engagers,2,2,0.004970313842521721,❄️ Cold Lead
4607,1959,Graduation,Together,71367.0,0,0,2013-08-23,24,227,23,389,42,21,75,1,4,5,7,2,0,0,0,0,0,0,0,55,777,310,0,17,43.166666666666664,0,0,2,35683.5,1,🌟 High-Value Loyalists,2,3,0.027749088681295192,❄️ Cold Lead
3711,1944,Master,Married,80184.0,0,0,2014-03-01,19,1035,134,670,25,38,0,1,6,3,10,3,0,0,1,1,0,0,0,70,1902,120,0,20,90.57142857142857,2,0,2,40092.0,3,🏆 Champions,3,1,0.2515738553350777,❄️ Cold Lead
3696,1965,Graduation,Divorced,30630.0,1,1,2014-01-27,67,27,1,12,2,0,10,2,2,0,3,7,0,0,0,0,0,0,0,49,52,153,2,7,6.5,0,1,3,10210.0,0,💤 Low Engagers,2,0,0.004884791089983011,❄️ Cold Lead
2532,1987,Master,Single,73454.0,0,0,2014-03-01,95,982,73,351,56,14,175,1,2,4,6,5,1,0,0,0,0,0,0,27,1651,120,0,13,117.92857142857143,1,0,1,73454.0,3,🏆 Champions,3,2,0.12323064518481129,❄️ Cold Lead
9214,1991,Graduation,Married,42691.0,0,0,2013-08-16,48,179,2,64,38,17,58,1,5,1,6,5,0,0,0,0,0,0,0,23,358,317,0,13,25.571428571428573,0,0,2,21345.5,0,💤 Low Engagers,2,1,0.015077304879814292,❄️ Cold Lead
4943,1953,Graduation,Married,70503.0,0,0,2012-09-30,73,1379,33,216,0,33,66,1,2,4,9,6,0,1,1,0,0,0,0,61,1727,637,0,16,101.58823529411765,2,0,2,35251.5,3,🏆 Champions,2,1,0.5781857907728444,🌤 Warm Lead
35,1987,Graduation,Married,25545.0,1,0,2012-09-08,35,32,1,64,16,12,85,3,2,2,3,6,0,0,0,0,0,0,1,27,210,659,1,10,19.09090909090909,0,1,3,8515.0,0,💤 Low Engagers,2,1,0.6602078938581833,🌤 Warm Lead
2258,1986,Graduation,Married,32880.0,1,0,2012-12-04,76,8,4,15,7,6,2,1,1,0,3,8,0,0,0,0,0,0,0,28,42,572,1,5,7.0,0,1,3,10960.0,0,💤 Low Engagers,2,1,0.04455554697943637,❄️ Cold Lead
4322,1958,PhD,Together,77863.0,0,0,2013-11-27,20,881,38,319,16,25,12,1,4,5,10,2,0,0,0,0,0,0,0,56,1291,214,0,20,61.476190476190474,0,0,2,38931.5,1,🌟 High-Value Loyalists,4,3,0.08818321114860188,❄️ Cold Lead
713,1977,Master,Married,50353.0,0,0,2014-06-08,72,141,15,153,67,31,35,1,4,4,6,3,0,0,0,0,0,0,0,37,442,21,0,15,27.625,0,0,2,25176.5,1,🌟 High-Value Loyalists,3,1,0.0038582886705028907,❄️ Cold Lead
4702,1964,Graduation,Single,61839.0,0,0,2012-08-12,20,1000,155,379,224,17,120,1,4,8,4,8,0,0,0,0,0,0,0,50,1895,686,0,17,105.27777777777777,0,0,1,61839.0,1,🌟 High-Value Loyalists,2,2,0.39417758061894936,❄️ Cold Lead
3281,1960,PhD,Married,49154.0,1,1,2013-11-03,69,206,10,67,30,27,71,6,4,1,8,6,0,0,0,0,0,0,0,54,411,238,2,19,20.55,0,1,4,12288.5,2,👨‍👩‍👧 Active Parent Shoppers,4,1,0.023343969366244863,❄️ Cold Lead
702,1975,Diploma,Widow,47682.0,0,1,2013-02-15,80,162,61,83,97,57,61,4,4,3,8,5,0,0,0,0,0,0,0,39,521,499,1,19,26.05,0,1,2,23841.0,2,👨‍👩‍👧 Active Parent Shoppers,1,4,0.03950703065815093,❄️ Cold Lead
2004,1969,Graduation,Single,72679.0,0,1,2013-09-18,65,619,54,260,127,54,54,1,4,7,5,1,0,0,0,0,0,0,0,45,1168,284,1,17,64.88888888888889,0,1,2,36339.5,1,🌟 High-Value Loyalists,2,2,0.02125077204385497,❄️ Cold Lead
4769,1977,Master,Together,57954.0,1,1,2014-06-18,52,456,4,24,0,0,9,7,8,2,6,7,0,1,0,0,0,0,0,37,493,11,2,23,20.541666666666668,1,1,4,14488.5,2,👨‍👩‍👧 Active Parent Shoppers,3,3,0.05706411499144162,❄️ Cold Lead
4437,1962,Graduation,Married,65316.0,1,1,2013-04-24,65,112,6,92,3,9,38,2,3,2,5,4,0,0,0,0,0,0,0,52,260,431,2,12,20.0,0,1,4,16329.0,2,👨‍👩‍👧 Active Parent Shoppers,2,1,0.02460770396648326,❄️ Cold Lead
8724,1982,Graduation,Single,28567.0,1,0,2013-06-17,57,11,3,22,2,2,6,2,2,0,3,6,0,0,0,0,0,0,0,32,46,377,1,7,5.75,0,1,2,14283.5,0,💤 Low Engagers,2,2,0.010920497563728203,❄️ Cold Lead
10741,1951,Master,Together,47352.0,0,1,2013-04-11,70,172,12,112,8,0,15,4,6,1,5,7,0,0,0,0,0,0,0,63,319,444,1,16,18.764705882352942,0,1,3,15784.0,2,👨‍👩‍👧 Active Parent Shoppers,3,3,0.05190836844498507,❄️ Cold Lead
1991,1967,Graduation,Together,44931.0,0,1,2014-01-18,0,78,0,11,0,0,7,1,2,1,3,5,0,0,0,0,0,0,0,47,96,162,1,7,12.0,0,1,3,14977.0,0,💤 Low Engagers,2,3,0.12600102445108857,❄️ Cold Lead
6931,1967,Graduation,Divorced,76982.0,0,0,2014-02-15,19,464,151,292,65,60,30,1,8,3,4,4,0,0,1,0,0,0,1,47,1062,134,0,16,62.470588235294116,1,0,1,76982.0,1,🌟 High-Value Loyalists,2,0,0.8337551564590358,🔥 Hot Lead
11096,1952,Diploma,Together,57247.0,0,1,2013-08-08,50,99,4,32,37,54,6,2,2,1,7,2,0,0,0,0,0,0,0,62,232,325,1,12,17.846153846153847,0,1,3,19082.333333333332,2,👨‍👩‍👧 Active Parent Shoppers,1,3,0.00922945595019383,❄️ Cold Lead
304,1981,Master,Single,22944.0,1,0,2013-12-23,67,19,3,19,4,5,26,3,3,0,3,7,0,0,0,0,0,0,0,33,76,188,1,9,7.6,0,1,2,11472.0,0,💤 Low Engagers,3,2,0.05333663222920358,❄️ Cold Lead
3665,1977,Diploma,Together,25315.0,1,0,2013-11-07,46,1,9,8,11,3,22,3,3,0,3,8,0,0,0,0,0,0,0,37,54,234,1,9,5.4,0,1,3,8438.333333333334,0,💤 Low Engagers,1,3,0.03541314390102783,❄️ Cold Lead
10591,1969,Graduation,Widow,43638.0,0,1,2012-08-06,37,63,10,83,7,19,19,2,4,1,4,7,0,0,0,0,0,0,0,45,201,692,1,11,16.75,0,1,2,21819.0,0,💤 Low Engagers,2,4,0.40406012610286945,🌤 Warm Lead
5036,1984,PhD,Single,42710.0,1,0,2012-11-28,38,252,3,42,4,3,102,2,4,5,3,6,0,0,0,0,0,0,0,30,406,578,1,14,27.066666666666666,0,1,2,21355.0,0,💤 Low Engagers,4,2,0.3468477794230701,❄️ Cold Lead
5547,1982,PhD,Married,84169.0,0,0,2013-08-07,9,1478,19,403,0,19,0,1,7,6,6,3,0,1,1,0,0,0,1,32,1919,326,0,20,91.38095238095238,2,0,2,42084.5,3,🏆 Champions,4,1,0.9585266454354427,🔥 Hot Lead
7822,1976,Graduation,Together,54058.0,0,1,2013-06-04,56,198,18,252,32,108,54,2,4,6,8,3,0,0,0,0,0,0,0,38,662,390,1,20,31.523809523809526,0,1,3,18019.333333333332,2,👨‍👩‍👧 Active Parent Shoppers,2,3,0.004971790847872381,❄️ Cold Lead
8541,1990,Diploma,Married,24683.0,1,0,2014-03-08,98,8,4,10,6,7,6,2,2,0,4,5,0,0,0,0,0,0,0,24,41,113,1,8,4.555555555555555,0,1,3,8227.666666666666,0,💤 Low Engagers,1,1,0.004665001898468158,❄️ Cold Lead
10955,1964,Graduation,Widow,85620.0,0,0,2014-01-07,68,416,46,925,60,107,46,1,3,6,4,1,0,0,0,0,0,0,1,50,1600,173,0,14,106.66666666666667,0,0,1,85620.0,1,🌟 High-Value Loyalists,2,4,0.7387713577868871,🔥 Hot Lead
4368,1980,Graduation,Married,47850.0,1,0,2013-12-03,72,42,7,43,20,12,10,1,3,0,4,6,0,0,0,0,0,0,0,34,134,208,1,8,14.88888888888889,0,1,3,15950.0,0,💤 Low Engagers,2,1,0.010507395259236068,❄️ Cold Lead
9671,1968,Graduation,Married,19514.0,1,1,2014-01-26,47,14,3,21,2,1,28,4,3,1,2,8,1,0,0,0,0,0,1,46,69,154,2,10,6.2727272727272725,1,1,4,4878.5,0,💤 Low Engagers,2,1,0.5539865072260448,🌤 Warm Lead
2256,1973,Master,Married,27159.0,1,1,2014-03-29,33,17,0,3,0,0,1,2,1,0,3,6,0,0,0,0,0,0,0,41,21,92,2,6,3.0,0,1,4,6789.75,0,💤 Low Engagers,3,1,0.013475838374268198,❄️ Cold Lead
4279,1963,Diploma,Single,39548.0,1,1,2014-03-31,87,15,4,10,3,4,18,2,1,1,3,3,0,0,0,0,0,0,0,51,54,90,2,7,6.75,0,1,3,13182.666666666666,0,💤 Low Engagers,1,2,0.005560503096575414,❄️ Cold Lead
5371,1989,Graduation,Single,21474.0,1,0,2014-04-08,0,6,16,24,11,0,34,2,3,1,2,7,1,0,0,0,0,0,1,25,91,82,1,8,10.11111111111111,1,1,2,10737.0,0,💤 Low Engagers,2,2,0.9076421247605638,🔥 Hot Lead
9240,1971,PhD,Single,60504.0,0,1,2014-02-07,73,458,0,24,6,4,34,2,6,2,8,6,0,0,0,0,0,0,0,43,526,142,1,18,27.68421052631579,0,1,2,30252.0,2,👨‍👩‍👧 Active Parent Shoppers,4,2,0.021633350179472183,❄️ Cold Lead
9460,1963,Graduation,Married,22419.0,0,0,2013-04-18,74,30,3,47,19,21,42,1,3,2,2,8,0,0,0,0,0,0,0,51,162,437,0,8,18.0,0,0,2,11209.5,0,💤 Low Engagers,2,1,0.11813362675524708,❄️ Cold Lead
9504,1949,Master,Married,81698.0,0,0,2013-11-06,4,179,28,520,111,123,47,1,3,8,13,1,0,0,0,0,0,0,1,65,1008,235,0,25,38.76923076923077,0,0,2,40849.0,1,🌟 High-Value Loyalists,3,1,0.611251700958359,🌤 Warm Lead
8692,1952,Graduation,Together,43462.0,1,1,2012-09-12,50,90,17,97,15,6,15,6,4,1,5,8,0,0,0,0,0,0,0,62,240,655,2,16,14.117647058823529,0,1,4,10865.5,2,👨‍👩‍👧 Active Parent Shoppers,2,3,0.3771926022012731,❄️ Cold Lead
448,1978,PhD,Single,54880.0,1,0,2013-03-01,57,308,85,137,102,45,118,2,6,2,11,5,0,0,0,0,0,0,0,36,795,485,1,21,36.13636363636363,0,1,2,27440.0,2,👨‍👩‍👧 Active Parent Shoppers,4,2,0.07151514933443132,❄️ Cold Lead
8314,1982,Graduation,Married,79908.0,0,0,2013-04-05,30,557,129,761,29,185,111,1,5,6,7,2,0,0,1,0,0,0,0,32,1772,450,0,19,88.6,1,0,2,39954.0,1,🌟 High-Value Loyalists,2,1,0.40932664700746124,🌤 Warm Lead
8420,1970,Diploma,Married,15315.0,0,0,2013-08-03,27,7,4,13,15,8,17,2,2,0,4,5,0,0,0,0,0,0,0,44,64,330,0,8,7.111111111111111,0,0,2,7657.5,0,💤 Low Engagers,1,1,0.03139513309146207,❄️ Cold Lead
3174,1959,Graduation,Together,87771.0,0,1,2013-05-22,61,1492,38,287,50,57,33,1,5,10,4,6,0,1,1,1,1,0,1,55,1957,403,1,20,93.19047619047619,4,1,3,29257.0,3,🏆 Champions,2,3,0.9472227450871255,🔥 Hot Lead
7685,1978,Graduation,Married,33039.0,1,0,2013-09-09,4,30,8,12,8,8,12,1,2,0,4,5,0,0,0,0,0,0,0,36,78,293,1,7,9.75,0,1,3,11013.0,0,💤 Low Engagers,2,1,0.04062109443471615,❄️ Cold Lead
3179,1980,Graduation,Single,81741.0,0,0,2013-06-16,75,249,153,940,58,134,38,0,6,6,7,2,0,0,0,0,0,0,0,34,1572,378,0,19,78.6,0,0,1,81741.0,1,🌟 High-Value Loyalists,2,2,0.21905717087813736,❄️ Cold Lead
9780,1971,Master,Together,71499.0,0,1,2013-06-25,12,465,25,132,136,0,37,2,8,3,13,4,0,0,0,0,0,0,0,43,795,369,1,26,29.444444444444443,0,1,3,23833.0,2,👨‍👩‍👧 Active Parent Shoppers,3,3,0.05288447032312247,❄️ Cold Lead
10681,1970,Diploma,Married,62466.0,0,1,2014-01-15,13,129,129,259,168,121,83,5,6,3,12,4,0,0,0,0,0,0,0,44,889,165,1,26,32.925925925925924,0,1,3,20822.0,2,👨‍👩‍👧 Active Parent Shoppers,1,1,0.0334453771709009,❄️ Cold Lead
10232,1963,PhD,Divorced,48799.0,0,1,2013-11-05,9,174,18,81,28,6,24,3,3,2,7,3,0,0,0,0,0,0,0,51,331,236,1,15,20.6875,0,1,2,24399.5,2,👨‍👩‍👧 Active Parent Shoppers,4,0,0.06956818671871778,❄️ Cold Lead
4184,1950,PhD,Together,52157.0,0,1,2014-06-07,48,189,2,29,3,2,40,2,3,2,5,4,0,0,0,0,0,0,0,64,265,22,1,12,20.384615384615383,0,1,3,17385.666666666668,0,💤 Low Engagers,4,3,0.0075128078657940986,❄️ Cold Lead
9120,1962,Graduation,Single,66565.0,0,1,2012-12-05,80,747,10,161,65,40,42,4,4,2,9,8,0,0,0,0,0,0,0,52,1065,571,1,19,53.25,0,1,2,33282.5,2,👨‍👩‍👧 Active Parent Shoppers,2,2,0.06471396355942077,❄️ Cold Lead
891,1951,Master,Together,29298.0,1,1,2013-09-07,60,6,0,2,2,0,1,1,1,0,2,5,0,0,0,0,0,0,0,63,11,295,2,4,2.2,0,1,4,7324.5,0,💤 Low Engagers,3,3,0.01134200210084424,❄️ Cold Lead
10381,1979,Graduation,Single,47691.0,0,1,2013-07-05,43,14,0,3,0,0,4,1,1,0,2,6,0,0,0,0,0,0,0,35,21,359,1,4,4.2,0,1,2,23845.5,0,💤 Low Engagers,2,2,0.0012116798871181285,❄️ Cold Lead
3525,1970,Graduation,Together,38200.0,1,1,2012-12-07,19,12,0,4,0,0,1,1,1,0,2,7,0,0,0,0,0,0,0,44,17,569,2,4,3.4,0,1,4,9550.0,0,💤 Low Engagers,2,3,0.04861383107843253,❄️ Cold Lead
6818,1974,Graduation,Married,44989.0,0,1,2012-09-12,26,98,0,106,49,10,106,5,5,1,5,6,0,0,0,0,0,0,0,40,369,655,1,16,21.705882352941178,0,1,3,14996.333333333334,2,👨‍👩‍👧 Active Parent Shoppers,2,1,0.25888022146520495,❄️ Cold Lead
3526,1968,PhD,Married,38443.0,1,1,2014-01-27,58,32,0,5,0,0,1,2,1,0,3,7,0,0,0,0,0,0,0,46,38,153,2,6,5.428571428571429,0,1,4,9610.75,0,💤 Low Engagers,4,1,0.00266990404536256,❄️ Cold Lead
8181,1978,Diploma,Single,38593.0,1,0,2013-09-13,42,51,12,49,17,24,24,3,4,1,3,8,0,0,0,0,0,0,0,36,177,289,1,11,14.75,0,1,2,19296.5,0,💤 Low Engagers,1,2,0.10290579888709844,❄️ Cold Lead
1029,1970,PhD,Together,64413.0,0,1,2013-08-01,27,200,5,44,0,10,20,1,5,1,5,5,0,0,0,0,0,0,0,44,279,332,1,12,21.46153846153846,0,1,3,21471.0,0,💤 Low Engagers,4,3,0.03048181852732752,❄️ Cold Lead
7369,1981,Master,Married,36959.0,1,0,2013-10-02,56,25,6,25,6,0,0,2,2,0,3,8,0,0,0,0,0,0,0,33,62,270,1,7,7.75,0,1,3,12319.666666666666,0,💤 Low Engagers,3,1,0.013405583919536944,❄️ Cold Lead
2574,1977,PhD,Married,61996.0,0,1,2013-01-31,27,1050,12,144,0,0,24,3,6,4,8,5,0,1,0,1,1,0,1,37,1230,514,1,21,55.90909090909091,3,1,3,20665.333333333332,3,🏆 Champions,4,1,0.789543306988326,🔥 Hot Lead
8159,1968,Graduation,Married,51287.0,1,1,2014-04-01,10,117,0,22,13,0,30,3,4,1,3,7,0,0,0,0,0,0,0,46,182,89,2,11,15.166666666666666,0,1,4,12821.75,0,💤 Low Engagers,2,1,0.19419571460579507,❄️ Cold Lead
1160,1970,Graduation,Married,13260.0,1,1,2013-08-23,48,9,4,17,10,2,7,4,3,0,3,8,0,0,0,0,0,0,0,44,49,310,2,10,4.454545454545454,0,1,4,3315.0,0,💤 Low Engagers,2,1,0.024822091486794647,❄️ Cold Lead
10242,1966,PhD,Together,47472.0,1,1,2013-09-16,39,56,0,11,0,0,8,2,2,0,4,5,0,0,0,0,0,0,0,48,75,286,2,8,8.333333333333334,0,1,4,11868.0,0,💤 Low Engagers,4,3,0.008928707877891554,❄️ Cold Lead
5253,1956,Master,Together,54603.0,1,1,2013-07-09,85,145,13,46,17,2,4,6,4,2,4,7,0,0,0,0,0,0,0,58,227,355,2,16,13.352941176470589,0,1,4,13650.75,2,👨‍👩‍👧 Active Parent Shoppers,3,3,0.046498229145411185,❄️ Cold Lead
5966,1974,PhD,Married,45207.0,1,1,2012-11-10,64,203,0,10,0,0,2,5,3,1,6,6,0,1,0,0,0,0,0,40,215,596,2,15,13.4375,1,1,4,11301.75,0,💤 Low Engagers,4,1,0.2810783073697131,❄️ Cold Lead
5314,1951,Graduation,Together,40689.0,0,1,2013-03-18,69,270,3,27,39,6,99,7,7,1,5,8,0,0,0,0,0,0,0,63,444,468,1,20,21.142857142857142,0,1,3,13563.0,2,👨‍👩‍👧 Active Parent Shoppers,2,3,0.11317352609994946,❄️ Cold Lead
5081,1967,Diploma,Together,47821.0,1,1,2013-10-20,54,9,0,16,6,6,10,1,1,0,3,8,0,0,0,0,0,0,0,47,47,252,2,5,7.833333333333333,0,1,4,11955.25,0,💤 Low Engagers,1,3,0.003791617847489368,❄️ Cold Lead
5123,1951,Master,Married,27450.0,0,0,2013-04-15,57,37,12,23,8,11,52,1,2,1,3,7,0,0,0,0,0,0,0,63,143,440,0,7,17.875,0,0,2,13725.0,0,💤 Low Engagers,3,1,0.08908416044022753,❄️ Cold Lead
5756,1983,Graduation,Together,39453.0,1,0,2014-04-03,64,46,0,7,0,0,2,2,2,0,3,6,0,0,0,0,0,0,0,31,55,87,1,7,6.875,0,1,3,13151.0,0,💤 Low Engagers,2,3,0.006499302875910885,❄️ Cold Lead
8036,1971,Diploma,Together,26850.0,1,1,2014-04-18,10,31,1,13,7,2,9,4,2,1,4,4,0,0,0,0,0,0,0,43,63,72,2,11,5.25,0,1,4,6712.5,0,💤 Low Engagers,1,3,0.13614700930629384,❄️ Cold Lead
9058,1955,Graduation,Widow,79800.0,0,0,2012-09-23,65,1060,21,530,32,0,224,1,5,11,5,3,1,0,1,1,0,0,1,59,1867,644,0,22,81.17391304347827,3,0,1,79800.0,3,🏆 Champions,2,4,0.9365971455499172,🔥 Hot Lead
5057,1961,Master,Married,61794.0,0,1,2013-09-14,74,264,47,188,54,47,11,2,4,4,10,2,0,0,0,0,0,0,0,53,611,288,1,20,29.095238095238095,0,1,3,20598.0,2,👨‍👩‍👧 Active Parent Shoppers,3,1,0.004261126251521222,❄️ Cold Lead
254,1955,Graduation,Together,53863.0,0,1,2014-05-17,4,399,4,30,6,4,30,3,7,1,7,7,0,1,0,0,0,0,0,59,473,43,1,18,24.894736842105264,1,1,3,17954.333333333332,2,👨‍👩‍👧 Active Parent Shoppers,2,3,0.35428882888974367,❄️ Cold Lead
4179,1959,Graduation,Together,24221.0,0,0,2013-08-20,94,8,9,9,2,5,22,1,1,1,3,4,0,0,0,0,0,0,0,55,55,313,0,6,7.857142857142857,0,0,2,12110.5,0,💤 Low Engagers,2,3,0.013891382373963684,❄️ Cold Lead
3710,1984,PhD,Single,39684.0,1,0,2012-10-12,41,19,0,35,6,4,17,2,2,1,2,7,0,0,0,0,0,1,1,30,81,625,1,7,10.125,0,1,2,19842.0,0,💤 Low Engagers,4,2,0.7025514796251936,🔥 Hot Lead
7627,1975,Master,Married,92163.0,0,0,2012-12-12,25,817,183,797,106,163,20,0,5,11,5,2,0,0,1,1,0,0,1,39,2086,564,0,21,94.81818181818181,2,0,2,46081.5,3,🏆 Champions,3,1,0.8038104723807561,🔥 Hot Lead
4501,1965,Master,Single,69882.0,0,0,2013-11-10,94,292,127,635,132,127,165,1,3,7,9,1,0,0,0,0,0,0,0,49,1478,231,0,20,70.38095238095238,0,0,1,69882.0,1,🌟 High-Value Loyalists,3,2,0.140581870025255,❄️ Cold Lead
6424,1977,Graduation,Together,33178.0,1,0,2014-01-30,9,12,6,2,11,2,16,1,1,0,3,4,0,0,0,0,0,0,0,37,49,150,1,5,8.166666666666666,0,1,3,11059.333333333334,0,💤 Low Engagers,2,3,0.04024310692360647,❄️ Cold Lead
3075,1972,PhD,Married,59973.0,0,0,2013-09-11,47,130,30,168,20,34,0,1,3,4,7,1,0,0,0,0,0,0,0,42,382,291,0,15,23.875,0,0,2,29986.5,1,🌟 High-Value Loyalists,4,1,0.00913596676897251,❄️ Cold Lead
4992,1975,Master,Together,17459.0,1,0,2013-09-19,12,6,4,16,3,10,30,3,3,1,2,7,0,0,0,0,0,0,1,39,69,283,1,9,6.9,0,1,3,5819.666666666667,0,💤 Low Engagers,3,3,0.7669917026083468,🔥 Hot Lead
5252,1969,Graduation,Divorced,23910.0,1,0,2012-10-26,80,16,12,18,7,1,13,1,2,0,3,7,0,0,0,0,0,0,0,45,67,611,1,6,9.571428571428571,0,1,2,11955.0,0,💤 Low Engagers,2,0,0.2825373689987067,❄️ Cold Lead
7444,1969,Master,Married,42169.0,1,1,2013-10-19,20,19,0,9,0,0,2,2,1,0,3,8,0,0,0,0,0,0,0,45,30,253,2,6,4.285714285714286,0,1,4,10542.25,0,💤 Low Engagers,3,1,0.05980658238858094,❄️ Cold Lead
6919,1978,Diploma,Married,26224.0,1,0,2013-06-04,39,4,7,15,13,9,15,3,2,1,3,6,0,0,0,0,0,0,0,36,63,390,1,9,6.3,0,1,3,8741.333333333334,0,💤 Low Engagers,1,1,0.09903739675892849,❄️ Cold Lead
3537,1981,Graduation,Together,31089.0,1,0,2012-08-17,57,31,3,31,2,8,4,3,3,0,4,8,0,0,0,0,0,0,0,33,79,681,1,10,7.181818181818182,0,1,3,10363.0,0,💤 Low Engagers,2,3,0.3033809097110981,❄️ Cold Lead
10277,1961,Graduation,Single,30081.0,0,1,2013-02-21,27,36,0,2,0,0,4,1,1,0,3,7,0,0,0,0,0,0,0,53,42,493,1,5,7.0,0,1,2,15040.5,0,💤 Low Engagers,2,2,0.04512221457655586,❄️ Cold Lead
2453,1960,Graduation,Together,62807.0,0,1,2012-08-31,83,526,28,135,10,21,99,3,5,3,12,5,0,0,0,0,0,0,0,54,819,667,1,23,34.125,0,1,3,20935.666666666668,2,👨‍👩‍👧 Active Parent Shoppers,2,3,0.035768940966799535,❄️ Cold Lead
7972,1955,Graduation,Single,72906.0,0,0,2013-09-17,79,400,32,519,71,75,54,1,3,4,9,1,0,0,0,0,0,0,0,59,1151,285,0,17,63.94444444444444,0,0,1,72906.0,1,🌟 High-Value Loyalists,2,2,0.02878213894211732,❄️ Cold Lead
895,1948,PhD,Married,61467.0,0,2,2012-12-09,69,410,16,114,0,5,49,3,5,2,10,5,0,0,0,0,0,0,0,66,594,567,2,20,28.285714285714285,0,1,4,15366.75,2,👨‍👩‍👧 Active Parent Shoppers,4,1,0.13093814596443074,❄️ Cold Lead
1177,1966,Master,Together,49618.0,1,1,2013-01-26,77,80,3,26,4,2,14,4,3,1,3,7,0,0,0,0,0,0,0,48,129,519,2,11,10.75,0,1,4,12404.5,0,💤 Low Engagers,3,3,0.17316067103070296,❄️ Cold Lead
7141,1986,Master,Single,21888.0,1,0,2012-12-29,15,88,10,46,2,3,64,4,5,1,2,10,0,0,0,0,0,0,1,28,213,547,1,12,16.384615384615383,0,1,2,10944.0,0,💤 Low Engagers,3,2,0.7978142262743967,🔥 Hot Lead
7232,1973,Graduation,Widow,42429.0,0,1,2014-02-11,99,55,0,6,2,0,4,2,1,1,3,5,0,0,0,0,0,0,0,41,67,138,1,7,8.375,0,1,2,21214.5,0,💤 Low Engagers,2,4,0.010092072060375127,❄️ Cold Lead
8477,1956,Graduation,Divorced,26150.0,2,1,2013-03-11,61,5,1,13,3,5,1,1,1,0,3,7,0,0,0,0,0,0,0,58,28,475,3,5,4.666666666666667,0,1,4,6537.5,0,💤 Low Engagers,2,0,0.037569369058413835,❄️ Cold Lead
2457,1975,Basic,Married,30801.0,0,1,2012-10-26,23,8,4,5,15,2,11,2,1,0,3,7,0,0,0,0,0,0,0,39,45,611,1,6,6.428571428571429,0,1,3,10267.0,0,💤 Low Engagers,0,1,0.0866625700093003,❄️ Cold Lead
988,1965,Graduation,Married,81168.0,0,0,2014-05-07,84,410,0,592,147,22,22,1,6,4,7,3,0,0,0,1,0,0,0,49,1193,53,0,18,62.78947368421053,1,0,2,40584.0,1,🌟 High-Value Loyalists,2,1,0.05106530747308446,❄️ Cold Lead
7930,1969,Master,Single,26877.0,0,0,2013-08-19,74,101,13,76,20,18,40,2,3,1,6,6,0,0,0,0,0,0,0,45,268,314,0,12,20.615384615384617,0,0,1,26877.0,0,💤 Low Engagers,3,2,0.06318729138154572,❄️ Cold Lead
4587,1944,Master,Widow,45006.0,0,0,2013-07-18,90,162,25,53,16,0,10,1,3,1,7,3,0,0,0,0,0,0,0,70,266,346,0,12,20.46153846153846,0,0,1,45006.0,1,🌟 High-Value Loyalists,3,4,0.021471987508912976,❄️ Cold Lead
6682,1973,Basic,Married,18978.0,1,0,2012-12-11,41,2,8,1,4,7,15,1,1,0,3,8,0,0,0,0,0,0,0,41,37,565,1,5,6.166666666666667,0,1,3,6326.0,0,💤 Low Engagers,0,1,0.027150033344525037,❄️ Cold Lead
6222,1967,Graduation,Married,22574.0,2,1,2013-10-28,28,25,0,8,2,0,2,2,2,0,3,7,0,0,0,0,0,0,0,47,37,244,3,7,4.625,0,1,5,4514.8,0,💤 Low Engagers,2,1,0.013420332893286018,❄️ Cold Lead
10299,1969,PhD,Single,48240.0,0,0,2012-11-09,73,389,91,248,64,49,41,3,6,3,13,5,0,0,0,0,0,0,1,45,882,597,0,25,33.92307692307692,0,0,1,48240.0,2,👨‍👩‍👧 Active Parent Shoppers,4,2,0.6536186946286986,🌤 Warm Lead
3083,1974,Graduation,Married,45837.0,1,1,2013-07-26,88,215,13,87,17,17,24,5,6,2,5,7,0,0,0,0,0,0,0,40,373,338,2,18,19.63157894736842,0,1,4,11459.25,0,💤 Low Engagers,2,1,0.048370734549498445,❄️ Cold Lead
8953,1965,Master,Single,35791.0,2,1,2013-05-06,94,27,0,5,0,0,3,2,1,0,3,8,0,0,0,0,0,0,0,49,35,419,3,6,5.0,0,1,4,8947.75,0,💤 Low Engagers,3,2,0.019197952619933612,❄️ Cold Lead
1503,1976,PhD,Together,162397.0,1,1,2013-06-03,31,85,1,16,2,1,2,0,0,0,1,1,0,0,0,0,0,0,0,38,107,391,2,1,53.5,0,1,4,40599.25,1,🌟 High-Value Loyalists,4,3,0.008483577713575252,❄️ Cold Lead
8650,1978,Graduation,Widow,54162.0,1,1,2013-03-18,31,5,6,10,6,5,10,1,1,0,3,4,0,0,0,0,0,0,0,36,42,468,2,5,7.0,0,1,3,18054.0,0,💤 Low Engagers,2,4,0.01808936506908163,❄️ Cold Lead
10862,1960,Master,Married,30522.0,0,1,2012-08-17,6,179,8,83,19,11,26,5,1,2,9,2,0,0,0,0,0,0,0,54,326,681,1,17,18.11111111111111,0,1,3,10174.0,2,👨‍👩‍👧 Active Parent Shoppers,3,1,0.22361859317032975,❄️ Cold Lead
2782,1961,PhD,Married,54456.0,0,1,2013-07-11,23,352,0,27,10,0,15,3,6,1,7,6,0,0,0,0,0,0,0,53,404,353,1,17,22.444444444444443,0,1,3,18152.0,2,👨‍👩‍👧 Active Parent Shoppers,4,1,0.07075733902637478,❄️ Cold Lead
6941,1971,Graduation,Single,31632.0,0,0,2013-07-14,92,17,8,12,11,15,32,1,2,1,2,7,0,0,0,0,0,0,0,43,95,350,0,6,13.571428571428571,0,0,1,31632.0,0,💤 Low Engagers,2,2,0.08025455025714842,❄️ Cold Lead
10972,1949,Graduation,Widow,72298.0,0,0,2014-03-10,52,625,35,169,58,17,35,1,4,3,6,1,0,1,1,0,0,0,0,65,939,111,0,14,62.6,2,0,1,72298.0,3,🏆 Champions,2,4,0.17521688025399482,❄️ Cold Lead
10708,1978,Diploma,Single,36975.0,1,0,2013-12-28,50,10,6,11,0,4,2,1,1,0,3,7,0,0,0,0,0,0,0,36,33,183,1,5,5.5,0,1,2,18487.5,0,💤 Low Engagers,1,2,0.003946914608262485,❄️ Cold Lead
6583,1955,Diploma,Married,72635.0,0,0,2013-06-03,54,390,22,323,104,35,107,1,6,8,6,3,0,0,0,1,0,0,0,59,981,391,0,21,44.59090909090909,1,0,2,36317.5,1,🌟 High-Value Loyalists,1,1,0.09780909033323314,❄️ Cold Lead
3641,1976,Graduation,Married,13624.0,1,0,2013-01-20,93,10,2,15,2,1,6,2,2,0,3,6,0,0,0,0,0,0,0,38,36,525,1,7,4.5,0,1,3,4541.333333333333,0,💤 Low Engagers,2,1,0.028513390306043093,❄️ Cold Lead
10156,1975,Graduation,Single,84196.0,0,1,2013-06-03,56,215,63,507,231,31,190,1,8,4,7,3,0,0,0,0,0,0,0,39,1237,391,1,20,58.904761904761905,0,1,2,42098.0,2,👨‍👩‍👧 Active Parent Shoppers,2,2,0.16334902041590296,❄️ Cold Lead
4299,1960,Graduation,Together,70971.0,0,1,2012-09-21,28,1001,17,572,93,125,17,7,11,11,5,7,0,0,0,0,0,0,1,54,1825,646,1,34,52.142857142857146,0,1,3,23657.0,2,👨‍👩‍👧 Active Parent Shoppers,2,3,0.2138352489331635,❄️ Cold Lead
3469,1977,PhD,Divorced,34487.0,1,1,2012-09-06,94,19,18,33,24,1,8,3,3,0,3,9,0,0,0,0,0,0,0,37,103,661,2,9,10.3,0,1,3,11495.666666666666,0,💤 Low Engagers,4,0,0.1928026126959526,❄️ Cold Lead
5063,1977,Graduation,Single,28769.0,1,0,2012-12-18,76,41,5,129,10,3,3,3,4,1,4,9,0,0,0,0,0,0,0,37,191,558,1,12,14.692307692307692,0,1,2,14384.5,0,💤 Low Engagers,2,2,0.19447309145917255,❄️ Cold Lead
10727,1970,PhD,Married,69084.0,1,0,2013-11-19,43,1181,107,199,39,30,30,2,7,3,13,8,0,0,0,0,0,0,0,44,1586,222,1,25,61.0,0,1,3,23028.0,2,👨‍👩‍👧 Active Parent Shoppers,4,1,0.028170818676335963,❄️ Cold Lead
9624,1958,PhD,Together,65488.0,0,0,2014-06-13,46,603,45,207,36,18,54,1,3,4,6,1,0,0,0,0,0,0,0,56,963,16,0,14,64.2,0,0,2,32744.0,1,🌟 High-Value Loyalists,4,3,0.0063673081773498365,❄️ Cold Lead
5156,1970,Diploma,Married,62466.0,0,1,2014-01-15,13,129,129,259,168,121,83,5,6,3,12,4,0,0,0,0,0,0,0,44,889,165,1,26,32.925925925925924,0,1,3,20822.0,2,👨‍👩‍👧 Active Parent Shoppers,1,1,0.0334453771709009,❄️ Cold Lead
4376,1960,Diploma,Single,32218.0,0,0,2014-02-15,27,10,24,15,13,1,30,1,2,1,3,7,1,0,0,0,0,0,1,54,93,134,0,7,11.625,1,0,1,32218.0,0,💤 Low Engagers,1,2,0.7294355440023516,🔥 Hot Lead
8923,1973,Graduation,Single,83917.0,0,0,2013-04-18,12,514,22,732,42,198,79,1,6,7,7,3,0,0,0,0,0,0,1,41,1587,437,0,21,72.13636363636364,0,0,1,83917.0,1,🌟 High-Value Loyalists,2,2,0.8557135186788111,🔥 Hot Lead
8461,1962,Graduation,Divorced,46102.0,2,1,2014-03-10,3,14,0,1,0,0,1,1,1,0,2,7,0,0,0,0,0,0,0,52,16,111,3,4,3.2,0,1,4,11525.5,0,💤 Low Engagers,2,0,0.02683323190388308,❄️ Cold Lead
6945,1952,Graduation,Single,84574.0,0,0,2013-06-04,72,387,20,713,38,54,163,1,9,11,11,5,0,0,0,0,0,0,0,62,1375,390,0,32,41.666666666666664,0,0,1,84574.0,1,🌟 High-Value Loyalists,2,2,0.09510610788908287,❄️ Cold Lead
944,1962,Graduation,Married,56181.0,0,1,2013-01-08,6,121,103,69,8,44,48,1,4,2,7,4,0,0,0,0,0,0,0,52,393,537,1,14,26.2,0,1,3,18727.0,2,👨‍👩‍👧 Active Parent Shoppers,2,1,0.16352490000341025,❄️ Cold Lead
1907,1950,Master,Divorced,63120.0,0,1,2012-09-28,53,965,69,279,54,41,69,5,8,4,9,7,0,0,0,0,0,0,1,64,1477,639,1,26,54.7037037037037,0,1,2,31560.0,2,👨‍👩‍👧 Active Parent Shoppers,3,0,0.22351936207683792,❄️ Cold Lead
701,1971,Graduation,Married,73691.0,0,1,2013-11-06,58,707,21,250,85,43,73,2,6,2,8,2,1,0,0,0,0,0,0,43,1179,235,1,18,62.05263157894737,1,1,3,24563.666666666668,1,🌟 High-Value Loyalists,2,1,0.10671307251921126,❄️ Cold Lead
3856,1960,Graduation,Together,63381.0,0,1,2012-10-05,78,571,50,142,33,50,159,4,4,5,13,2,0,0,0,0,0,0,0,54,1005,632,1,26,37.22222222222222,0,1,3,21127.0,2,👨‍👩‍👧 Active Parent Shoppers,2,3,0.022763316175567944,❄️ Cold Lead
4149,1948,PhD,Together,76140.0,0,0,2014-05-13,57,586,66,653,17,0,26,1,5,9,6,2,0,0,0,0,0,0,0,66,1348,47,0,21,61.27272727272727,0,0,2,38070.0,1,🌟 High-Value Loyalists,4,3,0.021976182133155914,❄️ Cold Lead
2131,1959,PhD,Divorced,62859.0,0,1,2012-12-30,37,1063,89,102,16,12,25,4,9,4,6,6,0,0,0,0,0,0,0,55,1307,546,1,23,54.458333333333336,0,1,2,31429.5,2,👨‍👩‍👧 Active Parent Shoppers,4,0,0.2618076007326545,❄️ Cold Lead
2942,1964,Graduation,Single,45906.0,0,1,2013-05-07,20,305,3,27,4,3,144,2,5,4,4,5,1,0,0,0,0,0,0,50,486,418,1,15,30.375,1,1,2,22953.0,2,👨‍👩‍👧 Active Parent Shoppers,2,2,0.31935731895980846,❄️ Cold Lead
1173,1947,Master,Together,77632.0,0,0,2013-03-10,73,1200,105,758,0,42,147,1,4,2,6,2,0,1,1,0,0,0,1,67,2252,476,0,13,160.85714285714286,2,0,2,38816.0,3,🏆 Champions,3,3,0.7122627971860541,🔥 Hot Lead
4381,1971,PhD,Married,46463.0,1,1,2013-08-18,56,163,2,40,8,11,11,7,3,1,6,6,0,0,0,0,0,0,0,43,235,315,2,17,13.055555555555555,0,1,4,11615.75,0,💤 Low Engagers,4,1,0.04291759779751914,❄️ Cold Lead
4611,1970,Graduation,Together,105471.0,0,0,2013-01-21,36,1009,181,104,202,21,207,0,9,8,13,3,0,0,1,1,0,0,1,44,1724,524,0,30,55.61290322580645,2,0,2,52735.5,3,🏆 Champions,2,3,0.8510277542465231,🔥 Hot Lead
3376,1970,Master,Divorced,55282.0,1,0,2013-12-13,9,125,6,73,8,4,19,1,3,1,6,4,0,0,0,0,0,0,0,44,235,198,1,11,19.583333333333332,0,1,2,27641.0,0,💤 Low Engagers,3,0,0.10007796602811653,❄️ Cold Lead
4679,1977,Master,Married,78710.0,0,1,2014-05-23,42,721,0,152,119,50,50,3,7,6,12,4,0,0,0,0,0,0,0,37,1092,37,1,28,37.6551724137931,0,1,3,26236.666666666668,2,👨‍👩‍👧 Active Parent Shoppers,3,1,0.012665781345882891,❄️ Cold Lead
10928,1958,Graduation,Together,66886.0,0,1,2013-09-16,28,315,4,62,41,31,146,2,7,1,7,5,0,0,0,0,0,0,0,56,599,286,1,17,33.27777777777778,0,1,3,22295.333333333332,2,👨‍👩‍👧 Active Parent Shoppers,2,3,0.025921919805959308,❄️ Cold Lead
4248,1960,Master,Single,98777.0,0,0,2014-02-17,23,1000,19,711,125,115,38,0,4,6,9,1,0,1,0,0,0,0,0,54,2008,132,0,19,100.4,1,0,1,98777.0,1,🌟 High-Value Loyalists,3,2,0.26436496895758516,❄️ Cold Lead
6728,1985,Graduation,Together,29103.0,1,0,2012-08-27,38,16,0,17,6,3,6,2,1,0,3,9,0,0,0,0,0,0,0,29,48,671,1,6,6.857142857142857,0,1,3,9701.0,0,💤 Low Engagers,2,3,0.16206476001528777,❄️ Cold Lead
6661,1974,Graduation,Married,67445.0,0,1,2012-08-12,63,757,80,217,29,80,11,5,9,6,12,6,0,0,0,0,0,0,0,40,1174,686,1,32,35.57575757575758,0,1,3,22481.666666666668,2,👨‍👩‍👧 Active Parent Shoppers,2,1,0.0373791550404188,❄️ Cold Lead
4725,1950,PhD,Together,50616.0,0,1,2014-04-13,71,30,2,25,0,1,9,1,1,1,4,2,0,0,0,0,0,0,0,64,67,77,1,7,8.375,0,1,3,16872.0,0,💤 Low Engagers,4,3,0.004015234206762977,❄️ Cold Lead
3277,1955,Graduation,Divorced,49431.0,0,1,2012-08-03,9,219,3,100,26,0,17,2,7,1,5,8,0,0,0,0,0,0,0,59,365,695,1,15,22.8125,0,1,2,24715.5,2,👨‍👩‍👧 Active Parent Shoppers,2,0,0.3702316297142634,❄️ Cold Lead
5555,1975,Graduation,Divorced,153924.0,0,0,2014-02-07,81,1,1,1,1,1,1,0,0,0,0,0,0,0,0,0,0,0,0,39,6,142,0,0,6.0,0,0,1,153924.0,1,🌟 High-Value Loyalists,2,0,0.095,❄️ Cold Lead
2564,1953,Graduation,Together,61278.0,0,1,2014-01-04,87,111,3,28,2,6,15,2,3,1,4,6,0,0,0,0,0,0,0,61,165,176,1,10,15.0,0,1,3,20426.0,0,💤 Low Engagers,2,3,0.029087178895241674,❄️ Cold Lead
946,1958,Diploma,Together,26490.0,0,0,2012-09-22,92,45,47,52,21,20,25,2,3,1,5,6,0,0,0,0,0,0,0,56,210,645,0,11,17.5,0,0,2,13245.0,0,💤 Low Engagers,1,3,0.1973192172851301,❄️ Cold Lead
3867,1947,PhD,Together,73059.0,0,1,2013-08-31,36,410,112,420,0,82,71,1,9,3,13,4,0,0,0,0,0,0,0,67,1095,302,1,26,40.55555555555556,0,1,3,24353.0,2,👨‍👩‍👧 Active Parent Shoppers,4,3,0.015050546454104016,❄️ Cold Lead
6940,1966,PhD,Single,46734.0,1,2,2013-10-21,86,100,1,39,6,1,76,4,3,2,3,6,1,0,0,0,0,0,0,48,223,251,3,12,17.153846153846153,1,1,4,11683.5,0,💤 Low Engagers,4,2,0.07848170494353257,❄️ Cold Lead
55,1963,Graduation,Together,56253.0,0,1,2012-12-07,83,509,0,65,7,11,5,4,7,2,9,6,0,0,0,0,0,0,0,51,597,569,1,22,25.956521739130434,0,1,3,18751.0,2,👨‍👩‍👧 Active Parent Shoppers,2,3,0.06453617790077265,❄️ Cold Lead
7093,1985,Graduation,Married,19986.0,1,0,2013-11-14,74,3,6,5,0,2,6,1,0,0,3,7,0,0,0,0,0,0,0,29,22,227,1,4,4.4,0,1,3,6662.0,0,💤 Low Engagers,2,1,0.006144643593044249,❄️ Cold Lead
5084,1975,Graduation,Widow,58330.0,0,1,2013-12-25,87,445,53,213,104,98,151,1,6,4,13,4,0,0,0,0,0,0,0,39,1064,186,1,24,42.56,0,1,2,29165.0,2,👨‍👩‍👧 Active Parent Shoppers,2,4,0.0010883961059995426,❄️ Cold Lead
1777,1980,Basic,Married,25965.0,0,0,2012-09-07,29,2,2,11,41,7,11,1,2,0,3,8,0,0,0,0,0,0,0,34,74,660,0,6,10.571428571428571,0,0,2,12982.5,0,💤 Low Engagers,0,1,0.26427984379173436,❄️ Cold Lead
8162,1956,Master,Together,14661.0,0,0,2013-01-01,88,4,1,11,6,2,2,1,1,0,3,6,0,0,0,0,0,0,0,58,26,544,0,5,4.333333333333333,0,0,2,7330.5,0,💤 Low Engagers,3,3,0.04324709854156392,❄️ Cold Lead
10826,1959,Graduation,Married,18690.0,0,0,2012-12-28,77,6,1,7,23,4,19,1,1,1,2,8,0,0,0,0,0,0,0,55,60,548,0,5,10.0,0,0,2,9345.0,0,💤 Low Engagers,2,1,0.07096027124427146,❄️ Cold Lead
8754,1974,PhD,Together,45068.0,0,1,2013-05-16,25,14,0,3,0,0,3,1,1,0,2,7,0,0,0,0,0,0,0,40,20,409,1,4,4.0,0,1,3,15022.666666666666,0,💤 Low Engagers,4,3,0.01793108560780642,❄️ Cold Lead
1987,1987,Basic,Single,21063.0,1,0,2013-09-25,34,1,10,11,19,3,15,2,2,0,3,6,0,0,0,0,0,0,0,27,59,277,1,7,7.375,0,1,2,10531.5,0,💤 Low Engagers,0,2,0.035748856406955284,❄️ Cold Lead
11007,1968,PhD,Married,29187.0,1,0,2013-05-09,43,26,0,6,0,0,2,1,1,0,3,8,0,0,0,0,0,0,0,46,34,416,1,5,5.666666666666667,0,1,3,9729.0,0,💤 Low Engagers,4,1,0.02644230857045675,❄️ Cold Lead
7426,1971,Diploma,Married,54690.0,1,1,2013-11-07,76,111,16,37,7,9,18,3,3,1,5,3,0,0,0,0,0,0,0,43,198,234,2,12,15.23076923076923,0,1,4,13672.5,0,💤 Low Engagers,1,1,0.021250121477930737,❄️ Cold Lead
9153,1964,PhD,Married,59304.0,0,1,2013-07-29,81,418,61,428,80,51,10,3,7,8,10,5,0,0,0,0,0,0,0,50,1048,335,1,28,36.13793103448276,0,1,3,19768.0,2,👨‍👩‍👧 Active Parent Shoppers,4,1,0.03024173959264169,❄️ Cold Lead
10379,1962,Master,Single,59247.0,0,2,2013-11-08,87,327,9,122,19,14,83,5,5,2,9,6,0,0,0,0,0,0,0,52,574,233,2,21,26.09090909090909,0,1,3,19749.0,2,👨‍👩‍👧 Active Parent Shoppers,3,2,0.016299416753373916,❄️ Cold Lead
9204,1970,Graduation,Widow,66731.0,0,1,2012-09-12,33,371,159,194,58,106,141,4,4,3,6,3,0,0,0,0,0,0,0,44,1029,655,1,17,57.166666666666664,0,1,2,33365.5,2,👨‍👩‍👧 Active Parent Shoppers,2,4,0.12003397608120261,❄️ Cold Lead
3197,1980,Graduation,Married,77353.0,0,1,2013-12-16,38,275,59,107,69,101,59,2,6,4,8,4,0,0,0,0,0,0,0,34,670,195,1,20,31.904761904761905,0,1,3,25784.333333333332,2,👨‍👩‍👧 Active Parent Shoppers,2,1,0.006681415309096319,❄️ Cold Lead
2920,1975,PhD,Single,52614.0,0,1,2012-12-01,63,789,0,142,12,9,38,2,2,4,8,8,0,0,0,0,0,0,0,39,990,575,1,16,58.23529411764706,0,1,2,26307.0,2,👨‍👩‍👧 Active Parent Shoppers,4,2,0.13304752169530928,❄️ Cold Lead
6961,1974,Graduation,Married,26751.0,2,0,2014-05-22,26,1,1,5,0,3,1,1,1,0,2,8,0,0,0,0,0,0,0,40,11,38,2,4,2.2,0,1,4,6687.75,0,💤 Low Engagers,2,1,0.024490729386272735,❄️ Cold Lead
4673,1963,PhD,Married,81300.0,0,1,2012-10-30,17,1004,12,145,32,12,36,3,10,3,5,5,0,0,0,1,0,0,1,51,1241,607,1,21,56.40909090909091,1,1,3,27100.0,2,👨‍👩‍👧 Active Parent Shoppers,4,1,0.7958356400402193,🔥 Hot Lead
9937,1979,Graduation,Single,70337.0,0,0,2014-01-02,75,187,81,149,25,43,91,1,2,2,12,1,0,0,0,0,0,0,0,35,576,178,0,17,32.0,0,0,1,70337.0,1,🌟 High-Value Loyalists,2,2,0.00863806562429398,❄️ Cold Lead
8779,1985,Diploma,Married,36145.0,1,0,2013-06-16,13,56,4,76,17,1,18,4,4,1,3,9,1,0,0,0,0,0,1,29,172,378,1,12,13.23076923076923,1,1,3,12048.333333333334,0,💤 Low Engagers,1,1,0.8524668534909607,🔥 Hot Lead
9596,1980,PhD,Single,65295.0,0,0,2013-12-23,19,365,32,117,34,110,6,1,3,3,13,2,0,0,0,0,0,0,0,34,664,188,0,20,31.61904761904762,0,0,1,65295.0,1,🌟 High-Value Loyalists,4,2,0.07732112544159749,❄️ Cold Lead
2891,1963,Graduation,Divorced,68118.0,0,1,2013-10-18,51,595,23,123,10,23,154,2,8,9,4,6,0,0,0,0,0,0,0,51,928,254,1,23,38.666666666666664,0,1,2,34059.0,2,👨‍👩‍👧 Active Parent Shoppers,2,0,0.03828233945516221,❄️ Cold Lead
4910,1967,Graduation,Divorced,68743.0,0,0,2012-08-30,81,1132,134,384,175,134,115,1,11,5,13,7,0,0,0,0,0,0,0,47,2074,668,0,30,66.90322580645162,0,0,1,68743.0,1,🌟 High-Value Loyalists,2,0,0.08159223368921271,❄️ Cold Lead
75,1982,Diploma,Together,41039.0,0,0,2013-07-25,32,34,11,137,179,61,45,1,8,1,5,8,0,0,0,0,0,0,0,32,467,339,0,15,29.1875,0,0,2,20519.5,0,💤 Low Engagers,1,3,0.12247422945936469,❄️ Cold Lead
10120,1955,Graduation,Together,38946.0,0,1,2013-10-24,84,116,6,82,6,6,41,2,3,1,6,5,0,0,0,0,0,0,0,59,257,248,1,12,19.76923076923077,0,1,3,12982.0,0,💤 Low Engagers,2,3,0.02307973930614008,❄️ Cold Lead
6327,1967,Graduation,Together,65777.0,0,0,2013-12-19,87,565,32,435,28,32,54,1,2,8,6,1,0,0,0,0,0,0,0,47,1146,192,0,17,63.666666666666664,0,0,2,32888.5,1,🌟 High-Value Loyalists,2,3,0.0036531962058322276,❄️ Cold Lead
10142,1976,PhD,Divorced,66476.0,0,1,2013-03-07,99,372,18,126,47,48,78,2,5,2,11,4,0,0,0,0,0,0,0,38,689,479,1,20,32.80952380952381,0,1,2,33238.0,2,👨‍👩‍👧 Active Parent Shoppers,4,0,0.050886844857981305,❄️ Cold Lead
9826,1972,PhD,Single,86857.0,0,0,2012-09-12,96,899,102,838,133,102,40,1,5,6,10,2,0,0,0,0,0,0,1,42,2114,655,0,22,91.91304347826087,0,0,1,86857.0,1,🌟 High-Value Loyalists,4,2,0.9036069740467673,🔥 Hot Lead
1501,1982,PhD,Married,160803.0,0,0,2012-08-04,21,55,16,1622,17,3,4,15,0,28,1,0,0,0,0,0,0,0,0,32,1717,694,0,44,38.15555555555556,0,0,2,80401.5,1,🌟 High-Value Loyalists,4,1,0.21875565475524472,❄️ Cold Lead
10767,1989,PhD,Together,77845.0,0,0,2014-05-16,40,760,40,480,0,40,26,1,3,5,12,1,0,0,1,1,0,0,0,25,1346,44,0,21,61.18181818181818,2,0,2,38922.5,3,🏆 Champions,4,3,0.03879507386777029,❄️ Cold Lead
7279,1969,PhD,Together,69476.0,0,0,2013-09-30,3,260,86,559,63,9,67,1,4,6,4,2,0,0,0,0,0,0,0,45,1044,272,0,15,65.25,0,0,2,34738.0,1,🌟 High-Value Loyalists,4,3,0.09323293090342023,❄️ Cold Lead
7230,1960,PhD,Divorced,50611.0,0,1,2012-10-04,98,459,0,24,6,0,4,6,4,5,7,6,0,1,0,0,0,0,1,54,493,633,1,22,21.434782608695652,1,1,2,25305.5,2,👨‍👩‍👧 Active Parent Shoppers,4,0,0.1643957544983194,❄️ Cold Lead
143,1970,Graduation,Single,61209.0,0,0,2013-08-25,73,466,0,224,119,49,99,1,5,3,4,2,0,0,0,0,0,0,0,44,957,308,0,13,68.35714285714286,0,0,1,61209.0,1,🌟 High-Value Loyalists,2,2,0.043459930551842614,❄️ Cold Lead
450,1958,Master,Together,42315.0,0,1,2013-07-12,90,67,15,80,17,11,80,3,1,4,4,3,0,0,0,0,0,0,0,56,270,352,1,12,20.76923076923077,0,1,3,14105.0,0,💤 Low Engagers,3,3,0.02091758371735532,❄️ Cold Lead
9316,1952,Basic,Together,13084.0,0,0,2013-11-02,29,2,0,7,3,7,10,1,1,0,3,6,0,0,0,0,0,0,0,62,29,239,0,5,4.833333333333333,0,0,2,6542.0,0,💤 Low Engagers,0,3,0.02038734183885262,❄️ Cold Lead
6379,1949,Master,Widow,47570.0,1,1,2013-05-29,3,67,1,20,0,2,31,3,2,2,2,7,0,0,0,0,0,0,1,65,121,396,2,9,12.1,0,1,3,15856.666666666666,0,💤 Low Engagers,3,4,0.6632417474270841,🌤 Warm Lead
9239,1961,Master,Married,61923.0,0,2,2013-07-26,94,92,4,18,3,3,6,1,2,1,4,3,0,0,0,0,0,0,0,53,126,338,2,8,14.0,0,1,4,15480.75,0,💤 Low Engagers,3,1,0.009740861230333504,❄️ Cold Lead
8315,1995,Graduation,Single,34824.0,0,0,2014-03-26,65,4,2,11,2,0,4,1,1,0,2,6,0,0,0,0,0,0,0,19,23,95,0,4,4.6,0,0,1,34824.0,0,💤 Low Engagers,2,2,0.0069675518473482235,❄️ Cold Lead
2868,1949,PhD,Single,26518.0,1,1,2013-04-08,33,20,1,28,3,3,2,3,2,0,3,8,0,0,0,0,0,0,1,65,57,447,2,8,6.333333333333333,0,1,3,8839.333333333334,0,💤 Low Engagers,4,2,0.5447732134452993,🌤 Warm Lead
10888,1961,Graduation,Single,45938.0,0,0,2013-11-03,46,273,11,178,62,83,29,2,8,4,6,6,0,0,0,0,0,0,0,53,636,238,0,20,30.285714285714285,0,0,1,45938.0,2,👨‍👩‍👧 Active Parent Shoppers,2,2,0.16731863869089153,❄️ Cold Lead
1277,1960,Graduation,Together,78468.0,0,0,2014-04-09,29,434,22,388,104,22,34,1,10,7,10,4,0,0,0,1,0,0,0,54,1004,81,0,28,34.62068965517241,1,0,2,39234.0,1,🌟 High-Value Loyalists,2,3,0.061465749952822744,❄️ Cold Lead
9977,1973,Graduation,Divorced,78901.0,0,1,2013-09-17,99,321,11,309,33,26,34,3,9,3,5,4,0,0,0,0,0,0,0,41,734,285,1,20,34.95238095238095,0,1,2,39450.5,2,👨‍👩‍👧 Active Parent Shoppers,2,0,0.033449936800284685,❄️ Cold Lead
10196,1978,Graduation,Married,71427.0,2,0,2014-03-12,26,212,123,177,15,64,23,2,8,2,8,4,0,0,0,0,0,0,0,36,614,109,2,20,29.238095238095237,0,1,4,17856.75,2,👨‍👩‍👧 Active Parent Shoppers,2,1,0.04305671944536851,❄️ Cold Lead
6384,1978,Graduation,Divorced,71022.0,0,1,2014-02-11,30,909,12,278,0,12,242,3,5,2,11,8,1,0,0,0,0,0,0,36,1453,138,1,21,66.04545454545455,1,1,2,35511.0,2,👨‍👩‍👧 Active Parent Shoppers,2,0,0.06400395794879937,❄️ Cold Lead
8029,1988,Master,Single,90247.0,0,0,2014-04-29,27,1184,32,352,21,16,16,1,3,4,7,1,0,1,1,1,0,0,1,26,1621,61,0,15,101.3125,3,0,1,90247.0,3,🏆 Champions,3,2,0.6557627772146603,🌤 Warm Lead
968,1968,Master,Divorced,41335.0,1,0,2013-12-26,24,112,19,21,16,14,5,3,4,1,4,7,0,0,0,0,0,0,0,46,187,185,1,12,14.384615384615385,0,1,2,20667.5,0,💤 Low Engagers,3,0,0.10924909658683632,❄️ Cold Lead
6988,1986,Graduation,Married,71952.0,1,0,2013-01-10,93,656,80,455,52,107,93,2,8,4,8,4,1,0,1,0,0,0,0,28,1443,535,1,22,62.73913043478261,2,1,3,23984.0,3,🏆 Champions,2,1,0.09606974103057427,❄️ Cold Lead
4472,1970,PhD,Divorced,35682.0,1,0,2014-06-27,34,23,0,8,6,2,18,1,1,1,3,2,0,0,0,0,0,0,0,44,57,2,1,6,8.142857142857142,0,1,2,17841.0,0,💤 Low Engagers,4,0,0.036360167488201124,❄️ Cold Lead
6991,1951,Graduation,Divorced,43185.0,0,1,2013-04-10,88,537,6,42,16,6,30,2,9,3,6,8,0,0,0,0,0,0,0,63,637,445,1,20,30.333333333333332,0,1,2,21592.5,2,👨‍👩‍👧 Active Parent Shoppers,2,0,0.09800768629809278,❄️ Cold Lead
3336,1948,PhD,Together,66375.0,0,1,2013-11-21,96,712,0,45,0,0,191,3,2,4,5,7,1,0,0,0,0,0,0,66,948,220,1,14,63.2,1,1,3,22125.0,2,👨‍👩‍👧 Active Parent Shoppers,4,3,0.0678997422245131,❄️ Cold Lead
4301,1971,Master,Married,35178.0,1,0,2013-01-10,10,23,1,13,2,2,18,1,1,1,2,7,1,0,0,0,0,0,1,43,59,535,1,5,9.833333333333334,1,1,3,11726.0,0,💤 Low Engagers,3,1,0.9312208173813253,🔥 Hot Lead
1940,1986,Graduation,Married,25252.0,1,0,2013-07-12,26,1,3,4,2,2,6,1,1,0,2,8,0,0,0,0,0,0,0,28,18,352,1,4,3.6,0,1,3,8417.333333333334,0,💤 Low Engagers,2,1,0.0499642246170081,❄️ Cold Lead
1272,1965,Master,Single,55250.0,0,1,2012-10-21,49,664,58,83,32,0,66,4,7,5,10,5,0,0,0,0,0,0,0,49,903,616,1,26,33.44444444444444,0,1,2,27625.0,2,👨‍👩‍👧 Active Parent Shoppers,3,2,0.11590622985675733,❄️ Cold Lead
1388,1975,Graduation,Single,33249.0,1,0,2013-02-20,11,6,10,21,19,14,42,2,2,1,3,6,0,0,0,0,0,0,0,39,112,494,1,8,12.444444444444445,0,1,2,16624.5,0,💤 Low Engagers,2,2,0.3633703805884692,❄️ Cold Lead
1044,1953,Graduation,Together,58398.0,0,0,2013-05-14,44,299,5,201,21,21,49,3,5,4,8,4,0,0,0,0,0,0,0,61,596,411,0,20,28.38095238095238,0,0,2,29199.0,1,🌟 High-Value Loyalists,2,3,0.02850184889897879,❄️ Cold Lead
6969,1982,Graduation,Together,50272.0,1,0,2013-08-07,75,99,13,66,43,8,4,3,4,1,5,7,0,0,0,0,0,0,0,32,233,326,1,13,16.642857142857142,0,1,3,16757.333333333332,0,💤 Low Engagers,2,3,0.019230855816300855,❄️ Cold Lead
10479,1975,PhD,Married,76618.0,0,0,2012-12-07,64,749,40,294,121,160,147,1,3,2,5,1,0,0,0,0,0,0,0,39,1511,569,0,11,125.91666666666667,0,0,2,38309.0,1,🌟 High-Value Loyalists,4,1,0.12203993545684373,❄️ Cold Lead
3619,1960,Diploma,Divorced,87305.0,0,0,2012-09-23,19,345,25,501,63,138,80,1,5,3,8,2,0,0,1,0,0,0,1,54,1152,644,0,17,64.0,1,0,1,87305.0,1,🌟 High-Value Loyalists,1,0,0.8236127487892309,🔥 Hot Lead
1715,1978,Graduation,Together,25851.0,1,0,2013-02-11,45,9,4,18,7,5,5,2,2,0,3,7,0,0,0,0,0,0,0,36,48,503,1,7,6.0,0,1,3,8617.0,0,💤 Low Engagers,2,3,0.07090504003913432,❄️ Cold Lead
10159,1970,Graduation,Divorced,58710.0,0,1,2013-03-31,77,440,81,368,0,122,174,6,11,5,9,6,0,0,0,0,0,0,0,44,1185,455,1,31,37.03125,0,1,2,29355.0,2,👨‍👩‍👧 Active Parent Shoppers,2,0,0.050299480135889606,❄️ Cold Lead
1463,1958,Graduation,Single,45160.0,1,1,2014-03-29,9,8,2,5,3,0,3,1,1,0,2,7,0,0,0,0,0,0,0,56,21,92,2,4,4.2,0,1,3,15053.333333333334,0,💤 Low Engagers,2,2,0.023573850513617805,❄️ Cold Lead
5114,1965,Master,Married,74806.0,0,1,2012-12-19,1,670,9,249,0,28,9,2,5,4,5,4,0,0,0,0,0,0,0,49,965,557,1,16,56.76470588235294,0,1,3,24935.333333333332,2,👨‍👩‍👧 Active Parent Shoppers,3,1,0.13942239010873297,❄️ Cold Lead
4990,1954,Graduation,Married,59111.0,0,0,2013-05-02,90,524,0,134,28,28,155,1,11,1,8,7,0,0,0,0,0,0,0,60,869,423,0,21,39.5,0,0,2,29555.5,2,👨‍👩‍👧 Active Parent Shoppers,2,1,0.021454190228658777,❄️ Cold Lead
4329,1984,PhD,Married,18988.0,1,0,2014-05-23,43,6,0,6,2,1,1,2,1,0,3,7,0,0,0,0,0,0,0,30,16,37,1,6,2.2857142857142856,0,1,3,6329.333333333333,0,💤 Low Engagers,4,1,0.004533520829560669,❄️ Cold Lead
10936,1965,Graduation,Married,72190.0,0,0,2013-02-13,79,597,166,597,172,166,249,1,5,6,4,3,0,0,0,0,0,0,0,49,1947,501,0,16,114.52941176470588,0,0,2,36095.0,1,🌟 High-Value Loyalists,2,1,0.1607220437169582,❄️ Cold Lead
4692,1976,Graduation,Married,7500.0,1,0,2012-08-01,19,7,0,12,13,7,32,5,4,1,2,9,1,0,0,0,0,0,1,38,71,697,1,12,5.461538461538462,1,1,3,2500.0,0,💤 Low Engagers,2,1,0.8620353725597307,🔥 Hot Lead
7212,1966,Graduation,Married,44794.0,0,1,2014-06-08,99,54,0,7,0,0,4,1,2,0,3,6,0,0,0,0,0,0,0,48,65,21,1,6,9.285714285714286,0,1,3,14931.333333333334,0,💤 Low Engagers,2,1,0.0036520505606657577,❄️ Cold Lead
6086,1955,Graduation,Married,80395.0,0,0,2013-11-23,62,445,25,706,80,76,48,1,6,5,12,2,0,0,0,1,0,0,0,59,1380,218,0,24,55.2,1,0,2,40197.5,1,🌟 High-Value Loyalists,2,1,0.07844703691722216,❄️ Cold Lead
437,1976,Master,Divorced,75012.0,0,0,2014-01-25,41,294,142,218,164,58,151,1,3,8,11,1,0,0,0,0,0,0,0,38,1027,155,0,23,42.791666666666664,0,0,1,75012.0,1,🌟 High-Value Loyalists,3,0,0.06582497265793455,❄️ Cold Lead
11171,1965,Master,Married,56962.0,2,1,2013-10-11,60,292,3,77,10,3,26,7,6,3,5,7,0,0,0,0,0,0,0,49,411,261,3,21,18.681818181818183,0,1,5,11392.4,2,👨‍👩‍👧 Active Parent Shoppers,3,1,0.05224163452857515,❄️ Cold Lead
11101,1991,Graduation,Together,89891.0,0,0,2013-04-15,17,412,22,132,59,28,183,1,11,6,8,4,0,0,1,0,0,0,0,23,836,440,0,26,30.962962962962962,1,0,2,44945.5,1,🌟 High-Value Loyalists,2,3,0.4743786160512267,🌤 Warm Lead
5329,1949,PhD,Divorced,35946.0,1,1,2013-09-27,24,8,0,3,0,0,0,1,0,0,3,5,0,0,0,0,0,0,0,65,11,275,2,4,2.2,0,1,3,11982.0,0,💤 Low Engagers,4,0,0.02618142026954779,❄️ Cold Lead
610,1953,PhD,Together,53593.0,1,1,2012-08-07,60,349,4,78,6,0,43,8,7,2,6,8,0,0,0,0,0,0,0,61,480,691,2,23,20.0,0,1,4,13398.25,2,👨‍👩‍👧 Active Parent Shoppers,4,3,0.4416346520904452,🌤 Warm Lead
9384,1978,Graduation,Married,66373.0,1,1,2013-06-12,57,328,9,124,12,24,109,7,4,2,10,3,0,0,0,0,0,0,0,36,606,382,2,23,25.25,0,1,4,16593.25,2,👨‍👩‍👧 Active Parent Shoppers,2,1,0.007242714504662039,❄️ Cold Lead
5956,1948,PhD,Divorced,45072.0,1,2,2013-10-16,74,144,2,99,7,2,30,5,6,1,4,8,0,0,0,0,0,0,0,66,284,256,3,16,16.705882352941178,0,1,4,11268.0,2,👨‍👩‍👧 Active Parent Shoppers,4,0,0.057900371821864346,❄️ Cold Lead
10430,1973,Graduation,Divorced,89694.0,1,1,2013-10-09,22,1126,28,211,37,28,42,3,4,3,4,5,0,1,1,1,0,0,0,41,1472,263,2,14,98.13333333333334,3,1,3,29898.0,3,🏆 Champions,2,0,0.5972326652691547,🌤 Warm Lead
7875,1949,Graduation,Married,72025.0,0,0,2014-04-29,46,967,0,617,43,50,0,1,4,8,13,2,0,1,1,1,0,0,1,65,1677,61,0,26,62.111111111111114,3,0,2,36012.5,3,🏆 Champions,2,1,0.22933561140827557,❄️ Cold Lead
7072,1973,Graduation,Married,67432.0,0,1,2013-03-29,69,432,79,341,177,136,170,2,8,5,4,4,0,0,0,0,0,0,0,41,1335,457,1,19,66.75,0,1,3,22477.333333333332,2,👨‍👩‍👧 Active Parent Shoppers,2,1,0.10963256765104562,❄️ Cold Lead
6255,1952,Master,Together,70545.0,0,1,2014-06-03,29,138,39,63,55,18,21,1,4,1,7,2,0,0,0,0,0,0,0,62,334,26,1,13,23.857142857142858,0,1,3,23515.0,2,👨‍👩‍👧 Active Parent Shoppers,3,3,0.012291975605687233,❄️ Cold Lead
6516,1989,Basic,Married,17487.0,1,0,2013-03-18,37,0,0,1,7,4,6,1,1,0,2,7,0,0,0,0,0,0,0,25,18,468,1,4,3.6,0,1,3,5829.0,0,💤 Low Engagers,0,1,0.022918855344032332,❄️ Cold Lead
5564,1969,Graduation,Together,62882.0,0,1,2012-08-09,26,509,133,497,78,24,97,2,7,5,6,4,0,0,0,0,0,0,0,45,1338,689,1,20,63.714285714285715,0,1,3,20960.666666666668,2,👨‍👩‍👧 Active Parent Shoppers,2,3,0.19165555813114485,❄️ Cold Lead
5682,1953,PhD,Single,64108.0,0,1,2013-03-23,8,948,10,86,13,21,21,4,6,9,11,5,0,0,0,0,0,0,0,61,1099,463,1,30,35.45161290322581,0,1,2,32054.0,2,👨‍👩‍👧 Active Parent Shoppers,4,2,0.12503487191712936,❄️ Cold Lead
7458,1956,Master,Together,34941.0,1,1,2013-03-06,26,39,2,25,4,3,24,2,3,0,3,8,0,0,0,0,0,0,0,58,97,480,2,8,10.777777777777779,0,1,4,8735.25,0,💤 Low Engagers,3,3,0.13572201754586352,❄️ Cold Lead
5237,1950,PhD,Single,48767.0,1,2,2014-01-01,79,28,1,21,3,0,10,3,2,1,3,5,0,0,0,0,0,0,0,64,63,179,3,9,6.3,0,1,4,12191.75,0,💤 Low Engagers,4,2,0.00877563102669329,❄️ Cold Lead
7761,1978,Diploma,Together,38702.0,1,0,2013-08-01,71,13,11,24,13,8,40,2,3,0,4,6,0,0,0,0,0,0,0,36,109,332,1,9,10.9,0,1,3,12900.666666666666,0,💤 Low Engagers,1,3,0.026035612387126924,❄️ Cold Lead
5278,1964,Graduation,Married,82224.0,0,0,2014-01-25,83,307,26,360,138,31,40,1,6,9,5,3,0,0,0,1,0,0,0,50,902,155,0,21,41.0,1,0,2,41112.0,1,🌟 High-Value Loyalists,2,1,0.1752449573339842,❄️ Cold Lead
3560,1952,Graduation,Together,83844.0,0,0,2013-05-12,57,901,31,345,75,31,191,1,4,4,11,1,0,0,1,0,0,0,0,62,1574,413,0,20,74.95238095238095,1,0,2,41922.0,1,🌟 High-Value Loyalists,2,3,0.11706525455438492,❄️ Cold Lead
7235,1975,Diploma,Married,17003.0,1,0,2013-12-09,37,2,5,12,4,8,7,3,2,0,4,5,0,0,0,0,0,0,0,39,38,202,1,9,3.8,0,1,3,5667.666666666667,0,💤 Low Engagers,1,1,0.011506319389427004,❄️ Cold Lead
10548,1995,Graduation,Single,71163.0,0,0,2014-03-09,30,283,17,372,138,106,44,1,3,8,12,1,0,0,0,0,0,0,0,19,960,112,0,24,38.4,0,0,1,71163.0,1,🌟 High-Value Loyalists,2,2,0.09158824687889325,❄️ Cold Lead
2281,1970,Graduation,Single,33697.0,1,0,2013-09-15,34,4,3,7,0,3,11,1,1,0,2,7,1,0,0,0,0,0,0,44,28,287,1,4,5.6,1,1,2,16848.5,0,💤 Low Engagers,2,2,0.32986507738018034,❄️ Cold Lead
4073,1954,Diploma,Married,63564.0,0,0,2014-01-29,0,769,80,252,15,34,65,1,10,10,7,6,1,0,0,0,0,0,1,60,1215,151,0,28,41.89655172413793,1,0,2,31782.0,1,🌟 High-Value Loyalists,1,1,0.7670270347240027,🔥 Hot Lead
6974,1972,PhD,Together,83443.0,0,0,2013-12-31,89,518,42,742,55,56,84,1,6,10,5,2,0,0,0,0,0,0,0,42,1497,180,0,22,65.08695652173913,0,0,2,41721.5,1,🌟 High-Value Loyalists,4,3,0.06221448415846175,❄️ Cold Lead
7938,1958,PhD,Together,51518.0,0,1,2013-10-03,92,350,8,66,17,4,4,2,3,2,10,3,0,0,0,0,0,0,0,56,449,269,1,17,24.944444444444443,0,1,3,17172.666666666668,2,👨‍👩‍👧 Active Parent Shoppers,4,3,0.01453995263602071,❄️ Cold Lead
7094,1975,Graduation,Widow,58330.0,0,1,2013-12-25,87,445,53,213,104,98,151,1,6,4,13,4,0,0,0,0,0,0,0,39,1064,186,1,24,42.56,0,1,2,29165.0,2,👨‍👩‍👧 Active Parent Shoppers,2,4,0.0010883961059995426,❄️ Cold Lead
3667,1969,Graduation,Married,80952.0,0,0,2013-02-28,20,778,178,689,41,27,44,1,8,5,11,8,0,1,1,1,0,0,1,45,1757,486,0,25,67.57692307692308,3,0,2,40476.0,3,🏆 Champions,2,1,0.8829301863472164,🔥 Hot Lead
7723,1979,Graduation,Together,75507.0,0,0,2014-05-02,56,709,93,374,104,80,80,1,8,6,6,3,0,0,0,0,0,0,0,35,1440,58,0,21,65.45454545454545,0,0,2,37753.5,1,🌟 High-Value Loyalists,2,3,0.019861504596546325,❄️ Cold Lead
3870,1978,Diploma,Together,63855.0,0,0,2013-02-09,28,359,35,314,93,116,89,1,7,3,13,4,0,0,0,0,0,0,0,36,1006,505,0,24,40.24,0,0,2,31927.5,1,🌟 High-Value Loyalists,1,3,0.053063176369028645,❄️ Cold Lead
4012,1972,PhD,Together,62220.0,0,1,2012-08-11,55,799,12,375,16,12,12,5,7,6,5,6,0,0,0,0,0,0,1,42,1226,687,1,23,51.083333333333336,0,1,3,20740.0,2,👨‍👩‍👧 Active Parent Shoppers,4,3,0.6303558895410807,🌤 Warm Lead
5909,1964,Graduation,Married,58512.0,0,1,2013-09-19,25,895,10,101,13,0,152,5,3,4,8,8,0,0,0,0,0,0,0,50,1171,283,1,20,55.76190476190476,0,1,3,19504.0,2,👨‍👩‍👧 Active Parent Shoppers,2,1,0.0646453858167877,❄️ Cold Lead
10470,1979,Master,Married,40662.0,1,0,2013-03-15,0,40,2,23,0,4,23,2,2,1,3,4,0,0,0,0,0,0,0,35,92,471,1,8,10.222222222222221,0,1,3,13554.0,0,💤 Low Engagers,3,1,0.20297315270417018,❄️ Cold Lead
6488,1959,PhD,Married,38829.0,0,1,2014-04-06,86,76,0,7,0,0,16,1,3,2,2,5,0,0,0,0,0,0,0,55,99,84,1,8,11.0,0,1,3,12943.0,0,💤 Low Engagers,4,1,0.03696832582927165,❄️ Cold Lead
10270,1981,Diploma,Married,35523.0,1,0,2013-10-03,8,11,5,22,12,5,11,2,3,0,3,7,0,0,0,0,0,0,0,33,66,269,1,8,7.333333333333333,0,1,3,11841.0,0,💤 Low Engagers,1,1,0.053612200503183674,❄️ Cold Lead
6887,1967,Graduation,Single,79146.0,1,1,2014-04-24,33,245,16,223,21,43,16,2,8,1,8,6,0,0,0,0,0,0,0,47,564,66,2,19,28.2,0,1,3,26382.0,2,👨‍👩‍👧 Active Parent Shoppers,2,2,0.020295378655438907,❄️ Cold Lead
6406,1988,Master,Married,78285.0,0,0,2013-10-28,13,647,107,391,175,67,40,1,6,4,10,3,0,0,0,0,0,0,0,26,1427,244,0,21,64.86363636363636,0,0,2,39142.5,1,🌟 High-Value Loyalists,3,1,0.09670583341986021,❄️ Cold Lead
7573,1978,PhD,Single,31626.0,1,0,2013-05-10,12,39,1,9,2,1,34,1,2,1,2,7,1,0,0,0,0,0,1,36,86,415,1,6,12.285714285714286,1,1,2,15813.0,0,💤 Low Engagers,4,2,0.9273943296935145,🔥 Hot Lead
4508,1952,Graduation,Single,75127.0,0,0,2014-05-22,92,203,35,305,46,17,227,1,2,11,5,1,0,0,0,0,0,0,0,62,833,38,0,19,41.65,0,0,1,75127.0,1,🌟 High-Value Loyalists,2,2,0.01443169593353835,❄️ Cold Lead
221,1955,Graduation,Married,48726.0,0,1,2013-04-27,90,138,3,38,4,0,59,3,3,2,4,6,0,0,0,0,0,0,0,59,242,428,1,12,18.615384615384617,0,1,3,16242.0,0,💤 Low Engagers,2,1,0.044683275381275304,❄️ Cold Lead
5331,1977,Graduation,Married,74985.0,0,0,2012-09-11,8,587,51,898,247,0,86,1,3,6,7,2,0,0,0,0,0,0,0,37,1869,656,0,17,103.83333333333333,0,0,2,37492.5,1,🌟 High-Value Loyalists,2,1,0.538065115194148,🌤 Warm Lead
1911,1987,Graduation,Together,67430.0,0,0,2012-09-05,6,595,97,291,127,133,121,1,11,5,12,6,0,0,0,0,0,0,0,27,1364,662,0,29,45.46666666666667,0,0,2,33715.0,1,🌟 High-Value Loyalists,2,3,0.15491035474110154,❄️ Cold Lead
20,1965,Diploma,Married,46891.0,0,1,2013-09-01,91,43,12,23,29,15,61,1,2,1,4,4,0,0,0,0,0,0,0,49,183,301,1,8,20.333333333333332,0,1,3,15630.333333333334,0,💤 Low Engagers,1,1,0.007134936275807912,❄️ Cold Lead
8786,1956,Master,Married,62058.0,0,1,2013-05-26,52,301,7,74,10,0,58,4,6,1,7,6,0,0,0,0,0,0,0,58,450,399,1,18,23.68421052631579,0,1,3,20686.0,2,👨‍👩‍👧 Active Parent Shoppers,3,1,0.02220971666625444,❄️ Cold Lead
10582,1979,Graduation,Married,72063.0,0,1,2013-07-03,3,180,32,348,76,32,90,2,5,2,12,2,0,0,0,0,0,0,0,35,758,361,1,21,34.45454545454545,0,1,3,24021.0,2,👨‍👩‍👧 Active Parent Shoppers,2,1,0.07545276106716253,❄️ Cold Lead
1915,1951,PhD,Married,78939.0,0,0,2013-12-12,57,794,115,243,150,0,205,1,8,5,6,3,0,0,0,0,0,0,0,63,1507,199,0,20,71.76190476190476,0,0,2,39469.5,1,🌟 High-Value Loyalists,4,1,0.06719521019733683,❄️ Cold Lead
8897,1965,Graduation,Single,42720.0,1,1,2013-04-24,9,392,5,91,28,26,112,8,7,3,7,8,0,0,0,0,0,0,1,49,654,431,2,25,25.153846153846153,0,1,3,14240.0,2,👨‍👩‍👧 Active Parent Shoppers,2,2,0.25054471459533745,❄️ Cold Lead
2371,1972,Graduation,Married,33622.0,1,1,2013-04-13,22,39,1,22,3,4,12,3,2,0,4,7,0,0,0,0,0,0,0,42,81,442,2,9,8.1,0,1,4,8405.5,0,💤 Low Engagers,2,1,0.06684441672145909,❄️ Cold Lead
4303,1957,PhD,Together,6835.0,0,1,2012-12-08,76,107,2,12,2,2,12,0,0,0,1,20,0,0,0,0,0,0,0,57,137,568,1,1,68.5,0,1,3,2278.3333333333335,0,💤 Low Engagers,4,3,0.07512494624348089,❄️ Cold Lead
6825,1953,Graduation,Together,41452.0,1,1,2013-03-06,86,13,0,3,0,0,0,1,1,0,2,7,0,0,0,0,0,0,0,61,16,480,2,4,3.2,0,1,4,10363.0,0,💤 Low Engagers,2,3,0.01382685877037721,❄️ Cold Lead
1072,1965,PhD,Single,40760.0,0,1,2013-08-30,64,70,0,17,0,0,6,2,2,1,3,6,0,0,0,0,0,0,0,49,93,303,1,8,10.333333333333334,0,1,2,20380.0,0,💤 Low Engagers,4,2,0.032531099630073924,❄️ Cold Lead
4964,1958,PhD,Together,74250.0,0,0,2014-01-26,90,680,11,392,75,0,0,1,2,11,4,1,0,0,0,0,0,0,0,56,1158,154,0,18,60.94736842105263,0,0,2,37125.0,1,🌟 High-Value Loyalists,4,3,0.048801789846312206,❄️ Cold Lead
2461,1955,Master,Single,51124.0,1,1,2013-12-18,79,26,1,11,0,1,4,2,1,0,3,3,0,0,0,0,0,0,0,59,43,193,2,6,6.142857142857143,0,1,3,17041.333333333332,0,💤 Low Engagers,3,2,0.0007713968930882447,❄️ Cold Lead
10736,1971,Graduation,Single,72258.0,0,1,2013-09-12,28,522,0,522,227,120,134,2,6,9,5,2,0,0,0,0,0,0,0,43,1525,290,1,22,66.30434782608695,0,1,2,36129.0,1,🌟 High-Value Loyalists,2,2,0.10952215010649605,❄️ Cold Lead
3194,1974,PhD,Single,71466.0,0,0,2014-04-05,86,412,12,546,78,182,0,1,4,4,10,1,0,0,0,0,0,0,0,40,1230,85,0,19,61.5,0,0,1,71466.0,1,🌟 High-Value Loyalists,4,2,0.06802426185352965,❄️ Cold Lead
10839,1976,Graduation,Together,36283.0,1,1,2014-04-14,42,6,5,5,8,0,5,2,1,0,3,4,0,0,0,0,0,0,0,38,29,76,2,6,4.142857142857143,0,1,4,9070.75,0,💤 Low Engagers,2,3,0.002208831286895096,❄️ Cold Lead
49,1970,Graduation,Single,20587.0,1,0,2014-05-11,39,2,3,6,4,1,9,1,1,1,2,7,0,0,0,0,0,0,0,44,25,49,1,5,4.166666666666667,0,1,2,10293.5,0,💤 Low Engagers,2,2,0.04386921280489217,❄️ Cold Lead
4290,1972,Graduation,Married,30467.0,1,0,2014-03-19,8,1,3,8,2,5,5,1,1,0,2,7,0,0,0,0,0,0,0,42,24,102,1,4,4.8,0,1,3,10155.666666666666,0,💤 Low Engagers,2,1,0.05813985453839392,❄️ Cold Lead
10219,1972,Graduation,Together,31590.0,1,0,2013-06-18,40,6,2,15,6,6,3,1,1,0,3,8,0,0,0,0,0,0,0,42,38,376,1,5,6.333333333333333,0,1,3,10530.0,0,💤 Low Engagers,2,3,0.024612241862720853,❄️ Cold Lead
4211,1986,Basic,Married,20425.0,1,0,2012-10-29,5,4,12,5,3,16,17,2,2,0,3,7,0,0,0,0,0,0,0,28,57,608,1,7,7.125,0,1,3,6808.333333333333,0,💤 Low Engagers,0,1,0.21211539801381762,❄️ Cold Lead
1135,1960,Master,Together,17144.0,1,1,2014-02-15,96,18,2,19,0,2,6,5,3,0,4,7,0,0,0,0,0,0,0,54,47,134,2,12,3.6153846153846154,0,1,4,4286.0,0,💤 Low Engagers,3,3,0.011486754246689164,❄️ Cold Lead
6299,1968,PhD,Divorced,42564.0,0,1,2013-01-02,28,324,48,186,39,18,198,6,6,8,4,7,1,0,0,0,0,0,1,46,813,543,1,24,32.52,1,1,2,21282.0,2,👨‍👩‍👧 Active Parent Shoppers,4,0,0.7740651473333764,🔥 Hot Lead
10846,1978,Master,Married,43783.0,1,0,2014-05-29,22,327,9,125,25,4,139,6,7,1,8,7,1,0,0,0,0,0,0,36,629,31,1,22,27.347826086956523,1,1,3,14594.333333333334,2,👨‍👩‍👧 Active Parent Shoppers,3,1,0.19303029485119808,❄️ Cold Lead
347,1976,Graduation,Divorced,40780.0,0,1,2012-09-08,30,229,27,71,13,3,34,4,7,1,5,9,0,0,0,0,0,0,0,38,377,659,1,17,20.944444444444443,0,1,2,20390.0,0,💤 Low Engagers,2,0,0.3911546565538622,❄️ Cold Lead
6543,1945,Master,Together,62847.0,0,0,2013-01-15,45,521,168,706,80,76,61,1,3,6,4,2,0,0,0,0,0,0,0,69,1612,530,0,14,107.46666666666667,0,0,2,31423.5,1,🌟 High-Value Loyalists,3,3,0.3026458373769935,❄️ Cold Lead
10446,1957,PhD,Married,82017.0,0,0,2012-11-07,58,184,23,446,30,23,23,1,5,4,7,2,0,1,1,1,0,0,1,57,729,599,0,17,40.5,3,0,2,41008.5,3,🏆 Champions,4,1,0.5778041052150079,🌤 Warm Lead
3479,1950,Graduation,Single,16813.0,0,0,2013-07-19,49,4,8,11,12,2,13,1,2,0,3,7,1,0,0,0,0,0,0,64,50,345,0,6,7.142857142857143,1,0,1,16813.0,0,💤 Low Engagers,2,2,0.19161802381613544,❄️ Cold Lead
11075,1978,Graduation,Married,51267.0,1,1,2013-10-29,37,183,2,64,7,2,12,4,3,3,5,4,0,0,0,0,0,0,0,36,270,243,2,15,16.875,0,1,4,12816.75,0,💤 Low Engagers,2,1,0.04798828425641516,❄️ Cold Lead
4442,1961,Graduation,Single,46524.0,0,1,2013-04-05,70,31,19,35,26,14,52,2,1,1,5,3,0,0,0,0,0,0,0,53,177,450,1,9,17.7,0,1,2,23262.0,0,💤 Low Engagers,2,2,0.04167482418461619,❄️ Cold Lead
199,1962,Master,Single,45183.0,0,0,2013-01-20,33,219,3,60,12,9,12,1,4,1,7,7,0,1,0,0,0,0,0,52,315,525,0,13,22.5,1,0,1,45183.0,0,💤 Low Engagers,3,2,0.29557522959242905,❄️ Cold Lead
6722,1954,PhD,Married,70421.0,0,1,2014-06-28,98,479,28,136,75,14,35,3,10,3,7,6,0,0,0,0,0,0,0,60,767,1,1,23,31.958333333333332,0,1,3,23473.666666666668,2,👨‍👩‍👧 Active Parent Shoppers,4,1,0.0637575233695703,❄️ Cold Lead
796,1965,Diploma,Divorced,60161.0,0,1,2012-10-23,17,584,44,212,46,8,177,3,11,4,8,8,0,0,0,0,0,0,0,49,1071,614,1,26,39.666666666666664,0,1,2,30080.5,2,👨‍👩‍👧 Active Parent Shoppers,1,0,0.23277576841841063,❄️ Cold Lead
3749,1973,Graduation,Together,73926.0,0,0,2013-03-02,54,627,91,597,159,91,15,1,6,5,12,3,0,0,0,0,0,0,0,41,1580,484,0,24,63.2,0,0,2,36963.0,1,🌟 High-Value Loyalists,2,3,0.05367929193536819,❄️ Cold Lead
8523,1968,Graduation,Married,19329.0,1,0,2013-12-14,39,24,1,16,12,2,5,3,4,0,3,8,0,0,0,0,0,0,0,46,60,197,1,10,5.454545454545454,0,1,3,6443.0,0,💤 Low Engagers,2,1,0.04498720762567523,❄️ Cold Lead
310,1970,Master,Married,61872.0,0,1,2013-12-13,81,330,5,159,36,27,16,4,4,4,9,4,0,0,0,0,0,0,0,44,573,198,1,21,26.045454545454547,0,1,3,20624.0,2,👨‍👩‍👧 Active Parent Shoppers,3,1,0.00571406542348528,❄️ Cold Lead
8629,1956,Graduation,Widow,46984.0,1,1,2013-03-26,71,19,1,10,2,1,8,1,1,0,3,5,0,0,0,0,0,0,0,58,41,460,2,5,6.833333333333333,0,1,3,15661.333333333334,0,💤 Low Engagers,2,4,0.017604954735779645,❄️ Cold Lead
236,1951,Graduation,Married,34838.0,1,1,2013-01-19,62,28,23,29,29,14,47,3,2,1,4,6,0,0,0,0,0,0,0,63,170,526,2,10,15.454545454545455,0,1,4,8709.5,0,💤 Low Engagers,2,1,0.14648688847256408,❄️ Cold Lead
9930,1944,PhD,Single,82716.0,0,0,2013-11-05,8,606,148,228,15,148,22,1,6,8,13,2,0,0,0,0,0,0,0,70,1167,236,0,28,40.241379310344826,0,0,1,82716.0,1,🌟 High-Value Loyalists,4,2,0.18557403057944238,❄️ Cold Lead
3483,1958,Graduation,Married,48192.0,0,0,2013-04-06,76,1039,43,204,153,58,29,3,2,8,12,8,0,1,0,1,1,0,1,56,1526,449,0,25,58.69230769230769,3,0,2,24096.0,3,🏆 Champions,2,1,0.7117146764722228,🔥 Hot Lead
4599,1976,Master,Married,49681.0,0,2,2013-11-04,66,411,0,26,0,0,21,6,7,1,7,7,0,0,0,0,0,0,0,38,458,237,2,21,20.818181818181817,0,1,4,12420.25,2,👨‍👩‍👧 Active Parent Shoppers,3,1,0.033688814256901824,❄️ Cold Lead
7326,1971,Master,Married,56850.0,0,1,2014-03-23,83,34,1,19,2,7,0,1,1,1,3,2,0,0,0,0,0,0,0,43,63,98,1,6,9.0,0,1,3,18950.0,0,💤 Low Engagers,3,1,0.005904301803455145,❄️ Cold Lead
7352,1957,Graduation,Married,55267.0,0,1,2013-10-21,28,161,28,136,32,3,45,4,3,4,6,3,0,0,0,0,0,0,0,57,405,251,1,17,22.5,0,1,3,18422.333333333332,2,👨‍👩‍👧 Active Parent Shoppers,2,1,0.010249921302510474,❄️ Cold Lead
2350,1972,Graduation,Married,59666.0,1,1,2013-03-22,87,623,53,178,23,17,133,7,3,2,8,8,0,1,0,0,0,0,0,42,1027,464,2,20,48.904761904761905,1,1,4,14916.5,2,👨‍👩‍👧 Active Parent Shoppers,2,1,0.05899309585984583,❄️ Cold Lead
9145,1972,Graduation,Single,72504.0,0,1,2013-04-06,43,604,26,470,123,161,94,2,5,9,6,2,0,0,0,0,0,0,0,42,1478,449,1,22,64.26086956521739,0,1,2,36252.0,2,👨‍👩‍👧 Active Parent Shoppers,2,2,0.09038780269885165,❄️ Cold Lead
2964,1981,Graduation,Married,26872.0,0,0,2013-10-16,0,3,10,8,3,16,32,1,1,1,2,6,0,0,0,0,0,0,0,33,72,256,0,5,12.0,0,0,2,13436.0,0,💤 Low Engagers,2,1,0.48734290377729167,🌤 Warm Lead
5585,1972,Graduation,Single,21359.0,1,0,2013-04-20,1,12,2,17,6,1,10,2,2,0,3,8,0,0,0,0,0,0,1,42,48,435,1,7,6.0,0,1,2,10679.5,0,💤 Low Engagers,2,2,0.5972658609863059,🌤 Warm Lead
9687,1975,Graduation,Single,73170.0,0,0,2014-05-31,1,184,174,256,50,30,32,1,5,4,6,2,0,0,0,0,0,0,0,39,726,29,0,16,42.705882352941174,0,0,1,73170.0,1,🌟 High-Value Loyalists,2,2,0.14504735275912906,❄️ Cold Lead
3732,1955,Master,Married,52750.0,0,1,2013-02-04,72,393,0,239,90,69,69,6,5,7,9,4,0,0,0,0,0,0,0,59,860,510,1,27,30.714285714285715,0,1,3,17583.333333333332,2,👨‍👩‍👧 Active Parent Shoppers,3,1,0.03437361104204263,❄️ Cold Lead
6303,1986,PhD,Together,91820.0,0,0,2013-11-23,72,410,73,747,76,161,30,0,5,5,12,1,0,0,0,0,0,0,0,28,1497,218,0,22,65.08695652173913,0,0,2,45910.0,1,🌟 High-Value Loyalists,4,3,0.1279417692280158,❄️ Cold Lead
11176,1970,PhD,Together,65968.0,0,1,2014-05-12,12,376,9,83,19,4,4,2,5,4,7,3,0,0,0,0,0,0,0,44,495,48,1,18,26.05263157894737,0,1,3,21989.333333333332,2,👨‍👩‍👧 Active Parent Shoppers,4,3,0.03907897697978348,❄️ Cold Lead
2986,1976,Graduation,Married,30772.0,1,1,2014-03-12,89,7,2,4,2,1,4,1,1,0,2,6,0,0,0,0,0,0,0,38,20,109,2,4,4.0,0,1,4,7693.0,0,💤 Low Engagers,2,1,0.020779086770739558,❄️ Cold Lead
7462,1954,Graduation,Single,22507.0,0,0,2012-11-24,67,68,0,226,51,157,68,3,10,2,4,9,0,0,0,0,0,0,0,60,570,582,0,19,28.5,0,0,1,22507.0,2,👨‍👩‍👧 Active Parent Shoppers,2,2,0.20971287655749798,❄️ Cold Lead
3900,1972,Graduation,Married,65685.0,0,1,2014-03-29,54,642,14,49,0,7,57,1,9,2,9,5,0,0,0,0,0,0,0,42,769,92,1,21,34.95454545454545,0,1,3,21895.0,2,👨‍👩‍👧 Active Parent Shoppers,2,1,0.0029886784469756304,❄️ Cold Lead
7034,1978,Diploma,Married,25804.0,1,0,2013-09-01,34,8,7,9,13,6,12,2,2,0,3,8,0,0,0,0,0,0,0,36,55,301,1,7,6.875,0,1,3,8601.333333333334,0,💤 Low Engagers,1,1,0.045949147809461584,❄️ Cold Lead
9493,1980,PhD,Single,76412.0,0,0,2013-05-05,15,840,53,804,23,71,17,1,5,4,8,3,0,0,1,1,0,0,1,34,1808,420,0,18,95.15789473684211,2,0,1,76412.0,3,🏆 Champions,4,2,0.9640985952131671,🔥 Hot Lead
1143,1972,Graduation,Married,22063.0,1,0,2013-08-08,43,7,10,13,3,11,11,2,2,0,3,7,0,0,0,0,0,0,0,42,55,325,1,7,6.875,0,1,3,7354.333333333333,0,💤 Low Engagers,2,1,0.021383007567432884,❄️ Cold Lead
1,1961,Graduation,Single,57091.0,0,0,2014-06-15,0,464,5,64,7,0,37,1,7,3,7,5,0,0,0,0,1,0,1,53,577,14,0,18,30.36842105263158,1,0,1,57091.0,1,🌟 High-Value Loyalists,2,2,0.367709042896383,❄️ Cold Lead
3855,1963,Graduation,Married,22419.0,0,0,2013-04-18,74,30,3,47,19,21,42,1,3,2,2,8,0,0,0,0,0,0,0,51,162,437,0,8,18.0,0,0,2,11209.5,0,💤 Low Engagers,2,1,0.11813362675524708,❄️ Cold Lead
5536,1959,Graduation,Together,87771.0,0,1,2013-05-22,61,1492,38,287,50,57,33,1,5,10,4,6,0,1,1,1,1,0,1,55,1957,403,1,20,93.19047619047619,4,1,3,29257.0,3,🏆 Champions,2,3,0.9472227450871255,🔥 Hot Lead
5989,1959,Diploma,Divorced,78353.0,0,1,2013-04-16,51,752,122,476,39,153,34,1,10,2,11,8,0,0,0,0,0,0,0,55,1576,439,1,24,63.04,0,1,2,39176.5,2,👨‍👩‍👧 Active Parent Shoppers,1,0,0.05936497380029338,❄️ Cold Lead
9499,1954,Graduation,Married,93404.0,1,2,2013-05-07,97,1279,15,287,20,0,15,3,3,4,7,5,0,1,1,0,0,0,0,60,1616,418,3,17,89.77777777777777,2,1,5,18680.8,3,🏆 Champions,2,1,0.16257794175126222,❄️ Cold Lead
6768,1962,Graduation,Divorced,37859.0,1,2,2013-01-12,75,22,1,8,2,1,2,2,1,0,3,8,0,0,0,0,0,0,0,52,36,533,3,6,5.142857142857143,0,1,4,9464.75,0,💤 Low Engagers,2,0,0.04017623637914101,❄️ Cold Lead
2150,1958,PhD,Widow,80995.0,0,1,2013-05-11,83,860,28,409,73,56,56,1,8,9,4,4,0,0,0,0,0,0,0,56,1482,414,1,22,64.43478260869566,0,1,2,40497.5,2,👨‍👩‍👧 Active Parent Shoppers,4,4,0.08371714766862935,❄️ Cold Lead
6646,1984,Graduation,Together,16529.0,1,0,2014-03-01,23,3,0,5,13,0,1,1,1,0,3,6,0,0,0,0,0,0,0,30,22,120,1,5,3.6666666666666665,0,1,3,5509.666666666667,0,💤 Low Engagers,2,3,0.013577221698195056,❄️ Cold Lead
4887,1976,PhD,Divorced,55412.0,1,1,2013-11-22,65,10,5,28,11,1,8,1,2,0,3,5,0,0,0,0,0,0,0,38,63,219,2,6,9.0,0,1,3,18470.666666666668,0,💤 Low Engagers,4,0,0.005333441338171523,❄️ Cold Lead
8560,1992,Graduation,Single,48789.0,0,0,2012-09-10,94,351,16,156,7,5,145,1,6,4,7,6,0,0,0,0,0,0,0,22,680,657,0,18,35.78947368421053,0,0,1,48789.0,2,👨‍👩‍👧 Active Parent Shoppers,2,2,0.09035855984611203,❄️ Cold Lead
3321,1967,PhD,Together,56575.0,0,2,2013-05-05,42,421,5,90,0,16,10,3,7,3,7,5,0,0,0,0,0,0,0,47,542,420,2,20,25.80952380952381,0,1,4,14143.75,2,👨‍👩‍👧 Active Parent Shoppers,4,3,0.03934354153702355,❄️ Cold Lead
11003,1980,Diploma,Together,25130.0,1,0,2013-10-02,10,2,5,7,0,18,18,2,2,0,3,7,0,0,0,0,0,0,0,34,50,270,1,7,6.25,0,1,3,8376.666666666666,0,💤 Low Engagers,1,3,0.0914636369940565,❄️ Cold Lead
10402,1967,Graduation,Married,35441.0,1,1,2013-02-14,94,25,1,9,2,1,1,2,1,0,3,8,0,0,0,0,0,0,0,47,39,500,2,6,5.571428571428571,0,1,4,8860.25,0,💤 Low Engagers,2,1,0.0412756841571049,❄️ Cold Lead
9904,1956,Graduation,Married,71391.0,0,1,2013-03-29,50,336,123,274,46,123,141,5,6,5,12,3,0,0,0,0,0,0,0,58,1043,457,1,28,35.96551724137931,0,1,3,23797.0,2,👨‍👩‍👧 Active Parent Shoppers,2,1,0.0128991052928361,❄️ Cold Lead
6141,1972,Master,Single,49494.0,1,0,2013-04-25,46,191,9,97,0,6,82,2,6,1,5,7,0,0,0,0,0,0,0,42,385,430,1,14,25.666666666666668,0,1,2,24747.0,0,💤 Low Engagers,3,2,0.043615529716507596,❄️ Cold Lead
5687,1980,Graduation,Divorced,81702.0,0,0,2012-09-23,98,563,50,774,28,31,187,1,7,7,12,3,0,0,0,0,0,0,0,34,1633,644,0,27,58.32142857142857,0,0,1,81702.0,1,🌟 High-Value Loyalists,2,0,0.10754727018639602,❄️ Cold Lead
10856,1980,Diploma,Single,45889.0,0,1,2013-07-02,42,31,0,6,0,1,8,1,1,0,3,6,0,0,0,0,0,0,0,34,46,362,1,5,7.666666666666667,0,1,2,22944.5,0,💤 Low Engagers,1,2,0.0034240552195578993,❄️ Cold Lead
5121,1977,Graduation,Single,56628.0,0,1,2014-03-21,30,479,5,82,7,17,171,2,7,6,5,5,1,0,0,0,0,0,0,37,761,100,1,20,36.23809523809524,1,1,2,28314.0,2,👨‍👩‍👧 Active Parent Shoppers,2,2,0.1377842830858118,❄️ Cold Lead
4186,1950,Graduation,Together,34026.0,1,1,2013-08-05,11,18,6,15,12,8,17,3,2,1,3,5,0,0,0,0,0,0,0,64,76,328,2,9,7.6,0,1,4,8506.5,0,💤 Low Engagers,2,3,0.11479157145075827,❄️ Cold Lead
368,1974,Graduation,Married,40049.0,0,1,2012-11-29,61,91,65,52,10,44,28,3,3,2,6,5,0,0,0,0,0,0,0,40,290,577,1,14,19.333333333333332,0,1,3,13349.666666666666,0,💤 Low Engagers,2,1,0.24996545448456678,❄️ Cold Lead
3312,1988,Graduation,Single,34176.0,1,0,2014-05-12,12,5,7,24,19,14,20,4,3,0,4,6,0,0,0,0,0,0,0,26,89,48,1,11,7.416666666666667,0,1,2,17088.0,0,💤 Low Engagers,2,2,0.03686870778593496,❄️ Cold Lead
11121,1981,Graduation,Married,19419.0,1,0,2012-11-10,76,2,14,28,16,3,7,4,4,0,3,9,0,0,0,0,0,0,0,33,70,596,1,11,5.833333333333333,0,1,3,6473.0,0,💤 Low Engagers,2,1,0.25507238848319613,❄️ Cold Lead
5332,1960,Diploma,Married,82504.0,0,0,2013-07-27,2,362,50,431,134,35,54,1,3,6,7,1,0,0,0,0,0,0,0,54,1066,337,0,17,59.22222222222222,0,0,2,41252.0,1,🌟 High-Value Loyalists,1,1,0.31777147177318965,❄️ Cold Lead
5848,1970,Graduation,Together,81205.0,0,0,2014-01-13,43,724,74,929,97,55,130,1,5,6,7,2,1,0,1,0,1,0,1,44,2009,167,0,19,100.45,3,0,2,40602.5,3,🏆 Champions,2,3,0.8305671873598627,🔥 Hot Lead
10343,1991,Diploma,Single,61618.0,0,0,2012-09-29,27,605,91,399,0,45,205,2,3,6,8,3,0,0,0,0,0,0,0,23,1345,638,0,19,67.25,0,0,1,61618.0,1,🌟 High-Value Loyalists,1,2,0.17894784282785559,❄️ Cold Lead
5935,1956,Master,Single,55284.0,0,1,2012-12-24,60,547,7,140,0,7,63,3,7,5,8,5,0,0,0,0,0,0,0,58,764,552,1,23,31.833333333333332,0,1,2,27642.0,2,👨‍👩‍👧 Active Parent Shoppers,3,2,0.0692909157351182,❄️ Cold Lead
2895,1963,Graduation,Single,49980.0,0,1,2013-10-23,79,104,1,54,13,9,14,2,3,1,5,5,0,0,0,0,0,0,0,51,195,249,1,11,16.25,0,1,2,24990.0,0,💤 Low Engagers,2,2,0.005499123002831429,❄️ Cold Lead
10262,1980,Graduation,Married,15072.0,2,0,2013-05-10,96,8,2,15,0,10,18,4,3,1,3,5,0,0,0,0,0,0,0,34,53,415,2,11,4.416666666666667,0,1,4,3768.0,0,💤 Low Engagers,2,1,0.029772729258884464,❄️ Cold Lead
7848,1974,Graduation,Single,49166.0,0,1,2013-06-13,17,224,2,25,7,0,110,2,5,3,3,6,0,0,0,0,0,0,0,40,368,381,1,13,26.285714285714285,0,1,2,24583.0,0,💤 Low Engagers,2,2,0.0986452606240836,❄️ Cold Lead
9477,1954,PhD,Married,65324.0,0,1,2014-01-11,0,384,0,102,21,32,5,3,6,2,9,4,0,0,0,0,0,0,0,60,544,169,1,20,25.904761904761905,0,1,3,21774.666666666668,2,👨‍👩‍👧 Active Parent Shoppers,4,1,0.09870537148638635,❄️ Cold Lead
4856,1957,Diploma,Married,82347.0,0,0,2012-11-06,38,556,54,845,202,133,63,1,7,7,10,3,1,0,0,1,0,0,0,57,1853,600,0,25,71.26923076923077,2,0,2,41173.5,3,🏆 Champions,1,1,0.7532652335095975,🔥 Hot Lead
7186,1966,PhD,Together,30843.0,1,1,2014-05-26,43,24,0,2,0,0,9,2,1,1,2,5,1,0,0,0,0,0,0,48,35,34,2,6,5.0,1,1,4,7710.75,0,💤 Low Engagers,4,3,0.10879434025820123,❄️ Cold Lead
5794,1974,PhD,Married,46374.0,0,1,2014-03-17,1,408,0,21,0,0,17,3,7,1,7,8,0,1,0,1,0,0,1,40,446,104,1,18,23.473684210526315,2,1,3,15458.0,2,👨‍👩‍👧 Active Parent Shoppers,4,1,0.7740609758124282,🔥 Hot Lead
1456,1979,Graduation,Single,60474.0,0,1,2013-04-01,25,265,199,303,234,9,170,7,10,2,12,7,0,0,0,0,0,0,0,35,1180,454,1,31,36.875,0,1,2,30237.0,2,👨‍👩‍👧 Active Parent Shoppers,2,2,0.056013417293894203,❄️ Cold Lead
4877,1973,Master,Married,38576.0,0,1,2014-03-04,2,34,0,7,0,0,0,1,1,0,3,7,0,0,0,0,0,0,0,41,41,117,1,5,6.833333333333333,0,1,3,12858.666666666666,0,💤 Low Engagers,3,1,0.01410451426901004,❄️ Cold Lead
425,1985,Graduation,Married,55357.0,2,0,2013-02-19,66,374,64,116,84,25,64,3,6,2,11,5,0,0,0,0,0,0,0,29,727,495,2,22,31.608695652173914,0,1,4,13839.25,2,👨‍👩‍👧 Active Parent Shoppers,2,1,0.022873420421804066,❄️ Cold Lead
3007,1966,Graduation,Together,37758.0,1,1,2012-10-04,49,27,2,10,0,0,1,2,1,0,3,8,0,0,0,0,0,0,0,48,40,633,2,6,5.714285714285714,0,1,4,9439.5,0,💤 Low Engagers,2,3,0.06880811359920495,❄️ Cold Lead
1031,1989,Diploma,Married,85710.0,0,0,2013-05-05,5,600,20,350,29,30,33,1,6,9,10,2,0,0,1,0,0,0,0,25,1062,420,0,26,39.333333333333336,1,0,2,42855.0,1,🌟 High-Value Loyalists,1,1,0.4495926298294091,🌤 Warm Lead
4297,1969,Graduation,Together,23228.0,1,0,2014-01-26,71,13,2,18,6,1,0,2,2,0,3,8,0,0,0,0,0,0,0,45,40,154,1,7,5.0,0,1,3,7742.666666666667,0,💤 Low Engagers,2,3,0.009830396505071205,❄️ Cold Lead
807,1969,Master,Together,44602.0,1,1,2014-02-15,35,167,2,89,0,0,34,6,6,1,4,8,0,0,0,0,0,0,0,45,292,134,2,17,16.22222222222222,0,1,4,11150.5,0,💤 Low Engagers,3,3,0.16223155664950822,❄️ Cold Lead
9553,1987,Graduation,Married,7500.0,0,0,2013-01-09,94,0,2,3,4,1,5,1,0,0,3,6,0,0,0,0,0,0,0,27,15,536,0,4,3.0,0,0,2,3750.0,0,💤 Low Engagers,2,1,0.016096190514852622,❄️ Cold Lead
4271,1989,Diploma,Together,38683.0,1,0,2012-10-04,80,46,35,69,84,41,66,6,4,1,6,7,0,0,0,0,0,0,0,25,341,633,1,17,18.944444444444443,0,1,3,12894.333333333334,0,💤 Low Engagers,1,3,0.20538105195240372,❄️ Cold Lead
4120,1975,Diploma,Single,49514.0,1,0,2013-12-17,61,88,39,78,58,13,93,2,6,1,4,7,0,0,0,0,0,0,0,39,369,194,1,13,26.357142857142858,0,1,2,24757.0,0,💤 Low Engagers,1,2,0.025357312753776857,❄️ Cold Lead
2036,1973,PhD,Together,57906.0,0,1,2013-06-11,29,243,11,119,10,3,15,3,4,2,8,4,0,0,0,0,0,0,0,41,401,383,1,17,22.27777777777778,0,1,3,19302.0,2,👨‍👩‍👧 Active Parent Shoppers,4,3,0.027218332406674605,❄️ Cold Lead
115,1966,Master,Single,43456.0,0,1,2013-03-26,0,275,11,68,25,7,7,3,5,1,8,5,0,0,0,0,0,0,0,48,393,460,1,17,21.833333333333332,0,1,2,21728.0,2,👨‍👩‍👧 Active Parent Shoppers,3,2,0.23776330741163393,❄️ Cold Lead
4259,1986,Master,Single,19485.0,2,0,2013-09-24,80,6,0,4,0,0,0,1,1,0,2,7,0,0,0,0,0,0,0,28,10,278,2,4,2.0,0,1,3,6495.0,0,💤 Low Engagers,3,2,0.00945128896969929,❄️ Cold Lead
8687,1978,Graduation,Together,53172.0,0,1,2013-05-06,54,121,62,90,68,20,125,3,2,3,8,3,0,0,0,0,0,0,0,36,486,419,1,16,28.58823529411765,0,1,3,17724.0,2,👨‍👩‍👧 Active Parent Shoppers,2,3,0.021852386170739545,❄️ Cold Lead
2447,1979,Graduation,Together,30545.0,1,0,2012-10-17,71,4,12,15,19,7,12,2,2,0,3,7,0,0,0,0,0,0,0,35,69,620,1,7,8.625,0,1,3,10181.666666666666,0,💤 Low Engagers,2,3,0.3062641742178057,❄️ Cold Lead
10140,1983,PhD,Together,70123.0,0,0,2013-09-28,27,1308,0,396,23,0,0,1,5,7,4,3,0,1,0,0,1,0,0,31,1727,274,0,17,95.94444444444444,2,0,2,35061.5,3,🏆 Champions,4,3,0.3873413302879154,❄️ Cold Lead
9353,1959,Graduation,Single,62450.0,0,1,2014-01-06,61,515,47,267,62,66,38,2,5,5,4,3,0,1,0,0,0,0,0,55,995,174,1,16,58.529411764705884,1,1,2,31225.0,2,👨‍👩‍👧 Active Parent Shoppers,2,2,0.09254886509576168,❄️ Cold Lead
3623,1976,Graduation,Together,21675.0,1,0,2014-06-11,55,4,0,16,17,4,4,3,4,0,3,7,0,0,0,0,0,0,0,38,45,18,1,10,4.090909090909091,0,1,3,7225.0,0,💤 Low Engagers,2,3,0.0050407665485469365,❄️ Cold Lead
738,1981,Diploma,Single,42395.0,1,1,2014-04-04,35,48,13,57,24,15,25,4,3,1,4,7,0,0,0,0,0,0,0,33,182,86,2,12,14.0,0,1,3,14131.666666666666,0,💤 Low Engagers,1,2,0.10159926481702794,❄️ Cold Lead
7631,1978,Master,Together,61346.0,1,0,2013-10-06,34,562,58,168,43,16,142,1,5,7,10,3,0,0,0,0,0,0,0,36,989,266,1,23,41.208333333333336,0,1,3,20448.666666666668,2,👨‍👩‍👧 Active Parent Shoppers,3,3,0.004809264013048828,❄️ Cold Lead
4789,1953,Graduation,Together,80812.0,0,0,2013-09-17,95,769,22,500,210,143,33,1,4,8,5,2,1,0,1,1,0,0,0,61,1677,285,0,18,88.26315789473684,3,0,2,40406.0,3,🏆 Champions,2,3,0.18070550747047226,❄️ Cold Lead
773,1971,Master,Divorced,42835.0,1,1,2013-06-30,64,379,4,93,12,9,98,7,6,6,4,6,0,0,0,0,0,0,0,43,595,364,2,23,24.791666666666668,0,1,3,14278.333333333334,2,👨‍👩‍👧 Active Parent Shoppers,3,0,0.060320298683531975,❄️ Cold Lead
10602,1983,Graduation,Married,39922.0,1,0,2013-02-14,30,29,12,59,19,1,36,2,3,0,4,8,0,0,0,0,0,0,0,31,156,500,1,9,15.6,0,1,3,13307.333333333334,0,💤 Low Engagers,2,1,0.12043103641996776,❄️ Cold Lead
1446,1956,Master,Single,86424.0,0,0,2014-04-05,12,387,68,569,89,45,68,1,6,9,12,1,0,0,0,0,0,0,0,58,1226,85,0,28,42.275862068965516,0,0,1,86424.0,1,🌟 High-Value Loyalists,3,2,0.13891804756213763,❄️ Cold Lead
3270,1978,Diploma,Together,17117.0,1,0,2013-01-17,96,12,23,38,30,18,7,4,3,1,3,9,0,0,0,0,0,0,0,36,128,528,1,11,10.666666666666666,0,1,3,5705.666666666667,0,💤 Low Engagers,1,3,0.10388628698540915,❄️ Cold Lead
8443,1972,Graduation,Single,24762.0,1,0,2014-02-10,16,6,10,12,3,15,40,3,3,1,2,8,1,0,0,0,0,0,1,42,86,139,1,9,8.6,1,1,2,12381.0,0,💤 Low Engagers,2,2,0.8872512569157049,🔥 Hot Lead
9653,1975,Graduation,Married,35797.0,0,1,2012-10-16,16,27,1,14,4,1,21,2,2,0,3,8,0,0,0,0,0,0,0,39,68,621,1,7,8.5,0,1,3,11932.333333333334,0,💤 Low Engagers,2,1,0.3990919577123353,❄️ Cold Lead
8916,1975,Graduation,Divorced,36627.0,2,0,2013-07-23,78,9,1,5,0,0,1,1,0,0,3,5,0,0,0,0,0,0,0,39,16,341,2,4,3.2,0,1,3,12209.0,0,💤 Low Engagers,2,0,0.0018641001626043354,❄️ Cold Lead
8017,1981,Diploma,Married,51111.0,1,1,2014-06-19,83,22,0,19,6,5,3,2,2,0,3,6,0,0,0,0,0,0,0,33,55,10,2,7,6.875,0,1,4,12777.75,0,💤 Low Engagers,1,1,0.005924037515142714,❄️ Cold Lead
5830,1972,PhD,Single,86857.0,0,0,2012-09-12,96,899,102,838,133,102,40,1,5,6,10,2,0,0,0,0,0,0,1,42,2114,655,0,22,91.91304347826087,0,0,1,86857.0,1,🌟 High-Value Loyalists,4,2,0.9036069740467673,🔥 Hot Lead
4597,1970,PhD,Together,82072.0,0,0,2013-07-02,67,889,55,685,168,92,129,1,3,2,13,1,0,0,0,0,0,0,0,44,2018,362,0,19,100.9,0,0,2,41036.0,1,🌟 High-Value Loyalists,4,3,0.09387365437768602,❄️ Cold Lead
7023,1953,PhD,Single,46231.0,2,1,2012-11-26,87,189,2,55,0,5,12,4,6,1,4,9,0,0,0,0,0,0,0,61,263,580,3,15,16.4375,0,1,4,11557.75,2,👨‍👩‍👧 Active Parent Shoppers,4,2,0.17014392950615573,❄️ Cold Lead
8086,1959,Graduation,Married,42243.0,1,1,2013-12-11,34,48,0,2,0,0,5,2,2,0,3,7,0,0,0,0,0,0,0,55,55,200,2,7,6.875,0,1,4,10560.75,0,💤 Low Engagers,2,1,0.00443056692834206,❄️ Cold Lead
8825,1962,Graduation,Together,51195.0,1,1,2013-04-01,46,230,14,156,82,24,58,8,9,2,5,8,0,0,0,0,0,0,0,52,564,454,2,24,22.56,0,1,4,12798.75,2,👨‍👩‍👧 Active Parent Shoppers,2,3,0.14310913050175852,❄️ Cold Lead
2930,1978,Master,Single,68092.0,0,0,2013-12-16,7,852,60,207,78,36,48,2,2,6,10,5,0,0,0,0,0,0,0,36,1281,195,0,20,61.0,0,0,1,68092.0,1,🌟 High-Value Loyalists,3,2,0.22389777041483958,❄️ Cold Lead
1928,1973,Graduation,Married,31814.0,1,0,2013-02-09,73,35,3,20,4,1,20,2,2,0,3,9,1,0,0,0,0,0,0,41,83,505,1,7,10.375,1,1,3,10604.666666666666,0,💤 Low Engagers,2,1,0.13657390960397855,❄️ Cold Lead
7108,1965,Master,Widow,51390.0,1,1,2012-09-08,54,205,20,47,23,2,56,6,5,2,5,5,0,0,0,0,0,0,0,49,353,659,2,18,18.57894736842105,0,1,3,17130.0,2,👨‍👩‍👧 Active Parent Shoppers,3,4,0.3179612748913074,❄️ Cold Lead
10925,1983,Graduation,Married,76630.0,0,0,2014-01-14,93,255,31,446,40,56,175,1,3,10,11,1,0,0,0,0,0,0,0,31,1003,166,0,25,38.57692307692308,0,0,2,38315.0,1,🌟 High-Value Loyalists,2,1,0.002795258704077534,❄️ Cold Lead
9960,1991,Basic,Single,26868.0,1,0,2014-04-30,52,0,0,1,8,3,2,1,1,0,2,7,0,0,0,0,0,0,0,23,14,60,1,4,2.8,0,1,2,13434.0,0,💤 Low Engagers,0,2,0.008855579171206444,❄️ Cold Lead
8800,1943,PhD,Divorced,48948.0,0,0,2013-02-01,53,437,8,206,160,49,42,2,7,10,5,6,1,0,0,0,0,0,1,71,902,513,0,24,36.08,1,0,1,48948.0,2,👨‍👩‍👧 Active Parent Shoppers,4,0,0.7959075995832419,🔥 Hot Lead
9224,1972,PhD,Single,55260.0,0,1,2012-12-12,81,825,8,53,11,0,242,2,8,10,5,6,0,0,0,0,0,0,0,42,1139,564,1,25,43.80769230769231,0,1,2,27630.0,2,👨‍👩‍👧 Active Parent Shoppers,4,2,0.25996835192753265,❄️ Cold Lead
5519,1956,Graduation,Together,64090.0,0,1,2013-08-07,8,316,58,161,76,51,135,1,6,9,4,5,0,0,0,0,0,0,1,58,797,326,1,20,37.95238095238095,0,1,3,21363.333333333332,2,👨‍👩‍👧 Active Parent Shoppers,2,3,0.10248259332646692,❄️ Cold Lead
5046,1958,Graduation,Divorced,78331.0,0,1,2014-01-23,97,756,138,354,160,169,61,2,10,6,7,4,0,0,0,0,0,0,0,56,1638,157,1,25,63.0,0,1,2,39165.5,2,👨‍👩‍👧 Active Parent Shoppers,2,0,0.047066088952942266,❄️ Cold Lead
7037,1974,PhD,Married,37087.0,1,0,2013-08-11,50,194,55,134,15,0,3,3,4,2,8,6,0,0,0,0,0,0,0,40,401,322,1,17,22.27777777777778,0,1,3,12362.333333333334,0,💤 Low Engagers,4,1,0.05152275897374145,❄️ Cold Lead
905,1986,Graduation,Divorced,21846.0,1,0,2013-10-22,38,7,17,18,6,10,26,4,4,0,3,8,0,0,0,0,0,0,0,28,84,250,1,11,7.0,0,1,2,10923.0,0,💤 Low Engagers,2,0,0.06869982084818792,❄️ Cold Lead
8624,1958,Graduation,Married,81320.0,0,0,2013-02-06,61,183,33,493,59,103,57,1,4,3,10,2,0,0,0,0,0,0,0,56,928,508,0,18,48.8421052631579,0,0,2,40660.0,1,🌟 High-Value Loyalists,2,1,0.06298297267086682,❄️ Cold Lead
8945,1970,Graduation,Divorced,54137.0,0,1,2013-08-16,46,171,0,11,0,1,20,2,4,1,4,6,0,0,0,0,0,0,0,44,203,317,1,11,16.916666666666668,0,1,2,27068.5,0,💤 Low Engagers,2,0,0.030938107133446295,❄️ Cold Lead
6445,1967,Graduation,Together,66825.0,0,0,2013-07-14,73,243,101,405,29,40,40,1,4,5,6,2,0,0,0,0,0,0,0,47,858,350,0,16,50.470588235294116,0,0,2,33412.5,1,🌟 High-Value Loyalists,2,3,0.005288207419125383,❄️ Cold Lead
2727,1973,Graduation,Together,57100.0,0,0,2013-12-04,19,181,21,69,39,3,96,1,3,3,6,3,0,0,0,0,0,0,0,41,409,207,0,13,29.214285714285715,0,0,2,28550.0,1,🌟 High-Value Loyalists,2,3,0.02394012101695326,❄️ Cold Lead
6404,1969,Graduation,Together,58917.0,1,2,2013-03-24,10,151,7,89,0,7,28,5,4,1,6,5,0,0,0,0,0,0,0,45,282,462,3,16,16.58823529411765,0,1,5,11783.4,2,👨‍👩‍👧 Active Parent Shoppers,2,3,0.18507472906360609,❄️ Cold Lead
11074,1977,Graduation,Single,85072.0,0,0,2014-04-09,94,494,92,391,194,11,241,1,3,4,10,0,0,0,0,0,0,0,0,37,1423,81,0,18,74.89473684210526,0,0,1,85072.0,1,🌟 High-Value Loyalists,2,2,0.1374493580798746,❄️ Cold Lead
10150,1961,Graduation,Single,86429.0,0,0,2013-11-21,10,464,28,873,29,18,37,0,7,4,7,2,0,0,0,1,0,0,1,53,1449,220,0,18,76.26315789473684,1,0,1,86429.0,1,🌟 High-Value Loyalists,2,2,0.8941787122104273,🔥 Hot Lead
1968,1971,Graduation,Widow,45684.0,1,0,2013-12-02,37,5,1,5,10,0,7,1,1,0,2,7,0,0,0,0,0,0,0,43,28,209,1,4,5.6,0,1,2,22842.0,0,💤 Low Engagers,2,4,0.009715916868289112,❄️ Cold Lead
6534,1974,Graduation,Together,47889.0,1,0,2014-01-04,94,29,0,29,0,5,4,1,2,0,3,5,0,0,0,0,0,0,0,40,67,176,1,6,9.571428571428571,0,1,3,15963.0,0,💤 Low Engagers,2,3,0.0025184480462334203,❄️ Cold Lead
9485,1986,PhD,Married,45921.0,0,0,2014-03-10,23,102,9,49,24,3,12,1,2,1,6,4,0,0,0,0,0,0,0,28,199,111,0,10,18.09090909090909,0,0,2,22960.5,0,💤 Low Engagers,4,1,0.05197267817454142,❄️ Cold Lead
7053,1966,PhD,Single,78420.0,0,0,2013-06-29,75,604,28,674,91,28,28,1,3,10,8,1,0,0,0,0,0,0,0,48,1453,365,0,22,63.17391304347826,0,0,1,78420.0,1,🌟 High-Value Loyalists,4,2,0.13402326465996656,❄️ Cold Lead
4654,1992,Graduation,Together,75114.0,0,0,2013-11-07,40,571,12,523,63,60,24,1,3,10,5,2,0,0,0,0,0,0,0,22,1253,234,0,19,62.65,0,0,2,37557.0,1,🌟 High-Value Loyalists,2,3,0.07537172274633294,❄️ Cold Lead
9760,1963,PhD,Widow,52278.0,0,1,2013-01-25,24,953,0,71,0,0,174,6,10,5,10,8,0,0,0,0,0,0,1,51,1198,520,1,31,37.4375,0,1,2,26139.0,2,👨‍👩‍👧 Active Parent Shoppers,4,4,0.5418502798484002,🌤 Warm Lead
1048,1972,Master,Married,35641.0,1,0,2013-07-14,11,63,3,67,8,9,28,2,3,1,4,7,0,0,0,0,0,0,1,42,178,350,1,10,16.181818181818183,0,1,3,11880.333333333334,0,💤 Low Engagers,3,1,0.4197956896140289,🌤 Warm Lead
10619,1994,Graduation,Single,95529.0,0,0,2012-12-03,29,770,29,890,250,27,24,1,7,3,7,3,0,0,1,0,0,0,1,20,1990,573,0,18,104.73684210526316,1,0,1,95529.0,3,🏆 Champions,2,2,0.8798425659728699,🔥 Hot Lead
9308,1954,Graduation,Married,62820.0,0,0,2013-05-11,51,398,61,265,138,61,53,1,3,4,6,1,0,0,0,0,0,0,0,60,976,414,0,14,65.06666666666666,0,0,2,31410.0,1,🌟 High-Value Loyalists,2,1,0.01821420036404642,❄️ Cold Lead
10505,1960,Master,Together,73113.0,0,0,2013-12-26,86,741,19,154,50,9,28,1,3,4,7,2,0,0,0,0,0,0,0,54,1001,185,0,15,62.5625,0,0,2,36556.5,1,🌟 High-Value Loyalists,3,3,0.00842119913133893,❄️ Cold Lead
8362,1982,PhD,Married,84169.0,0,0,2013-08-07,9,1478,19,403,0,19,0,1,7,6,6,3,0,1,1,0,0,0,1,32,1919,326,0,20,91.38095238095238,2,0,2,42084.5,3,🏆 Champions,4,1,0.9585266454354427,🔥 Hot Lead
2625,1954,Diploma,Single,42607.0,0,1,2013-11-17,30,156,29,56,30,32,47,2,3,2,7,3,0,0,0,0,0,0,0,60,350,224,1,14,23.333333333333332,0,1,2,21303.5,2,👨‍👩‍👧 Active Parent Shoppers,1,2,0.02337020506247345,❄️ Cold Lead
4637,1954,PhD,Single,74637.0,0,0,2013-05-18,73,960,64,464,146,0,16,1,6,9,9,3,0,0,0,1,0,0,0,60,1650,407,0,25,63.46153846153846,1,0,1,74637.0,1,🌟 High-Value Loyalists,4,2,0.2262328734194119,❄️ Cold Lead
9972,1955,PhD,Together,46015.0,1,1,2014-04-13,25,38,0,2,0,0,6,1,1,0,3,7,1,0,0,0,1,0,0,59,46,77,2,5,7.666666666666667,2,1,4,11503.75,0,💤 Low Engagers,4,3,0.06718724306708039,❄️ Cold Lead
4483,1993,Graduation,Single,72354.0,0,0,2013-04-17,67,315,26,473,220,12,182,1,2,10,6,1,0,0,0,0,0,0,0,21,1228,438,0,19,61.4,0,0,1,72354.0,1,🌟 High-Value Loyalists,2,2,0.13476335491258884,❄️ Cold Lead
4487,1969,Master,Single,39858.0,1,0,2013-01-24,67,15,20,25,2,7,26,1,2,0,4,6,0,0,0,0,0,0,1,45,95,521,1,7,11.875,0,1,2,19929.0,0,💤 Low Engagers,3,2,0.5024777423286819,🌤 Warm Lead
4988,1948,PhD,Married,34469.0,1,1,2014-05-04,58,19,6,20,0,5,12,3,1,1,4,4,0,0,0,0,0,0,0,66,62,56,2,9,6.2,0,1,4,8617.25,0,💤 Low Engagers,4,1,0.014985426064962015,❄️ Cold Lead
8931,1986,Graduation,Together,83033.0,1,0,2014-05-18,82,812,99,431,237,149,33,1,11,4,10,5,0,0,0,1,0,0,0,28,1761,42,1,26,65.22222222222223,1,1,3,27677.666666666668,3,🏆 Champions,2,3,0.10788033786508557,❄️ Cold Lead
5871,1979,Master,Together,24401.0,0,0,2012-08-31,98,73,28,217,10,24,115,3,6,1,6,8,0,0,0,0,0,0,0,35,467,667,0,16,27.470588235294116,0,0,2,12200.5,0,💤 Low Engagers,3,3,0.19943568801459782,❄️ Cold Lead
2008,1978,Graduation,Married,77583.0,0,0,2014-02-10,93,372,23,384,250,12,108,1,4,5,9,2,0,0,0,1,0,0,0,36,1149,139,0,19,57.45,1,0,2,38791.5,1,🌟 High-Value Loyalists,2,1,0.012379251392207939,❄️ Cold Lead
3139,1982,Diploma,Single,74116.0,0,0,2013-12-30,53,871,111,704,145,55,166,1,4,4,10,2,0,1,0,0,0,0,0,32,2052,181,0,19,102.6,1,0,1,74116.0,1,🌟 High-Value Loyalists,1,2,0.4654561417392613,🌤 Warm Lead
10037,1993,Graduation,Single,74293.0,0,0,2014-05-04,66,375,152,335,93,91,81,1,5,4,6,2,0,0,0,0,0,0,0,21,1127,56,0,16,66.29411764705883,0,0,1,74293.0,1,🌟 High-Value Loyalists,2,2,0.03255908574341314,❄️ Cold Lead
10673,1976,PhD,Married,68397.0,0,1,2013-11-17,6,760,80,466,17,13,80,1,6,9,5,3,0,0,0,0,0,0,0,38,1416,224,1,21,64.36363636363636,0,1,3,22799.0,2,👨‍👩‍👧 Active Parent Shoppers,4,1,0.09061185200412117,❄️ Cold Lead
5303,1974,PhD,Together,79632.0,0,0,2014-04-08,42,471,0,510,99,21,12,1,6,4,9,2,0,0,0,0,0,0,0,40,1113,82,0,20,53.0,0,0,2,39816.0,1,🌟 High-Value Loyalists,4,3,0.013992171813148484,❄️ Cold Lead
538,1989,Graduation,Single,46107.0,1,0,2014-02-10,78,31,9,27,16,9,33,1,1,1,4,3,0,0,0,0,0,0,0,25,125,139,1,7,15.625,0,1,2,23053.5,0,💤 Low Engagers,2,2,0.007422054844894913,❄️ Cold Lead
7922,1951,PhD,Single,64950.0,0,1,2012-08-12,29,819,0,72,12,0,63,2,11,2,10,7,0,1,0,0,0,0,0,63,966,686,1,25,37.15384615384615,1,1,2,32475.0,2,👨‍👩‍👧 Active Parent Shoppers,4,2,0.47235822488516144,🌤 Warm Lead
5692,1989,Basic,Married,25443.0,1,0,2012-12-22,82,1,4,3,8,9,7,1,1,0,3,8,0,0,0,0,0,0,0,25,32,554,1,5,5.333333333333333,0,1,3,8481.0,0,💤 Low Engagers,0,1,0.02402211599483888,❄️ Cold Lead
4843,1952,Graduation,Single,75127.0,0,0,2014-05-22,92,203,35,305,46,17,227,1,2,11,5,1,0,0,0,0,0,0,0,62,833,38,0,19,41.65,0,0,1,75127.0,1,🌟 High-Value Loyalists,2,2,0.01443169593353835,❄️ Cold Lead
6383,1971,PhD,Together,32892.0,1,0,2014-05-25,78,26,0,15,2,1,2,2,3,0,3,8,0,0,0,0,0,0,0,43,46,35,1,8,5.111111111111111,0,1,3,10964.0,0,💤 Low Engagers,4,3,0.0030145889477001227,❄️ Cold Lead
1628,1971,Graduation,Together,71796.0,0,0,2013-10-24,54,354,21,311,167,75,32,1,9,3,4,4,0,0,0,0,0,0,0,43,960,248,0,17,53.333333333333336,0,0,2,35898.0,1,🌟 High-Value Loyalists,2,3,0.014698502363359987,❄️ Cold Lead
1204,1970,PhD,Married,67536.0,0,1,2013-05-22,45,1253,0,447,23,71,35,3,11,5,11,8,0,0,0,1,0,0,0,44,1829,403,1,30,59.0,1,1,3,22512.0,2,👨‍👩‍👧 Active Parent Shoppers,4,1,0.12503842214638008,❄️ Cold Lead
3673,1971,Graduation,Single,55239.0,0,1,2013-07-14,59,371,17,238,23,24,106,3,7,5,11,5,0,0,0,0,0,0,0,43,779,350,1,26,28.85185185185185,0,1,2,27619.5,2,👨‍👩‍👧 Active Parent Shoppers,2,2,0.01370557128594957,❄️ Cold Lead
760,1975,PhD,Divorced,60554.0,1,0,2013-08-09,8,588,7,76,110,15,15,2,8,4,9,6,0,0,0,0,0,0,0,39,811,324,1,23,33.791666666666664,0,1,2,30277.0,2,👨‍👩‍👧 Active Parent Shoppers,4,0,0.17681469289051638,❄️ Cold Lead
8957,1952,Diploma,Single,64831.0,1,1,2013-06-10,51,480,86,249,75,86,144,8,6,3,5,6,0,0,0,0,0,0,0,62,1120,384,2,22,48.69565217391305,0,1,3,21610.333333333332,2,👨‍👩‍👧 Active Parent Shoppers,1,2,0.04464713676670879,❄️ Cold Lead
4128,1962,PhD,Together,56067.0,0,1,2013-07-20,51,517,12,54,16,6,120,2,7,4,7,5,0,0,0,0,0,0,0,52,725,344,1,20,34.523809523809526,0,1,3,18689.0,2,👨‍👩‍👧 Active Parent Shoppers,4,3,0.011580447635537177,❄️ Cold Lead
6810,1983,Graduation,Divorced,82025.0,0,0,2013-05-28,76,267,98,606,48,70,98,1,3,2,6,1,0,0,1,0,0,0,1,31,1187,397,0,12,91.3076923076923,1,0,1,82025.0,1,🌟 High-Value Loyalists,2,0,0.3879625943802921,❄️ Cold Lead
5386,1953,Graduation,Together,94384.0,0,0,2013-03-04,62,1111,24,790,160,45,172,0,5,8,5,2,0,1,1,1,0,0,1,61,2302,482,0,18,121.15789473684211,3,0,2,47192.0,3,🏆 Champions,2,3,0.8040900425446895,🔥 Hot Lead
8700,1986,Basic,Single,14906.0,0,0,2012-12-22,86,7,7,14,7,16,15,3,2,1,3,7,0,0,0,0,0,0,0,28,66,554,0,9,6.6,0,0,1,14906.0,0,💤 Low Engagers,0,2,0.08612755464336423,❄️ Cold Lead
3202,1987,PhD,Married,51563.0,0,0,2012-10-01,60,1166,0,48,0,0,36,1,4,4,10,8,0,1,1,0,0,0,0,27,1250,636,0,19,62.5,2,0,2,25781.5,3,🏆 Champions,4,1,0.22704683277758997,❄️ Cold Lead
1328,1982,Diploma,Married,57937.0,0,1,2014-02-16,56,261,42,144,55,48,133,3,4,4,9,3,0,0,0,0,0,0,0,32,683,133,1,20,32.523809523809526,0,1,3,19312.333333333332,2,👨‍👩‍👧 Active Parent Shoppers,1,1,0.0027336063347756776,❄️ Cold Lead
8405,1979,Graduation,Divorced,68274.0,1,1,2013-09-30,83,135,25,51,23,25,46,2,4,2,5,3,0,0,0,0,0,0,0,35,305,272,2,13,21.785714285714285,0,1,3,22758.0,2,👨‍👩‍👧 Active Parent Shoppers,2,0,0.0104472067053078,❄️ Cold Lead
6515,1977,Graduation,Together,39771.0,1,0,2013-12-06,92,6,2,18,2,8,14,1,2,0,3,4,0,0,0,0,0,0,0,37,50,205,1,6,7.142857142857143,0,1,3,13257.0,0,💤 Low Engagers,2,3,0.005746212918471196,❄️ Cold Lead
2882,1975,Diploma,Divorced,67893.0,0,1,2012-10-01,31,711,28,142,49,18,47,2,3,2,9,8,0,0,0,0,0,0,0,39,995,636,1,16,58.529411764705884,0,1,2,33946.5,2,👨‍👩‍👧 Active Parent Shoppers,1,0,0.14261018711875167,❄️ Cold Lead
7574,1979,PhD,Together,27922.0,1,0,2014-05-10,80,11,0,13,2,4,11,1,2,0,3,4,0,0,0,0,0,0,0,35,41,50,1,6,5.857142857142857,0,1,3,9307.333333333334,0,💤 Low Engagers,4,3,0.002212218059148775,❄️ Cold Lead
6387,1976,PhD,Together,52190.0,1,1,2014-05-08,39,42,0,17,0,0,18,3,2,1,3,5,1,0,0,0,0,0,0,38,77,52,2,9,7.7,1,1,4,13047.5,0,💤 Low Engagers,4,3,0.12597850493654722,❄️ Cold Lead
5320,1973,Master,Divorced,44051.0,1,1,2013-01-29,20,79,7,58,6,3,18,4,3,1,4,6,0,0,0,0,0,0,1,41,171,516,2,12,13.153846153846153,0,1,3,14683.666666666666,0,💤 Low Engagers,3,0,0.60898945563202,🌤 Warm Lead
5048,1971,PhD,Single,42767.0,2,0,2013-05-11,53,20,6,43,19,5,38,1,3,1,2,8,0,0,0,0,0,0,0,43,131,414,2,7,16.375,0,1,3,14255.666666666666,0,💤 Low Engagers,4,2,0.13225475522835117,❄️ Cold Lead
8146,1976,Master,Together,46106.0,1,1,2014-05-11,84,30,0,8,2,0,14,1,1,1,2,6,0,0,0,0,0,0,0,38,54,49,2,5,9.0,0,1,4,11526.5,0,💤 Low Engagers,3,3,0.03809437471920557,❄️ Cold Lead
10031,1976,PhD,Married,16927.0,1,1,2013-02-10,50,20,2,23,3,1,4,5,3,0,4,8,0,0,0,0,0,0,0,38,53,504,2,12,4.076923076923077,0,1,4,4231.75,0,💤 Low Engagers,4,1,0.044185473368573785,❄️ Cold Lead
5748,1965,Graduation,Married,59754.0,0,1,2012-12-01,96,115,27,44,4,146,139,3,5,2,6,5,0,0,0,0,0,0,1,49,475,575,1,16,27.941176470588236,0,1,3,19918.0,2,👨‍👩‍👧 Active Parent Shoppers,2,1,0.4504065279978932,🌤 Warm Lead
2134,1952,Graduation,Single,53700.0,0,1,2012-08-17,94,263,5,233,69,41,83,4,5,5,8,5,0,0,0,0,0,0,0,62,694,681,1,22,30.17391304347826,0,1,2,26850.0,2,👨‍👩‍👧 Active Parent Shoppers,2,2,0.05177165079753815,❄️ Cold Lead
1523,1973,Graduation,Married,59041.0,1,1,2014-05-07,25,69,2,15,2,2,6,2,2,0,4,5,0,0,0,0,0,0,0,41,96,53,2,8,10.666666666666666,0,1,4,14760.25,0,💤 Low Engagers,2,1,0.010413034151185224,❄️ Cold Lead
9665,1957,PhD,Divorced,54237.0,0,1,2013-04-27,48,267,3,30,4,0,57,4,5,2,5,6,0,0,0,0,0,0,0,57,361,428,1,16,21.235294117647058,0,1,2,27118.5,2,👨‍👩‍👧 Active Parent Shoppers,4,0,0.06717363854970797,❄️ Cold Lead
4640,1967,Graduation,Divorced,70647.0,0,1,2012-09-21,65,561,85,171,25,123,114,2,4,7,13,2,0,0,0,0,0,0,0,47,1079,646,1,26,39.96296296296296,0,1,2,35323.5,2,👨‍👩‍👧 Active Parent Shoppers,2,0,0.033076514464109995,❄️ Cold Lead
3635,1962,PhD,Single,52597.0,0,1,2014-05-07,69,492,0,37,7,0,42,3,6,3,8,5,0,0,0,0,0,0,0,52,578,53,1,20,27.523809523809526,0,1,2,26298.5,2,👨‍👩‍👧 Active Parent Shoppers,4,2,0.0189023217538834,❄️ Cold Lead
3547,1969,Master,Together,41021.0,1,0,2012-12-30,12,14,7,9,6,16,12,2,2,0,3,6,0,0,0,0,0,0,1,45,64,546,1,7,8.0,0,1,3,13673.666666666666,0,💤 Low Engagers,3,3,0.56581016945059,🌤 Warm Lead
2456,1975,PhD,Married,40233.0,0,1,2013-10-14,84,80,4,46,0,17,2,5,2,1,5,6,0,0,0,0,0,0,0,39,149,258,1,13,10.642857142857142,0,1,3,13411.0,0,💤 Low Engagers,4,1,0.04404165765984999,❄️ Cold Lead
5633,1980,Graduation,Married,50183.0,1,1,2014-06-25,47,97,12,84,13,10,15,7,3,1,6,5,0,0,0,0,0,0,0,34,231,4,2,17,12.833333333333334,0,1,4,12545.75,0,💤 Low Engagers,2,1,0.014151500835340313,❄️ Cold Lead
7801,1959,Graduation,Together,54753.0,0,1,2013-09-12,87,197,107,227,7,59,131,3,5,2,11,4,0,0,0,0,0,0,0,55,728,290,1,21,33.09090909090909,0,1,3,18251.0,2,👨‍👩‍👧 Active Parent Shoppers,2,3,0.004131089097529457,❄️ Cold Lead
10489,1973,Graduation,Married,92955.0,0,0,2013-08-19,35,693,21,925,31,24,84,1,6,7,9,2,0,0,1,1,0,0,1,41,1778,314,0,23,74.08333333333333,2,0,2,46477.5,3,🏆 Champions,2,1,0.717113887077139,🔥 Hot Lead
7011,1973,Graduation,Married,33471.0,1,0,2012-10-12,47,43,2,27,0,9,12,3,3,0,4,7,0,0,0,0,0,0,0,41,93,625,1,10,8.454545454545455,0,1,3,11157.0,0,💤 Low Engagers,2,1,0.3185627975918497,❄️ Cold Lead
2620,1974,PhD,Married,34596.0,1,0,2013-04-13,48,14,0,2,0,0,7,1,1,0,2,8,0,0,0,0,0,0,1,40,23,442,1,4,4.6,0,1,3,11532.0,0,💤 Low Engagers,4,1,0.027694642944298332,❄️ Cold Lead
3933,1980,Graduation,Together,44010.0,1,0,2012-10-13,46,186,36,234,86,72,48,6,10,2,6,9,0,0,0,0,0,0,0,34,662,624,1,24,26.48,0,1,3,14670.0,2,👨‍👩‍👧 Active Parent Shoppers,2,3,0.28050118867871415,❄️ Cold Lead
10981,1988,Graduation,Married,84219.0,0,0,2014-02-02,27,434,137,400,45,137,45,1,3,4,10,1,0,0,0,0,0,0,0,26,1198,147,0,18,63.05263157894737,0,0,2,42109.5,1,🌟 High-Value Loyalists,2,1,0.060062345226816076,❄️ Cold Lead
1734,1968,PhD,Together,40706.0,2,1,2013-01-17,37,59,0,11,4,2,5,4,3,0,4,7,0,0,0,0,0,0,0,46,81,528,3,11,6.75,0,1,5,8141.2,0,💤 Low Engagers,4,3,0.11781457998253118,❄️ Cold Lead
10995,1988,Diploma,Married,15716.0,1,0,2012-11-12,8,16,5,30,8,7,26,3,3,0,4,8,0,0,0,0,0,1,0,26,92,594,1,10,8.363636363636363,0,1,3,5238.666666666667,0,💤 Low Engagers,1,1,0.2103581156656345,❄️ Cold Lead
6357,1959,Diploma,Divorced,59052.0,0,1,2013-11-17,29,230,35,75,63,57,31,3,7,1,7,5,0,0,0,0,0,0,0,55,491,224,1,18,25.842105263157894,0,1,2,29526.0,2,👨‍👩‍👧 Active Parent Shoppers,1,0,0.03503836249119852,❄️ Cold Lead
9209,1971,Master,Together,80573.0,0,0,2012-10-14,85,829,138,430,60,92,15,1,4,6,13,2,0,0,0,0,0,0,0,43,1564,623,0,24,62.56,0,0,2,40286.5,1,🌟 High-Value Loyalists,3,3,0.04327028683656639,❄️ Cold Lead
10286,1962,Graduation,Married,83715.0,0,0,2014-02-03,2,318,8,407,150,35,8,1,2,8,13,0,0,0,0,0,0,0,0,52,926,146,0,24,37.04,0,0,2,41857.5,1,🌟 High-Value Loyalists,2,1,0.1351021700903367,❄️ Cold Lead
2611,1959,Master,Together,82576.0,0,0,2012-08-01,66,1206,55,445,168,18,18,1,2,4,12,1,0,0,1,0,0,0,0,55,1910,697,0,19,95.5,1,0,2,41288.0,1,🌟 High-Value Loyalists,3,3,0.08162096041855843,❄️ Cold Lead
1600,1965,Master,Married,56962.0,2,1,2013-10-11,60,292,3,77,10,3,26,7,6,3,5,7,0,0,0,0,0,0,0,49,411,261,3,21,18.681818181818183,0,1,5,11392.4,2,👨‍👩‍👧 Active Parent Shoppers,3,1,0.05224163452857515,❄️ Cold Lead
3308,1952,Graduation,Married,35704.0,1,1,2014-01-03,54,30,9,12,2,11,30,3,2,0,4,4,0,0,0,0,0,0,0,62,94,177,2,9,9.4,0,1,4,8926.0,0,💤 Low Engagers,2,1,0.013879990807162977,❄️ Cold Lead
5407,1954,Graduation,Together,53103.0,0,1,2013-09-12,70,729,17,133,11,0,195,5,10,6,7,7,1,0,0,0,0,0,0,60,1085,290,1,28,37.41379310344828,1,1,3,17701.0,2,👨‍👩‍👧 Active Parent Shoppers,2,3,0.1088333907292566,❄️ Cold Lead
2166,1960,Diploma,Widow,46779.0,1,1,2013-07-12,55,12,1,3,0,0,7,1,0,1,2,4,0,0,0,0,0,0,0,54,23,352,2,4,4.6,0,1,3,15593.0,0,💤 Low Engagers,1,4,0.013571684541649125,❄️ Cold Lead
3955,1965,Graduation,Divorced,4861.0,0,0,2014-06-22,20,2,1,1,1,0,1,0,0,0,0,14,0,0,0,0,0,0,0,49,6,7,0,0,6.0,0,0,1,4861.0,0,💤 Low Engagers,2,0,0.025495701046337808,❄️ Cold Lead
6634,1979,Master,Divorced,33462.0,1,0,2013-08-07,78,22,3,18,0,0,11,1,2,0,3,7,0,0,0,0,0,0,0,35,54,326,1,6,7.714285714285714,0,1,2,16731.0,0,💤 Low Engagers,3,0,0.0063559906658600925,❄️ Cold Lead
3056,1978,Graduation,Divorced,63693.0,0,1,2013-10-14,63,587,43,337,42,87,54,3,11,6,9,6,0,0,0,0,0,0,0,36,1150,258,1,29,38.333333333333336,0,1,2,31846.5,2,👨‍👩‍👧 Active Parent Shoppers,2,0,0.02038684025923364,❄️ Cold Lead
5718,1950,Graduation,Married,80763.0,0,0,2013-08-15,17,674,168,108,192,42,231,1,5,11,6,3,0,0,1,1,0,0,1,64,1415,318,0,23,58.958333333333336,2,0,2,40381.5,3,🏆 Champions,2,1,0.8912850515080489,🔥 Hot Lead
6872,1974,PhD,Married,65352.0,0,1,2013-08-21,43,284,3,84,4,7,23,2,4,2,8,4,0,0,0,0,0,0,0,40,405,312,1,16,23.823529411764707,0,1,3,21784.0,2,👨‍👩‍👧 Active Parent Shoppers,4,1,0.005183186352635798,❄️ Cold Lead
8164,1978,PhD,Married,82170.0,0,0,2013-11-25,13,1023,93,651,49,55,37,1,5,6,7,2,0,0,0,0,0,0,0,36,1908,216,0,19,95.4,0,0,2,41085.0,1,🌟 High-Value Loyalists,4,1,0.25868863954318205,❄️ Cold Lead
4580,1969,Graduation,Married,75759.0,0,0,2013-10-25,46,1394,22,708,89,91,182,1,9,7,9,5,1,0,1,1,0,0,1,45,2486,247,0,26,92.07407407407408,3,0,2,37879.5,3,🏆 Champions,2,1,0.5942699674556781,🌤 Warm Lead
9305,1976,Diploma,Single,79689.0,0,0,2013-05-12,65,311,26,640,180,37,121,1,4,9,13,2,0,0,0,0,0,0,0,38,1315,413,0,27,46.964285714285715,0,0,1,79689.0,1,🌟 High-Value Loyalists,1,2,0.10402037196336979,❄️ Cold Lead
453,1956,PhD,Widow,35340.0,1,1,2014-06-29,1,27,0,12,0,1,5,2,2,0,3,5,0,0,0,0,0,0,0,58,45,0,2,7,5.625,0,1,3,11780.0,0,💤 Low Engagers,4,4,0.040370444154414355,❄️ Cold Lead
8545,1954,Graduation,Divorced,85683.0,0,0,2014-03-21,6,1296,17,311,45,69,51,1,2,4,10,1,0,1,1,1,1,0,1,60,1789,100,0,17,99.38888888888889,4,0,1,85683.0,3,🏆 Champions,2,0,0.8648637753199965,🔥 Hot Lead
9850,1972,Diploma,Married,24884.0,1,0,2012-11-29,32,3,6,7,0,0,3,1,0,0,3,7,0,0,0,0,0,0,0,42,19,577,1,4,3.8,0,1,3,8294.666666666666,0,💤 Low Engagers,1,1,0.042057062769374334,❄️ Cold Lead
7378,1981,Master,Together,42021.0,1,0,2012-08-31,34,393,5,136,7,5,27,5,10,1,6,9,1,0,0,0,0,0,0,33,573,667,1,22,24.91304347826087,1,1,3,14007.0,2,👨‍👩‍👧 Active Parent Shoppers,3,3,0.33569696304262797,❄️ Cold Lead
7646,1989,Graduation,Single,64449.0,1,0,2014-02-18,70,218,63,282,137,35,70,4,5,3,12,4,0,0,0,0,0,0,0,25,805,131,1,24,32.2,0,1,2,32224.5,2,👨‍👩‍👧 Active Parent Shoppers,2,2,0.0011645949012008096,❄️ Cold Lead
1640,1954,Graduation,Divorced,64587.0,1,1,2014-06-22,49,66,0,16,0,6,20,2,1,1,4,3,0,0,0,0,0,0,0,60,108,7,2,8,12.0,0,1,3,21529.0,0,💤 Low Engagers,2,0,0.007404963693373489,❄️ Cold Lead
5184,1995,Graduation,Single,34824.0,0,0,2014-03-26,65,4,2,11,2,0,4,1,1,0,2,6,0,0,0,0,0,0,0,19,23,95,0,4,4.6,0,0,1,34824.0,0,💤 Low Engagers,2,2,0.0069675518473482235,❄️ Cold Lead
8492,1978,Graduation,Together,75437.0,0,0,2013-11-09,25,795,0,545,95,58,0,1,8,4,10,6,0,0,0,1,0,0,0,36,1493,232,0,23,62.208333333333336,1,0,2,37718.5,1,🌟 High-Value Loyalists,2,3,0.20864988217255245,❄️ Cold Lead
11188,1957,Graduation,Together,26091.0,1,1,2014-02-25,84,15,10,19,8,17,20,3,2,1,3,5,0,0,0,0,0,0,0,57,89,124,2,9,8.9,0,1,4,6522.75,0,💤 Low Engagers,2,3,0.016312556066152534,❄️ Cold Lead
1212,1973,Graduation,Married,52845.0,1,0,2013-08-13,7,384,25,292,130,41,64,3,8,8,6,6,1,0,0,0,0,0,0,41,936,320,1,25,36.0,1,1,3,17615.0,2,👨‍👩‍👧 Active Parent Shoppers,2,1,0.453053927133669,🌤 Warm Lead
9097,1956,Graduation,Divorced,46086.0,0,1,2013-11-03,34,244,8,32,7,2,50,4,3,1,8,4,0,0,0,0,0,0,0,58,343,238,1,16,20.176470588235293,0,1,2,23043.0,2,👨‍👩‍👧 Active Parent Shoppers,2,0,0.012575861638075276,❄️ Cold Lead
10473,1956,PhD,Widow,78028.0,0,1,2012-09-10,38,158,19,288,25,0,38,1,6,4,9,7,0,1,1,0,0,0,1,58,528,657,1,20,25.142857142857142,2,1,2,39014.0,2,👨‍👩‍👧 Active Parent Shoppers,4,4,0.7744785853440918,🔥 Hot Lead
7962,1987,PhD,Single,95169.0,0,0,2013-10-09,1,1285,21,449,106,20,20,1,4,3,4,1,0,0,1,1,0,0,1,27,1901,263,0,12,146.23076923076923,2,0,1,95169.0,3,🏆 Champions,4,2,0.8512380228836605,🔥 Hot Lead
9984,1981,Diploma,Married,56337.0,1,1,2013-03-27,25,349,16,144,28,5,182,5,8,5,4,8,1,0,0,1,0,0,1,33,724,459,2,22,31.47826086956522,2,1,4,14084.25,2,👨‍👩‍👧 Active Parent Shoppers,1,1,0.6985922388195336,🌤 Warm Lead
5527,1987,Graduation,Together,22434.0,1,0,2013-02-13,25,4,12,11,3,13,15,2,2,0,3,8,0,0,0,0,0,0,0,27,58,501,1,7,7.25,0,1,3,7478.0,0,💤 Low Engagers,2,3,0.17964583942406345,❄️ Cold Lead
6374,1954,PhD,Married,36930.0,0,1,2013-05-17,50,223,2,31,0,2,39,5,5,2,4,8,0,0,0,0,0,0,0,60,297,408,1,16,17.470588235294116,0,1,3,12310.0,0,💤 Low Engagers,4,1,0.12000327895681016,❄️ Cold Lead
7453,1954,Graduation,Single,36130.0,0,1,2013-02-02,46,157,43,127,68,56,37,6,3,8,4,4,1,0,0,0,0,0,1,60,488,512,1,21,22.181818181818183,1,1,2,18065.0,2,👨‍👩‍👧 Active Parent Shoppers,2,2,0.7188661169467632,🔥 Hot Lead
8952,1953,Master,Married,65569.0,0,1,2012-11-05,96,397,46,288,20,38,70,2,6,5,10,3,0,0,0,0,0,0,0,61,859,601,1,23,35.791666666666664,0,1,3,21856.333333333332,2,👨‍👩‍👧 Active Parent Shoppers,3,1,0.05984630386528864,❄️ Cold Lead
241,1952,Graduation,Together,83844.0,0,0,2013-05-12,57,901,31,345,75,31,191,1,4,4,11,1,0,0,1,0,0,0,0,62,1574,413,0,20,74.95238095238095,1,0,2,41922.0,1,🌟 High-Value Loyalists,2,3,0.11706525455438492,❄️ Cold Lead
8975,1968,Graduation,Married,19514.0,1,1,2014-01-26,47,14,3,21,2,1,28,4,3,1,2,8,1,0,0,0,0,0,0,46,69,154,2,10,6.2727272727272725,1,1,4,4878.5,0,💤 Low Engagers,2,1,0.5539865072260448,🌤 Warm Lead
6119,1963,PhD,Single,36736.0,1,1,2013-05-10,52,10,0,3,0,0,4,1,1,0,2,6,0,0,0,0,0,0,0,51,17,415,2,4,3.4,0,1,3,12245.333333333334,0,💤 Low Engagers,4,2,0.026192304659494865,❄️ Cold Lead
5236,1979,Graduation,Together,77568.0,0,1,2012-08-25,30,1230,0,396,232,178,158,1,10,2,8,5,0,1,1,1,0,0,0,35,2194,673,1,21,99.72727272727273,3,1,3,25856.0,3,🏆 Champions,2,3,0.34578365807844463,❄️ Cold Lead
5723,1976,PhD,Together,49187.0,0,1,2014-01-11,63,81,1,31,2,1,0,1,1,1,5,2,0,0,0,0,0,0,0,38,116,169,1,8,12.88888888888889,0,1,3,16395.666666666668,0,💤 Low Engagers,4,3,0.008310399989043078,❄️ Cold Lead
1710,1978,Graduation,Single,30168.0,1,0,2013-03-07,51,154,20,66,0,12,27,7,6,1,4,9,0,0,0,0,0,0,0,36,279,479,1,18,14.68421052631579,0,1,2,15084.0,0,💤 Low Engagers,2,2,0.203956860373844,❄️ Cold Lead
1970,1968,Master,Together,34053.0,0,1,2012-09-10,14,63,0,21,7,0,12,1,3,0,3,8,0,0,0,0,0,0,0,46,103,657,1,7,12.875,0,1,3,11351.0,0,💤 Low Engagers,3,3,0.3878801255438269,❄️ Cold Lead
5313,1971,Master,Married,38196.0,1,1,2014-04-18,20,30,0,11,0,0,3,3,2,0,4,5,0,0,0,0,0,0,0,43,44,72,2,9,4.4,0,1,4,9549.0,0,💤 Low Engagers,3,1,0.024984177877448728,❄️ Cold Lead
10634,1951,Master,Married,59412.0,0,0,2014-04-19,56,90,67,165,30,43,11,1,4,2,8,3,0,0,0,0,0,0,0,63,406,71,0,15,25.375,0,0,2,29706.0,1,🌟 High-Value Loyalists,3,1,0.0026760610464965895,❄️ Cold Lead
7010,1965,Diploma,Married,70924.0,0,0,2014-04-07,41,635,114,254,132,152,76,1,6,6,7,3,0,0,1,0,0,0,0,49,1363,83,0,20,64.9047619047619,1,0,2,35462.0,1,🌟 High-Value Loyalists,1,1,0.05516486743070371,❄️ Cold Lead
8562,1969,Graduation,Together,54165.0,0,0,2013-05-28,72,127,4,73,15,6,11,1,2,1,7,2,0,0,0,0,0,0,0,45,236,397,0,11,19.666666666666668,0,0,2,27082.5,1,🌟 High-Value Loyalists,2,3,0.004576902022681643,❄️ Cold Lead
3158,1973,Graduation,Married,32300.0,1,0,2013-01-03,1,13,3,6,6,5,6,1,1,0,3,8,0,0,0,0,0,0,0,41,39,542,1,5,6.5,0,1,3,10766.666666666666,0,💤 Low Engagers,2,1,0.20550277679425194,❄️ Cold Lead
4436,1976,Graduation,Single,20180.0,0,0,2013-02-20,27,18,42,24,15,20,18,1,2,1,4,7,0,0,0,0,0,0,0,38,137,494,0,8,15.222222222222221,0,0,1,20180.0,0,💤 Low Engagers,2,2,0.18351767453082668,❄️ Cold Lead
5287,1973,Graduation,Married,34961.0,1,0,2014-06-19,77,45,2,26,4,1,1,3,3,1,3,7,0,0,0,0,0,0,0,41,79,10,1,10,7.181818181818182,0,1,3,11653.666666666666,0,💤 Low Engagers,2,1,0.013296466936632832,❄️ Cold Lead
2445,1974,PhD,Together,28440.0,1,0,2013-07-07,87,38,1,24,0,0,0,1,2,0,3,8,0,0,0,0,0,0,0,40,63,357,1,6,9.0,0,1,3,9480.0,0,💤 Low Engagers,4,3,0.01578328595886011,❄️ Cold Lead
6059,1953,PhD,Together,64504.0,1,2,2013-03-04,81,986,36,168,16,0,108,7,11,3,4,7,0,0,0,0,0,0,1,61,1314,482,3,25,50.53846153846154,0,1,5,12900.8,2,👨‍👩‍👧 Active Parent Shoppers,4,3,0.6512702314485833,🌤 Warm Lead
4550,1966,Master,Together,33564.0,0,1,2014-06-24,51,61,0,3,0,0,7,1,1,1,3,5,0,0,0,0,0,0,0,48,71,5,1,6,10.142857142857142,0,1,3,11188.0,0,💤 Low Engagers,3,3,0.016712154167085002,❄️ Cold Lead
4240,1978,Graduation,Married,17345.0,1,0,2012-11-03,79,4,9,16,17,0,12,2,2,1,2,8,0,0,0,0,0,0,0,36,58,603,1,7,7.25,0,1,3,5781.666666666667,0,💤 Low Engagers,2,1,0.2596490906855185,❄️ Cold Lead
8911,1967,PhD,Married,56320.0,0,1,2013-04-08,11,201,53,172,116,77,83,3,5,4,9,4,0,0,0,0,0,0,0,47,702,447,1,21,31.90909090909091,0,1,3,18773.333333333332,2,👨‍👩‍👧 Active Parent Shoppers,4,1,0.12508096404134605,❄️ Cold Lead
3706,1978,Graduation,Single,28647.0,1,0,2013-08-21,54,19,8,29,0,12,26,1,2,2,2,7,1,0,0,0,0,0,1,36,94,312,1,7,11.75,1,1,2,14323.5,0,💤 Low Engagers,2,2,0.7239229751227589,🔥 Hot Lead
3628,1987,Basic,Single,15038.0,1,0,2013-01-29,93,4,8,11,19,12,26,2,2,1,2,9,0,0,0,0,0,0,0,27,80,516,1,7,10.0,0,1,2,7519.0,0,💤 Low Engagers,0,2,0.08306708571546868,❄️ Cold Lead
10175,1958,PhD,Divorced,32173.0,0,1,2013-08-01,0,18,0,2,0,0,2,1,1,0,3,4,0,0,0,0,0,0,0,56,22,332,1,5,3.6666666666666665,0,1,2,16086.5,0,💤 Low Engagers,4,0,0.013841861576545364,❄️ Cold Lead
8985,1964,Diploma,Together,68316.0,0,1,2012-11-04,54,806,80,161,120,11,33,5,10,7,10,6,0,0,0,0,0,0,0,50,1211,602,1,32,36.696969696969695,0,1,3,22772.0,2,👨‍👩‍👧 Active Parent Shoppers,1,3,0.06073348091846476,❄️ Cold Lead
5204,1971,Graduation,Together,74538.0,0,0,2013-06-29,21,380,98,733,110,112,28,1,8,8,5,3,0,0,1,0,0,0,1,43,1461,365,0,22,63.52173913043478,1,0,2,37269.0,1,🌟 High-Value Loyalists,2,3,0.7506871666833419,🔥 Hot Lead
9220,1971,Graduation,Single,91700.0,0,0,2013-01-17,58,576,172,961,125,115,19,1,8,6,5,3,0,0,0,0,0,0,1,43,1968,528,0,20,93.71428571428571,0,0,1,91700.0,1,🌟 High-Value Loyalists,2,2,0.8994848211517223,🔥 Hot Lead
9888,1969,Graduation,Together,68695.0,0,0,2014-06-25,3,458,81,356,106,50,40,1,4,4,7,2,0,0,0,0,0,0,0,45,1091,4,0,16,64.17647058823529,0,0,2,34347.5,1,🌟 High-Value Loyalists,2,3,0.06557139471554294,❄️ Cold Lead
5263,1977,Diploma,Married,31056.0,1,0,2013-01-22,99,5,10,13,3,8,16,1,1,0,3,8,0,0,0,0,0,0,0,37,55,523,1,5,9.166666666666666,0,1,3,10352.0,0,💤 Low Engagers,1,1,0.025525931171917572,❄️ Cold Lead
1020,1973,Graduation,Married,79593.0,0,0,2014-05-12,70,350,60,568,110,133,145,1,5,6,7,2,0,0,1,0,0,0,0,41,1366,48,0,19,68.3,1,0,2,39796.5,1,🌟 High-Value Loyalists,2,1,0.031402706564298846,❄️ Cold Lead
9503,1980,Graduation,Single,28071.0,0,0,2012-08-29,65,39,33,130,41,26,44,2,5,1,5,8,0,0,0,0,0,0,0,34,313,669,0,13,22.357142857142858,0,0,1,28071.0,0,💤 Low Engagers,2,2,0.2750671227522364,❄️ Cold Lead
10613,1958,PhD,Together,37334.0,1,1,2014-02-26,44,26,1,16,2,2,15,4,3,0,4,4,0,0,0,0,0,0,0,56,62,123,2,11,5.166666666666667,0,1,4,9333.5,0,💤 Low Engagers,4,3,0.00547459893935276,❄️ Cold Lead
67,1972,Master,Single,46423.0,1,1,2013-09-18,6,68,0,16,0,0,8,3,2,0,4,7,0,0,0,0,0,0,0,42,92,284,2,9,9.2,0,1,3,15474.333333333334,0,💤 Low Engagers,3,2,0.07026042288880673,❄️ Cold Lead
6019,1971,PhD,Married,37126.0,1,0,2014-03-30,9,45,3,9,4,4,7,1,1,2,2,6,1,0,0,0,0,0,1,43,72,91,1,6,10.285714285714286,1,1,3,12375.333333333334,0,💤 Low Engagers,4,1,0.9032222807073927,🔥 Hot Lead
5863,1953,Graduation,Married,47703.0,0,1,2013-05-29,95,359,0,134,13,26,123,4,6,3,8,5,0,0,0,0,0,0,0,61,655,396,1,21,29.772727272727273,0,1,3,15901.0,2,👨‍👩‍👧 Active Parent Shoppers,2,1,0.015157847942083701,❄️ Cold Lead
3717,1959,Graduation,Married,61180.0,0,1,2014-04-23,70,403,24,29,6,24,218,2,5,5,6,3,1,0,0,0,0,0,0,55,704,67,1,18,37.05263157894737,1,1,3,20393.333333333332,2,👨‍👩‍👧 Active Parent Shoppers,2,1,0.03256265988652915,❄️ Cold Lead
6730,1954,Graduation,Married,38998.0,1,1,2012-11-03,92,34,1,14,0,0,5,3,2,0,3,8,0,0,0,0,0,1,0,60,54,603,2,8,6.0,0,1,4,9749.5,0,💤 Low Engagers,2,1,0.052093848306155294,❄️ Cold Lead
10749,1991,Graduation,Single,8028.0,0,0,2012-09-18,62,73,18,66,7,12,2,15,0,1,0,19,0,0,0,0,0,0,0,23,178,649,0,16,10.470588235294118,0,0,1,8028.0,0,💤 Low Engagers,2,2,0.41128232396194375,🌤 Warm Lead
4998,1962,Graduation,Together,76081.0,0,0,2014-05-23,85,292,30,415,63,33,200,1,4,5,4,2,0,0,0,1,0,0,0,52,1033,37,0,14,68.86666666666666,1,0,2,38040.5,1,🌟 High-Value Loyalists,2,3,0.030404403918827257,❄️ Cold Lead
6287,1986,Graduation,Together,34728.0,1,0,2013-07-30,2,14,0,16,0,0,6,1,1,1,2,6,0,0,0,0,0,0,1,28,36,334,1,5,6.0,0,1,3,11576.0,0,💤 Low Engagers,2,3,0.7167379857614936,🔥 Hot Lead
5985,1965,Master,Single,33168.0,0,1,2012-10-13,0,80,1,37,0,1,3,3,2,1,4,7,0,0,0,0,0,0,0,49,122,624,1,10,11.090909090909092,0,1,2,16584.0,0,💤 Low Engagers,3,2,0.3638502938224119,❄️ Cold Lead
4754,1966,Master,Married,33585.0,0,1,2013-09-25,91,30,11,33,13,6,29,1,2,0,4,4,0,0,0,0,0,0,0,48,122,277,1,7,15.25,0,1,3,11195.0,0,💤 Low Engagers,3,1,0.010305145109330076,❄️ Cold Lead
4002,1960,PhD,Married,77037.0,0,1,2013-10-13,3,463,96,333,168,53,10,1,7,7,12,3,0,0,0,0,0,0,0,54,1123,259,1,27,40.107142857142854,0,1,3,25679.0,2,👨‍👩‍👧 Active Parent Shoppers,4,1,0.057900045369374806,❄️ Cold Lead
8870,1984,Graduation,Together,35196.0,1,0,2012-11-13,68,75,12,141,43,39,187,6,6,1,5,8,0,0,0,0,0,0,1,30,497,593,1,18,26.157894736842106,0,1,3,11732.0,0,💤 Low Engagers,2,3,0.2587374515943188,❄️ Cold Lead
966,1966,Graduation,Married,44529.0,0,1,2013-07-05,98,538,13,91,17,6,26,6,6,2,11,5,0,1,0,0,0,0,0,48,691,359,1,25,26.576923076923077,1,1,3,14843.0,2,👨‍👩‍👧 Active Parent Shoppers,2,1,0.0303146562891535,❄️ Cold Lead
4767,1965,Diploma,Married,70924.0,0,0,2014-04-07,41,635,114,254,132,152,76,1,6,6,7,3,0,0,1,0,0,0,0,49,1363,83,0,20,64.9047619047619,1,0,2,35462.0,1,🌟 High-Value Loyalists,1,1,0.05516486743070371,❄️ Cold Lead
9725,1966,PhD,Together,28764.0,1,1,2014-06-05,16,8,0,3,0,0,1,1,1,0,2,8,1,0,0,0,0,0,0,48,12,24,2,4,2.4,1,1,4,7191.0,0,💤 Low Engagers,4,3,0.08102981236302961,❄️ Cold Lead
4475,1949,PhD,Married,69098.0,0,0,2013-02-16,82,1315,22,780,145,0,178,1,7,8,9,5,0,0,0,0,0,0,0,65,2440,498,0,25,93.84615384615384,0,0,2,34549.0,1,🌟 High-Value Loyalists,4,1,0.11279263553096691,❄️ Cold Lead
5740,1970,Diploma,Divorced,25959.0,1,1,2013-02-14,1,4,2,12,7,5,26,2,1,2,2,6,0,0,0,0,0,0,1,44,56,500,2,7,7.0,0,1,3,8653.0,0,💤 Low Engagers,1,0,0.7270032356790523,🔥 Hot Lead
5731,1983,Master,Married,27100.0,1,0,2013-04-05,64,12,0,13,2,0,10,1,1,0,3,7,0,0,0,0,0,0,0,31,37,450,1,5,6.166666666666667,0,1,3,9033.333333333334,0,💤 Low Engagers,3,1,0.024728503589979606,❄️ Cold Lead
7290,1985,Graduation,Single,70596.0,0,0,2012-10-05,68,347,44,534,17,0,26,1,3,5,12,2,0,0,0,0,0,0,0,29,968,632,0,21,44.0,0,0,1,70596.0,1,🌟 High-Value Loyalists,2,2,0.044517367819732645,❄️ Cold Lead
3846,1974,Graduation,Married,42557.0,0,1,2012-08-29,98,192,5,53,0,5,15,4,6,1,4,8,0,0,0,0,0,0,0,40,270,669,1,15,16.875,0,1,3,14185.666666666666,0,💤 Low Engagers,2,1,0.23524503603071295,❄️ Cold Lead
8104,1951,PhD,Married,53312.0,0,0,2013-08-09,32,241,0,12,0,0,25,1,5,1,5,7,0,0,0,0,0,0,0,63,278,324,0,12,21.384615384615383,0,0,2,26656.0,0,💤 Low Engagers,4,1,0.07565917466458141,❄️ Cold Lead
4507,1952,Graduation,Single,72228.0,0,0,2012-11-27,87,631,28,491,30,14,56,1,6,7,8,3,0,0,0,0,0,0,0,62,1250,579,0,22,54.34782608695652,0,0,1,72228.0,1,🌟 High-Value Loyalists,2,2,0.11454260944454414,❄️ Cold Lead
11013,1987,Graduation,Together,67605.0,0,0,2013-03-31,84,336,28,282,184,54,54,1,2,8,6,1,0,0,0,0,0,0,0,27,938,455,0,17,52.111111111111114,0,0,2,33802.5,1,🌟 High-Value Loyalists,2,3,0.0182968527796521,❄️ Cold Lead
4491,1949,Master,Married,62845.0,1,1,2012-10-01,3,1099,0,45,0,0,34,11,3,4,10,8,0,1,0,0,0,0,0,65,1178,636,2,28,40.62068965517241,1,1,4,15711.25,2,👨‍👩‍👧 Active Parent Shoppers,3,1,0.6484532907659163,🌤 Warm Lead
3759,1958,Graduation,Together,65196.0,0,2,2013-07-25,34,743,19,181,12,0,200,2,7,6,11,5,1,0,0,0,0,0,0,56,1155,339,2,26,42.77777777777778,1,1,4,16299.0,2,👨‍👩‍👧 Active Parent Shoppers,2,3,0.10039552139668659,❄️ Cold Lead
1162,1987,PhD,Single,42000.0,0,0,2013-01-10,23,124,83,267,85,59,35,2,5,2,11,5,0,0,0,0,0,0,1,27,653,535,0,20,31.095238095238095,0,0,1,42000.0,2,👨‍👩‍👧 Active Parent Shoppers,4,2,0.8628391601602007,🔥 Hot Lead
2055,1973,PhD,Divorced,35860.0,1,1,2014-05-19,37,15,0,8,4,2,20,2,1,1,2,5,1,0,0,0,0,0,0,41,49,41,2,6,7.0,1,1,3,11953.333333333334,0,💤 Low Engagers,4,0,0.6137074139576416,🌤 Warm Lead
10766,1964,PhD,Married,65526.0,0,1,2014-04-11,22,397,19,69,12,0,9,1,4,4,8,2,0,0,0,0,0,0,0,50,506,79,1,17,28.11111111111111,0,1,3,21842.0,2,👨‍👩‍👧 Active Parent Shoppers,4,1,0.012388968512273885,❄️ Cold Lead
4415,1961,Graduation,Married,16860.0,1,1,2012-09-12,19,10,4,4,3,3,14,3,1,1,3,7,0,0,0,0,0,0,0,53,38,655,2,8,4.222222222222222,0,1,4,4215.0,0,💤 Low Engagers,2,1,0.12387674383807529,❄️ Cold Lead
3005,1992,Graduation,Single,83528.0,0,0,2014-05-01,7,530,117,678,134,44,147,1,4,10,8,1,1,0,0,1,0,0,1,22,1650,59,0,23,68.75,2,0,1,83528.0,3,🏆 Champions,2,2,0.8556201993037731,🔥 Hot Lead
2223,1965,Diploma,Divorced,64176.0,0,1,2012-08-03,52,1215,33,249,64,116,149,8,8,9,8,6,0,0,0,0,0,0,0,49,1826,695,1,33,53.705882352941174,0,1,2,32088.0,2,👨‍👩‍👧 Active Parent Shoppers,1,0,0.14930946184915808,❄️ Cold Lead
4817,1956,Graduation,Divorced,22304.0,0,0,2012-08-04,91,3,2,7,0,4,2,1,1,0,2,8,0,0,0,0,0,0,0,58,18,694,0,4,3.6,0,0,1,22304.0,0,💤 Low Engagers,2,0,0.04173120105854613,❄️ Cold Lead
2875,1978,Graduation,Married,67023.0,0,0,2014-03-04,93,444,44,382,11,8,17,1,3,7,13,2,0,0,0,0,0,1,0,36,906,117,0,24,36.24,0,0,2,33511.5,1,🌟 High-Value Loyalists,2,1,0.0037899227361090837,❄️ Cold Lead
10536,1971,PhD,Together,32892.0,1,0,2014-05-25,78,26,0,15,2,1,2,2,3,0,3,8,0,0,0,0,0,0,0,43,46,35,1,8,5.111111111111111,0,1,3,10964.0,0,💤 Low Engagers,4,3,0.0030145889477001227,❄️ Cold Lead
11112,1966,Graduation,Together,70713.0,0,1,2012-12-03,23,736,114,279,82,76,190,6,5,6,8,3,0,0,0,0,0,0,0,48,1477,573,1,25,56.80769230769231,0,1,3,23571.0,2,👨‍👩‍👧 Active Parent Shoppers,2,3,0.08443407470312085,❄️ Cold Lead
3807,1955,Graduation,Together,59925.0,0,1,2012-11-30,83,473,21,176,19,21,56,3,9,2,9,6,0,0,0,0,0,0,0,59,766,576,1,23,31.916666666666668,0,1,3,19975.0,2,👨‍👩‍👧 Active Parent Shoppers,2,3,0.09777237404038418,❄️ Cold Lead
9197,1953,Graduation,Married,39722.0,0,1,2014-02-24,92,32,0,5,2,0,8,2,2,0,3,5,0,0,0,0,0,0,0,61,47,125,1,7,5.875,0,1,3,13240.666666666666,0,💤 Low Engagers,2,1,0.008876880832920963,❄️ Cold Lead
10832,1958,Graduation,Together,46610.0,0,0,2013-07-18,4,288,10,30,4,10,125,1,6,1,6,6,0,0,0,0,0,0,0,56,467,346,0,14,31.133333333333333,0,0,2,23305.0,2,👨‍👩‍👧 Active Parent Shoppers,2,3,0.11971207252290396,❄️ Cold Lead
6421,1961,Graduation,Together,88347.0,0,0,2013-07-03,32,1050,178,555,77,138,118,1,4,7,9,1,0,0,0,1,0,0,0,53,2116,361,0,21,96.18181818181819,1,0,2,44173.5,1,🌟 High-Value Loyalists,2,3,0.2369069818753657,❄️ Cold Lead
4207,1981,PhD,Married,87171.0,0,0,2013-05-01,27,1001,44,107,58,44,44,1,6,7,11,2,1,0,1,0,0,0,0,33,1298,424,0,25,49.92307692307692,2,0,2,43585.5,3,🏆 Champions,4,1,0.3715432003139517,❄️ Cold Lead
577,1976,Diploma,Together,26907.0,1,1,2013-08-20,10,9,1,7,0,3,2,2,1,0,3,7,0,0,0,0,0,0,0,38,22,313,2,6,3.142857142857143,0,1,4,6726.75,0,💤 Low Engagers,1,3,0.029523796618769856,❄️ Cold Lead
10855,1968,Master,Single,50014.0,1,0,2014-01-22,9,234,14,77,19,10,42,2,4,1,8,5,0,0,0,0,0,0,0,46,396,158,1,15,24.75,0,1,2,25007.0,0,💤 Low Engagers,3,2,0.06286684072336829,❄️ Cold Lead
3081,1978,PhD,Married,41014.0,1,0,2013-04-22,65,7,2,6,2,0,3,1,1,0,2,7,0,0,0,0,0,0,0,36,20,433,1,4,4.0,0,1,3,13671.333333333334,0,💤 Low Engagers,4,1,0.020169302209275625,❄️ Cold Lead
3535,1965,Graduation,Single,66294.0,0,0,2014-03-17,68,251,108,334,65,92,117,1,4,3,5,2,0,0,0,0,0,0,0,49,967,104,0,13,69.07142857142857,0,0,1,66294.0,1,🌟 High-Value Loyalists,2,2,0.05673174047448321,❄️ Cold Lead
247,1971,Graduation,Married,36715.0,1,0,2012-11-17,16,172,10,125,21,13,16,6,7,2,4,9,0,0,0,0,0,0,1,43,357,589,1,19,17.85,0,1,3,12238.333333333334,2,👨‍👩‍👧 Active Parent Shoppers,2,1,0.843429166241376,🔥 Hot Lead
8707,1956,Graduation,Married,79456.0,0,0,2012-08-22,12,565,42,548,64,83,99,1,5,6,4,3,0,0,0,0,0,0,1,58,1401,676,0,16,82.41176470588235,0,0,2,39728.0,1,🌟 High-Value Loyalists,2,1,0.7717110629495798,🔥 Hot Lead
9523,1982,Graduation,Together,40479.0,1,0,2013-08-17,95,5,0,8,2,0,0,1,0,0,3,4,0,0,0,0,0,0,0,32,15,316,1,4,3.0,0,1,3,13493.0,0,💤 Low Engagers,2,3,0.0020907024688526597,❄️ Cold Lead
6072,1970,Master,Single,75345.0,0,0,2013-02-02,16,918,57,842,99,38,133,1,5,8,6,3,0,0,0,1,0,0,1,44,2087,512,0,20,99.38095238095238,1,0,1,75345.0,1,🌟 High-Value Loyalists,3,2,0.8610715992414032,🔥 Hot Lead
6295,1977,Graduation,Married,54233.0,0,1,2013-02-04,46,652,8,158,21,0,142,4,11,6,5,8,0,0,0,0,0,0,0,37,981,510,1,26,36.333333333333336,0,1,3,18077.666666666668,2,👨‍👩‍👧 Active Parent Shoppers,2,1,0.09435973463251994,❄️ Cold Lead
10914,1970,Graduation,Single,24163.0,1,1,2013-10-12,3,4,1,7,2,1,2,2,1,0,3,4,0,0,0,0,0,0,0,44,17,260,2,6,2.4285714285714284,0,1,3,8054.333333333333,0,💤 Low Engagers,2,2,0.020826778091242698,❄️ Cold Lead
1509,1958,PhD,Together,84460.0,0,0,2013-01-04,80,152,27,103,106,54,81,0,9,9,4,5,0,1,1,1,1,0,1,56,523,541,0,22,22.73913043478261,4,0,2,42230.0,3,🏆 Champions,4,3,0.6654990792855735,🌤 Warm Lead
5577,1983,Graduation,Together,43776.0,1,0,2014-05-03,77,8,0,9,2,1,3,1,1,0,2,6,0,0,0,0,0,0,0,31,23,57,1,4,4.6,0,1,3,14592.0,0,💤 Low Engagers,2,3,0.003571562242445915,❄️ Cold Lead
7348,1958,PhD,Single,71691.0,0,0,2014-03-17,0,336,130,411,240,32,43,1,4,7,5,2,0,0,0,0,0,0,1,56,1192,104,0,17,66.22222222222223,0,0,1,71691.0,1,🌟 High-Value Loyalists,4,2,0.7186740596453813,🔥 Hot Lead
1127,1973,PhD,Married,85844.0,0,0,2014-05-29,62,938,19,843,25,95,38,1,6,6,7,2,0,0,1,0,0,0,0,41,1958,31,0,20,93.23809523809524,1,0,2,42922.0,1,🌟 High-Value Loyalists,4,1,0.10441552852349846,❄️ Cold Lead
1833,1974,PhD,Single,39190.0,1,0,2014-04-26,91,68,8,18,19,8,12,2,2,1,4,5,0,0,0,0,0,0,0,40,133,64,1,9,13.3,0,1,2,19595.0,0,💤 Low Engagers,4,2,0.014078766320707259,❄️ Cold Lead
4944,1959,Graduation,Together,71367.0,0,0,2013-08-23,24,227,23,389,42,21,75,1,4,5,7,2,0,0,0,0,0,0,0,55,777,310,0,17,43.166666666666664,0,0,2,35683.5,1,🌟 High-Value Loyalists,2,3,0.027749088681295192,❄️ Cold Lead
9080,1972,PhD,Single,38578.0,1,1,2013-06-22,2,38,4,22,3,3,3,3,3,0,3,8,0,0,0,0,0,0,0,42,73,372,2,9,7.3,0,1,3,12859.333333333334,0,💤 Low Engagers,4,2,0.15262631376916397,❄️ Cold Lead
6466,1965,PhD,Married,57236.0,1,1,2014-03-12,22,105,0,9,2,1,4,3,2,1,4,3,0,0,0,0,0,0,0,49,121,109,2,10,11.0,0,1,4,14309.0,0,💤 Low Engagers,4,1,0.04182574759640024,❄️ Cold Lead
9964,1979,Graduation,Single,61825.0,0,1,2013-08-07,56,162,50,100,55,30,27,1,4,2,8,4,0,0,0,0,0,0,0,35,424,326,1,15,26.5,0,1,2,30912.5,2,👨‍👩‍👧 Active Parent Shoppers,2,2,0.008179944899219553,❄️ Cold Lead
4790,1958,Graduation,Divorced,79803.0,0,1,2014-06-02,54,574,8,216,21,16,33,1,4,3,5,1,0,0,0,0,0,0,0,56,868,27,1,13,62.0,0,1,2,39901.5,1,🌟 High-Value Loyalists,2,0,0.021455606189444892,❄️ Cold Lead
10245,1986,Diploma,Single,80910.0,0,0,2012-10-31,71,160,80,369,67,39,41,1,3,3,8,1,0,0,0,0,0,0,0,28,756,606,0,15,47.25,0,0,1,80910.0,1,🌟 High-Value Loyalists,1,2,0.04544998264061784,❄️ Cold Lead
1109,1982,Master,Together,27590.0,1,0,2013-04-23,38,6,0,5,0,0,1,1,1,0,2,7,0,0,0,0,0,0,0,32,12,432,1,4,2.4,0,1,3,9196.666666666666,0,💤 Low Engagers,3,3,0.021626633526929787,❄️ Cold Lead
6001,1979,Graduation,Married,56775.0,0,1,2013-01-02,62,614,35,160,58,35,35,2,5,8,10,5,0,0,0,0,0,0,0,35,937,543,1,25,36.03846153846154,0,1,3,18925.0,2,👨‍👩‍👧 Active Parent Shoppers,2,1,0.031171694776832654,❄️ Cold Lead
5538,1975,Graduation,Divorced,83829.0,0,0,2013-10-08,78,897,161,430,186,161,27,0,4,7,6,1,1,0,1,1,0,0,1,39,1862,264,0,17,103.44444444444444,3,0,1,83829.0,3,🏆 Champions,2,0,0.9604910008349853,🔥 Hot Lead
10552,1979,Diploma,Married,54210.0,0,1,2013-05-20,18,70,54,109,80,9,45,2,4,1,7,5,0,0,0,0,0,0,0,35,367,405,1,14,24.466666666666665,0,1,3,18070.0,0,💤 Low Engagers,1,1,0.059344596979635206,❄️ Cold Lead
1545,1986,Graduation,Married,38508.0,1,0,2013-08-02,95,120,19,206,25,19,54,6,7,2,5,8,0,0,0,0,0,0,0,28,443,331,1,20,21.095238095238095,0,1,3,12836.0,0,💤 Low Engagers,2,1,0.05431809618027809,❄️ Cold Lead
7409,1970,Graduation,Together,53187.0,1,0,2013-10-26,66,211,2,30,7,7,10,2,4,1,6,5,0,0,0,0,0,0,0,44,267,246,1,13,19.071428571428573,0,1,3,17729.0,0,💤 Low Engagers,2,3,0.004677238201889463,❄️ Cold Lead
4444,1972,Graduation,Married,30023.0,1,0,2014-03-24,28,11,0,16,7,6,21,1,2,0,3,8,0,0,0,0,0,0,0,42,61,97,1,6,8.714285714285714,0,1,3,10007.666666666666,0,💤 Low Engagers,2,1,0.04878848022048534,❄️ Cold Lead
146,1960,PhD,Single,76045.0,0,0,2013-11-15,78,760,53,400,17,93,0,1,4,5,11,2,0,0,0,1,0,0,0,54,1323,226,0,21,60.13636363636363,1,0,1,76045.0,1,🌟 High-Value Loyalists,4,2,0.11085353283513451,❄️ Cold Lead
6271,1952,PhD,Married,50870.0,0,1,2014-06-19,13,53,0,8,0,0,2,1,2,0,3,5,0,0,0,0,0,0,0,62,63,10,1,6,9.0,0,1,3,16956.666666666668,0,💤 Low Engagers,4,1,0.009264952325383132,❄️ Cold Lead
10065,1970,Diploma,Married,15315.0,0,0,2013-08-03,27,7,4,13,15,8,17,2,2,0,4,5,0,0,0,0,0,0,0,44,64,330,0,8,7.111111111111111,0,0,2,7657.5,0,💤 Low Engagers,1,1,0.03139513309146207,❄️ Cold Lead
4741,1974,Diploma,Married,65463.0,1,0,2014-01-30,17,391,32,70,21,32,16,2,6,2,9,5,0,1,0,0,0,0,0,40,562,150,1,19,28.1,1,1,3,21821.0,2,👨‍👩‍👧 Active Parent Shoppers,1,1,0.31226872213985385,❄️ Cold Lead
246,1965,Graduation,Married,66480.0,1,1,2014-05-31,71,199,9,57,20,21,6,7,4,1,7,4,0,0,0,0,0,0,0,49,312,29,2,19,15.6,0,1,4,16620.0,2,👨‍👩‍👧 Active Parent Shoppers,2,1,0.014102600440718706,❄️ Cold Lead
375,1954,Graduation,Divorced,76773.0,0,0,2013-02-25,79,516,56,449,86,33,16,1,2,2,11,1,0,0,0,0,0,0,0,60,1156,489,0,16,68.0,0,0,1,76773.0,1,🌟 High-Value Loyalists,2,0,0.05747078121317204,❄️ Cold Lead
1524,1983,Diploma,Single,81698.0,0,0,2013-03-01,1,709,45,115,30,160,45,1,8,2,5,5,0,0,0,1,0,0,1,31,1104,485,0,16,64.94117647058823,1,0,1,81698.0,1,🌟 High-Value Loyalists,1,2,0.8501091569687473,🔥 Hot Lead
10022,1973,PhD,Single,54466.0,1,1,2014-02-09,78,12,0,4,0,0,0,1,1,0,2,5,0,0,0,0,0,0,0,41,16,140,2,4,3.2,0,1,3,18155.333333333332,0,💤 Low Engagers,4,2,0.002284119700935654,❄️ Cold Lead
7451,1960,Master,Single,98777.0,0,0,2014-02-17,23,1000,19,711,125,115,38,0,4,6,9,1,0,1,0,0,0,0,0,54,2008,132,0,19,100.4,1,0,1,98777.0,1,🌟 High-Value Loyalists,3,2,0.26436496895758516,❄️ Cold Lead
11010,1984,PhD,Single,16269.0,1,0,2013-08-30,75,19,3,18,3,1,0,3,3,0,3,8,0,0,0,0,0,0,0,30,44,303,1,9,4.4,0,1,2,8134.5,0,💤 Low Engagers,4,2,0.03342982376473668,❄️ Cold Lead
4356,1971,Graduation,Together,71819.0,0,1,2013-08-28,70,1224,28,140,0,14,168,3,3,3,5,6,0,1,1,0,0,0,0,43,1574,305,1,14,104.93333333333334,2,1,3,23939.666666666668,3,🏆 Champions,2,3,0.5332717958691418,🌤 Warm Lead
3885,1983,PhD,Married,33569.0,1,0,2013-10-16,10,16,2,18,3,0,24,1,1,1,2,8,1,0,0,0,0,0,1,31,63,256,1,5,10.5,1,1,3,11189.666666666666,0,💤 Low Engagers,4,1,0.9348765225759091,🔥 Hot Lead
1175,1983,Master,Married,36262.0,0,0,2013-09-20,24,88,39,54,64,28,153,1,3,5,3,6,1,0,0,0,0,0,1,31,426,282,0,12,32.76923076923077,1,0,2,18131.0,0,💤 Low Engagers,3,1,0.794527892869435,🔥 Hot Lead
880,1966,Basic,Together,22634.0,0,0,2013-01-16,47,2,23,11,8,6,46,1,2,1,2,8,0,0,0,0,0,0,0,48,96,529,0,6,13.714285714285714,0,0,2,11317.0,0,💤 Low Engagers,0,3,0.1020493595937804,❄️ Cold Lead
2320,1978,Diploma,Married,47025.0,0,1,2013-09-12,98,508,11,59,23,5,29,5,11,1,6,9,0,0,0,0,0,0,0,36,635,290,1,23,26.458333333333332,0,1,3,15675.0,2,👨‍👩‍👧 Active Parent Shoppers,1,1,0.060519608509315835,❄️ Cold Lead
850,1968,Graduation,Single,70566.0,0,1,2013-10-06,4,381,28,215,84,28,21,2,6,5,9,3,0,0,0,0,0,0,0,46,757,266,1,22,32.91304347826087,0,1,2,35283.0,2,👨‍👩‍👧 Active Parent Shoppers,2,2,0.12456965495225304,❄️ Cold Lead
4713,1979,PhD,Married,31605.0,1,0,2012-11-22,15,74,0,42,2,1,6,2,2,1,4,7,0,0,0,0,0,0,0,35,125,584,1,9,12.5,0,1,3,10535.0,0,💤 Low Engagers,4,1,0.3357863188568072,❄️ Cold Lead
675,1973,Master,Divorced,52034.0,1,1,2013-05-17,67,146,0,93,7,13,73,5,4,2,5,7,0,0,0,0,0,0,0,41,332,408,2,16,19.529411764705884,0,1,3,17344.666666666668,0,💤 Low Engagers,3,0,0.03343806806373172,❄️ Cold Lead
5025,1979,Graduation,Single,48526.0,1,0,2013-12-24,32,23,17,23,43,20,9,1,2,1,4,3,0,0,0,0,0,0,0,35,135,187,1,8,15.0,0,1,2,24263.0,0,💤 Low Engagers,2,2,0.02100097022078941,❄️ Cold Lead
2308,1954,Graduation,Married,46734.0,0,1,2012-11-18,40,110,5,137,26,23,29,2,6,1,5,7,0,0,0,0,0,0,0,60,330,588,1,14,22.0,0,1,3,15578.0,2,👨‍👩‍👧 Active Parent Shoppers,2,1,0.2511965524737389,❄️ Cold Lead
5995,1962,Graduation,Divorced,39552.0,1,1,2012-12-18,54,165,3,147,4,24,41,7,6,2,5,8,0,0,0,0,0,0,1,52,384,558,2,20,18.285714285714285,0,1,3,13184.0,2,👨‍👩‍👧 Active Parent Shoppers,2,0,0.6039915042533832,🌤 Warm Lead
6749,1966,Graduation,Single,86358.0,1,1,2012-08-08,78,957,47,494,82,47,95,4,5,3,6,8,0,0,0,0,0,0,0,48,1722,690,2,18,90.63157894736842,0,1,3,28786.0,2,👨‍👩‍👧 Active Parent Shoppers,2,2,0.16847635502623196,❄️ Cold Lead
1010,1977,Graduation,Together,46931.0,2,1,2014-04-24,94,41,0,17,3,1,16,2,1,1,3,3,0,0,0,0,0,0,0,37,78,66,3,7,9.75,0,1,5,9386.2,0,💤 Low Engagers,2,3,0.0068650405059177775,❄️ Cold Lead
8977,1985,Basic,Single,16581.0,0,0,2013-01-12,51,1,3,4,2,3,11,1,0,0,3,4,0,0,0,0,0,0,0,29,24,533,0,4,4.8,0,0,1,16581.0,0,💤 Low Engagers,0,2,0.03147124856215894,❄️ Cold Lead
4756,1952,Diploma,Divorced,63998.0,0,0,2013-12-20,42,176,29,818,0,33,112,1,7,6,11,4,0,0,0,0,0,0,1,62,1168,191,0,25,44.92307692307692,0,0,1,63998.0,1,🌟 High-Value Loyalists,1,0,0.13200686061620823,❄️ Cold Lead
3412,1951,Master,Married,67381.0,0,1,2013-01-15,67,815,8,53,11,0,70,4,2,2,9,7,0,1,0,0,0,0,0,63,957,530,1,17,53.166666666666664,1,1,3,22460.333333333332,2,👨‍👩‍👧 Active Parent Shoppers,3,1,0.12081777945040878,❄️ Cold Lead
606,1967,Graduation,Single,25930.0,1,1,2013-10-10,87,6,1,2,2,0,4,1,1,0,2,7,0,0,0,0,0,0,0,47,15,262,2,4,3.0,0,1,3,8643.333333333334,0,💤 Low Engagers,2,2,0.011009398319358392,❄️ Cold Lead
5961,1978,Graduation,Married,42693.0,1,0,2014-06-07,29,8,4,20,6,3,16,1,1,0,3,5,0,0,0,0,0,0,0,36,57,22,1,5,9.5,0,1,3,14231.0,0,💤 Low Engagers,2,1,0.015589423169368248,❄️ Cold Lead
2975,1976,Graduation,Together,85606.0,0,1,2012-11-12,89,717,42,864,219,30,84,2,6,7,9,3,0,0,0,1,0,0,0,38,1956,594,1,24,78.24,1,1,3,28535.333333333332,3,🏆 Champions,2,3,0.1984535300262066,❄️ Cold Lead
2894,1985,Graduation,Single,72903.0,0,0,2013-10-29,74,1067,138,750,0,19,39,1,7,5,8,4,0,1,1,1,0,0,1,29,2013,243,0,21,91.5,3,0,1,72903.0,3,🏆 Champions,2,2,0.8939123749128396,🔥 Hot Lead
7613,1974,Diploma,Together,49669.0,1,0,2014-05-24,97,166,5,107,11,8,29,2,5,1,6,6,0,0,0,0,0,0,0,40,326,36,1,14,21.733333333333334,0,1,3,16556.333333333332,0,💤 Low Engagers,1,3,0.01794044813863192,❄️ Cold Lead
10542,1968,PhD,Married,36778.0,1,1,2012-08-05,63,29,4,34,2,4,4,3,3,0,3,9,0,0,0,0,0,0,0,46,77,693,2,9,7.7,0,1,4,9194.5,0,💤 Low Engagers,4,1,0.27089059710321794,❄️ Cold Lead
8015,1962,PhD,Divorced,85696.0,0,0,2013-05-03,88,714,76,395,116,0,12,1,4,6,9,1,0,0,0,0,0,0,1,52,1313,422,0,20,62.523809523809526,0,0,1,85696.0,1,🌟 High-Value Loyalists,4,0,0.8644377726795096,🔥 Hot Lead
10617,1989,Master,Divorced,10979.0,0,0,2014-05-22,34,8,4,10,2,2,4,2,3,0,3,5,0,0,0,0,0,0,0,25,30,38,0,8,3.3333333333333335,0,0,1,10979.0,0,💤 Low Engagers,3,0,0.008614148635791468,❄️ Cold Lead
11166,1961,Graduation,Married,49678.0,0,1,2013-02-02,81,229,5,56,3,2,20,2,6,2,4,7,0,0,0,0,0,0,0,53,315,512,1,14,21.0,0,1,3,16559.333333333332,2,👨‍👩‍👧 Active Parent Shoppers,2,1,0.12414622194452887,❄️ Cold Lead
849,1953,Master,Together,56129.0,0,1,2013-06-20,65,320,48,133,39,72,48,4,6,2,10,4,0,0,0,0,0,0,0,61,660,374,1,22,28.695652173913043,0,1,3,18709.666666666668,2,👨‍👩‍👧 Active Parent Shoppers,3,3,0.007262088714757167,❄️ Cold Lead
523,1989,Graduation,Married,37155.0,1,0,2013-01-31,51,23,0,26,7,15,3,1,2,0,4,5,0,0,0,0,0,0,0,25,74,514,1,7,9.25,0,1,3,12385.0,0,💤 Low Engagers,2,1,0.07807518231842214,❄️ Cold Lead
4066,1978,Diploma,Divorced,21282.0,1,0,2014-05-11,76,1,5,8,4,8,20,2,2,1,2,6,0,0,0,0,0,0,0,36,46,49,1,7,5.75,0,1,2,10641.0,0,💤 Low Engagers,1,0,0.05245947113254704,❄️ Cold Lead
8414,1962,PhD,Single,33419.0,0,1,2013-08-17,76,56,0,12,0,0,18,2,2,0,4,7,0,0,0,0,0,0,0,52,86,316,1,8,9.555555555555555,0,1,2,16709.5,0,💤 Low Engagers,4,2,0.02674398884721052,❄️ Cold Lead
819,1945,Graduation,Widow,63285.0,0,0,2013-11-05,84,508,124,249,50,38,134,1,6,5,13,3,0,0,0,0,0,0,0,69,1103,236,0,25,42.42307692307692,0,0,1,63285.0,1,🌟 High-Value Loyalists,2,4,0.018590218583654398,❄️ Cold Lead
4961,1974,Master,Together,21255.0,1,0,2014-01-21,56,29,0,25,2,2,3,4,2,1,4,4,0,0,0,0,0,0,0,40,61,159,1,11,5.083333333333333,0,1,3,7085.0,0,💤 Low Engagers,3,3,0.027904825844657824,❄️ Cold Lead
749,1981,Graduation,Together,42162.0,1,0,2013-11-19,31,46,7,59,2,4,27,2,3,1,3,6,1,0,0,0,0,0,1,33,145,222,1,9,14.5,1,1,3,14054.0,0,💤 Low Engagers,2,3,0.6237877910915975,🌤 Warm Lead
5430,1956,Graduation,Together,54450.0,1,1,2012-09-14,0,454,0,171,8,19,32,12,9,2,8,8,0,0,0,0,0,0,0,58,684,653,2,31,21.375,0,1,4,13612.5,2,👨‍👩‍👧 Active Parent Shoppers,2,3,0.1569742957968117,❄️ Cold Lead
7755,1954,PhD,Married,57744.0,0,1,2013-11-12,91,350,3,39,0,0,19,2,9,1,4,8,0,0,0,0,0,0,0,60,411,229,1,16,24.176470588235293,0,1,3,19248.0,2,👨‍👩‍👧 Active Parent Shoppers,4,1,0.035234834555931155,❄️ Cold Lead
10525,1986,Graduation,Single,26576.0,1,0,2012-10-13,40,10,0,8,0,0,9,1,1,0,2,9,1,0,0,0,0,0,1,28,27,624,1,4,5.4,1,1,2,13288.0,0,💤 Low Engagers,2,2,0.559726794342016,🌤 Warm Lead
1453,1943,PhD,Widow,57513.0,0,0,2013-07-06,59,735,40,183,52,20,30,2,9,3,13,6,0,0,0,0,0,0,0,71,1060,358,0,27,37.857142857142854,0,0,1,57513.0,2,👨‍👩‍👧 Active Parent Shoppers,4,4,0.07963597075687144,❄️ Cold Lead
8310,1964,Graduation,Together,68142.0,0,1,2012-08-29,96,897,126,196,91,112,37,3,10,4,7,6,0,0,0,0,0,0,0,50,1459,669,1,24,58.36,0,1,3,22714.0,2,👨‍👩‍👧 Active Parent Shoppers,2,3,0.1166041445425997,❄️ Cold Lead
10710,1979,Graduation,Married,7500.0,0,1,2012-08-29,61,5,2,3,3,0,5,1,1,0,2,8,0,0,0,0,0,0,0,35,18,669,1,4,3.6,0,1,3,2500.0,0,💤 Low Engagers,2,1,0.06140880167656906,❄️ Cold Lead
5031,1974,Graduation,Together,83145.0,0,0,2012-09-22,14,777,35,731,39,137,114,1,5,9,11,2,0,0,1,0,0,0,1,40,1833,645,0,26,67.88888888888889,1,0,2,41572.5,1,🌟 High-Value Loyalists,2,3,0.41496692827416565,🌤 Warm Lead
2613,1960,Master,Married,54197.0,0,1,2014-04-03,16,162,6,37,6,13,13,2,1,3,6,1,0,0,0,0,0,0,0,54,237,87,1,12,18.23076923076923,0,1,3,18065.666666666668,0,💤 Low Engagers,3,1,0.04006526998124946,❄️ Cold Lead
213,1963,PhD,Single,23091.0,1,1,2014-05-28,98,35,0,11,0,0,2,4,2,1,3,7,0,0,0,0,0,0,0,51,48,32,2,10,4.363636363636363,0,1,3,7697.0,0,💤 Low Engagers,4,2,0.026350315861906403,❄️ Cold Lead
967,1976,Graduation,Married,46049.0,1,1,2013-07-21,11,342,9,112,19,14,19,10,5,2,9,7,0,0,0,0,0,0,1,38,515,343,2,26,19.074074074074073,0,1,4,11512.25,2,👨‍👩‍👧 Active Parent Shoppers,2,1,0.6210636529659658,🌤 Warm Lead
1077,1974,Graduation,Together,56715.0,0,0,2012-12-05,52,258,105,239,237,172,9,1,7,3,4,4,0,0,0,0,0,0,0,40,1020,571,0,15,63.75,0,0,2,28357.5,1,🌟 High-Value Loyalists,2,3,0.09088303120023937,❄️ Cold Lead
7959,1961,Graduation,Married,79410.0,0,0,2014-05-29,19,658,80,483,123,13,13,1,3,2,5,1,0,0,0,0,0,0,0,53,1370,31,0,11,114.16666666666667,0,0,2,39705.0,1,🌟 High-Value Loyalists,2,1,0.11104535840761766,❄️ Cold Lead
640,1951,Graduation,Married,57304.0,0,1,2013-03-11,61,356,80,329,138,17,106,2,7,6,10,5,0,0,0,0,0,0,0,63,1026,475,1,25,39.46153846153846,0,1,3,19101.333333333332,2,👨‍👩‍👧 Active Parent Shoppers,2,1,0.021421037388816587,❄️ Cold Lead
4252,1965,Graduation,Married,44375.0,0,1,2014-03-23,73,213,5,28,7,7,41,1,4,1,6,5,0,0,0,0,0,0,0,49,301,98,1,12,23.153846153846153,0,1,3,14791.666666666666,0,💤 Low Engagers,2,1,0.005690725367898466,❄️ Cold Lead
8432,1956,Graduation,Together,54450.0,1,1,2012-09-14,0,454,0,171,8,19,32,12,9,2,8,8,0,0,0,0,0,0,0,58,684,653,2,31,21.375,0,1,4,13612.5,2,👨‍👩‍👧 Active Parent Shoppers,2,3,0.1569742957968117,❄️ Cold Lead
6218,1965,Graduation,Married,59594.0,0,1,2012-10-20,74,457,4,29,0,0,9,1,8,1,7,7,0,1,0,0,0,0,0,49,499,617,1,17,27.72222222222222,1,1,3,19864.666666666668,2,👨‍👩‍👧 Active Parent Shoppers,2,1,0.2586820960755615,❄️ Cold Lead
6905,1994,Graduation,Together,80685.0,0,0,2012-08-22,55,241,45,604,34,26,54,1,6,4,10,2,0,0,0,0,0,0,0,20,1004,676,0,21,45.63636363636363,0,0,2,40342.5,1,🌟 High-Value Loyalists,2,3,0.09980927689202812,❄️ Cold Lead
5922,1974,PhD,Married,40344.0,0,1,2013-10-13,48,210,0,6,0,0,2,2,4,1,5,7,0,0,0,0,0,0,0,40,218,259,1,12,16.76923076923077,0,1,3,13448.0,0,💤 Low Engagers,4,1,0.05800437018181519,❄️ Cold Lead
3598,1972,Graduation,Married,62710.0,0,1,2013-05-23,53,441,35,83,7,29,11,4,4,2,12,4,0,0,0,0,0,0,0,42,606,402,1,22,26.347826086956523,0,1,3,20903.333333333332,2,👨‍👩‍👧 Active Parent Shoppers,2,1,0.01041973707903462,❄️ Cold Lead
6116,1968,Diploma,Married,48985.0,0,1,2013-07-05,13,19,13,18,10,7,8,1,1,1,3,3,0,0,0,0,0,0,0,46,75,359,1,6,10.714285714285714,0,1,3,16328.333333333334,0,💤 Low Engagers,1,1,0.042118658286888946,❄️ Cold Lead
6263,1968,Graduation,Together,35322.0,1,2,2012-08-22,34,28,9,37,12,7,13,3,2,0,4,8,0,0,0,0,0,0,0,46,106,676,3,9,10.6,0,1,5,7064.4,0,💤 Low Engagers,2,3,0.2624844932713335,❄️ Cold Lead
10486,1948,Graduation,Married,77142.0,0,0,2013-05-29,54,476,75,162,29,151,97,1,4,4,8,2,0,0,0,0,0,0,0,66,990,396,0,17,55.0,0,0,2,38571.0,1,🌟 High-Value Loyalists,2,1,0.022266556110306437,❄️ Cold Lead
2410,1969,Graduation,Single,81657.0,0,0,2014-01-22,69,364,40,425,158,60,50,1,3,4,8,1,0,0,0,0,0,0,0,45,1097,158,0,16,64.52941176470588,0,0,1,81657.0,1,🌟 High-Value Loyalists,2,2,0.04134794235304508,❄️ Cold Lead
193,1996,Basic,Married,14421.0,0,0,2014-02-17,81,0,0,2,3,3,8,1,1,0,2,5,1,0,0,0,0,0,0,18,16,132,0,4,3.2,1,0,2,7210.5,0,💤 Low Engagers,0,1,0.05581259101500331,❄️ Cold Lead
3363,1974,Diploma,Married,20130.0,0,0,2014-03-17,99,0,6,3,7,6,12,1,1,0,3,8,0,0,0,0,0,0,0,40,34,104,0,5,5.666666666666667,0,0,2,10065.0,0,💤 Low Engagers,1,1,0.003946294512584755,❄️ Cold Lead
8278,1990,PhD,Married,74214.0,0,0,2012-08-26,3,863,83,547,86,99,33,1,8,2,5,5,0,0,0,0,0,0,0,24,1711,672,0,16,100.6470588235294,0,0,2,37107.0,1,🌟 High-Value Loyalists,4,1,0.25572431635082027,❄️ Cold Lead
10660,1957,Master,Married,66726.0,1,1,2014-01-12,61,349,7,35,0,0,47,3,8,2,4,7,0,1,0,0,0,0,0,57,438,168,2,17,24.333333333333332,1,1,4,16681.5,2,👨‍👩‍👧 Active Parent Shoppers,3,1,0.12248531529332514,❄️ Cold Lead
8686,1979,Basic,Together,23724.0,1,0,2013-01-08,65,5,23,15,0,18,14,2,2,0,3,8,0,0,0,0,0,0,0,35,75,537,1,7,9.375,0,1,3,7908.0,0,💤 Low Engagers,0,3,0.09478988815596741,❄️ Cold Lead
1604,1960,Master,Married,47353.0,0,1,2013-11-13,93,184,2,19,8,8,4,3,2,2,6,5,0,0,0,0,0,0,0,54,225,228,1,13,16.071428571428573,0,1,3,15784.333333333334,0,💤 Low Engagers,3,1,0.009849558637790377,❄️ Cold Lead
5907,1952,Master,Married,33444.0,1,1,2012-11-03,24,8,0,8,0,0,2,1,1,0,2,8,0,0,0,0,0,0,0,62,18,603,2,4,3.6,0,1,4,8361.0,0,💤 Low Engagers,3,1,0.03608468190795944,❄️ Cold Lead
10669,1981,Graduation,Married,54386.0,0,1,2013-05-17,8,277,21,64,62,21,25,2,3,2,10,3,0,0,0,0,0,0,0,33,470,408,1,17,26.11111111111111,0,1,3,18128.666666666668,2,👨‍👩‍👧 Active Parent Shoppers,2,1,0.06789262567498763,❄️ Cold Lead
2918,1981,Graduation,Divorced,28510.0,1,1,2013-04-13,72,44,5,19,0,4,19,3,2,0,4,5,0,0,0,0,0,0,0,33,91,442,2,9,9.1,0,1,3,9503.333333333334,0,💤 Low Engagers,2,0,0.027368044991999647,❄️ Cold Lead
5735,1991,Master,Single,90638.0,0,0,2014-02-13,29,1156,120,915,94,144,96,1,3,4,10,1,0,0,1,0,0,0,0,23,2525,136,0,18,132.89473684210526,1,0,1,90638.0,3,🏆 Champions,3,2,0.2369916971620312,❄️ Cold Lead
359,1950,Graduation,Together,48070.0,0,1,2013-01-13,33,373,14,83,6,9,19,3,8,2,6,7,0,0,0,0,0,1,0,64,504,532,1,19,25.2,0,1,3,16023.333333333334,2,👨‍👩‍👧 Active Parent Shoppers,2,3,0.15251382691941426,❄️ Cold Lead
8387,1957,Graduation,Married,43140.0,0,1,2013-01-05,68,134,8,76,6,0,11,1,4,1,5,6,0,0,0,0,0,0,0,57,235,540,1,11,19.583333333333332,0,1,3,14380.0,0,💤 Low Engagers,2,1,0.1551630005582277,❄️ Cold Lead
1829,1961,PhD,Divorced,54959.0,0,1,2013-01-19,55,1148,0,60,0,0,24,3,9,5,4,7,0,1,0,0,0,0,1,53,1232,526,1,21,56.0,1,1,2,27479.5,2,👨‍👩‍👧 Active Parent Shoppers,4,0,0.7613465311780311,🔥 Hot Lead
3839,1958,Basic,Single,15056.0,1,1,2013-05-03,76,6,12,3,21,6,40,5,2,2,3,5,0,0,0,0,0,0,0,56,88,422,2,12,6.769230769230769,0,1,3,5018.666666666667,0,💤 Low Engagers,0,2,0.09091693720762702,❄️ Cold Lead
9392,1971,Graduation,Single,26954.0,1,0,2014-05-08,17,4,1,11,0,0,1,1,1,0,2,7,0,0,0,0,0,0,0,43,17,52,1,4,3.4,0,1,2,13477.0,0,💤 Low Engagers,2,2,0.042646050358134714,❄️ Cold Lead
2292,1985,Graduation,Single,22327.0,1,0,2013-08-02,94,5,4,8,2,0,5,1,1,0,3,5,0,0,0,0,0,0,0,29,24,331,1,5,4.0,0,1,2,11163.5,0,💤 Low Engagers,2,2,0.0027819453507041732,❄️ Cold Lead
10466,1965,Graduation,Married,44393.0,1,1,2013-08-22,86,24,2,20,2,2,10,2,1,0,4,4,0,0,0,0,0,0,0,49,60,311,2,7,7.5,0,1,4,11098.25,0,💤 Low Engagers,2,1,0.005829501747694714,❄️ Cold Lead
9855,1952,PhD,Single,62000.0,0,1,2013-08-25,25,899,0,101,0,0,20,1,6,6,13,4,0,0,0,1,0,0,0,62,1020,308,1,26,37.77777777777778,1,1,2,31000.0,2,👨‍👩‍👧 Active Parent Shoppers,4,2,0.07070008228255294,❄️ Cold Lead
4088,1962,PhD,Together,31497.0,0,1,2012-12-06,22,108,1,28,13,1,4,2,3,1,4,8,0,0,0,0,0,0,0,52,155,570,1,10,14.090909090909092,0,1,3,10499.0,0,💤 Low Engagers,4,3,0.3535110290898288,❄️ Cold Lead
5231,1974,Diploma,Married,45894.0,0,2,2014-02-27,15,27,2,7,0,2,13,1,1,0,3,5,0,0,0,0,0,0,0,40,51,122,2,5,8.5,0,1,4,11473.5,0,💤 Low Engagers,1,1,0.0396419609811229,❄️ Cold Lead
590,1970,Master,Divorced,78579.0,0,0,2012-12-22,35,816,66,549,216,66,99,1,5,6,4,3,0,0,0,0,0,0,1,44,1812,554,0,16,106.58823529411765,0,0,1,78579.0,1,🌟 High-Value Loyalists,3,0,0.8723183097885819,🔥 Hot Lead
8732,1969,Master,Widow,67369.0,0,1,2012-11-17,81,1298,0,70,37,14,42,4,7,4,10,4,0,1,1,0,0,0,1,45,1461,589,1,25,56.19230769230769,2,1,2,33684.5,3,🏆 Champions,3,4,0.7446447773220362,🔥 Hot Lead
2315,1960,Graduation,Divorced,58401.0,0,1,2014-04-20,55,10,0,11,17,29,29,1,1,2,2,4,0,0,0,0,0,0,0,54,96,70,1,6,13.714285714285714,0,1,2,29200.5,0,💤 Low Engagers,2,0,0.01592491745350703,❄️ Cold Lead
3515,1952,Graduation,Single,62307.0,0,1,2014-02-17,94,87,13,34,10,6,10,1,4,0,4,5,0,0,0,0,0,0,0,62,160,132,1,9,16.0,0,1,2,31153.5,0,💤 Low Engagers,2,2,0.014319793637066043,❄️ Cold Lead
2245,1969,Master,Married,43641.0,1,1,2013-04-22,50,57,2,51,4,2,23,3,2,1,4,6,0,0,0,0,0,0,0,45,139,433,2,10,12.636363636363637,0,1,4,10910.25,0,💤 Low Engagers,3,1,0.09853953843755148,❄️ Cold Lead
6283,1968,Master,Divorced,63841.0,0,1,2013-04-21,64,635,15,100,20,7,131,1,9,3,9,6,0,0,0,0,0,0,0,46,908,434,1,22,39.47826086956522,0,1,2,31920.5,2,👨‍👩‍👧 Active Parent Shoppers,3,0,0.01905967275263707,❄️ Cold Lead
2246,1965,Diploma,Married,46891.0,0,1,2013-09-01,91,43,12,23,29,15,61,1,2,1,4,4,0,0,0,0,0,0,0,49,183,301,1,8,20.333333333333332,0,1,3,15630.333333333334,0,💤 Low Engagers,1,1,0.007134936275807912,❄️ Cold Lead
6606,1969,Master,Married,70091.0,1,0,2013-03-31,11,964,34,137,15,0,11,2,5,2,10,8,0,1,0,0,0,0,0,45,1161,455,1,19,58.05,1,1,3,23363.666666666668,2,👨‍👩‍👧 Active Parent Shoppers,3,1,0.22456550113272072,❄️ Cold Lead
5545,1972,PhD,Married,78075.0,0,0,2014-04-05,72,572,8,259,34,35,80,1,3,5,5,1,0,0,0,0,0,0,0,42,988,85,0,14,65.86666666666666,0,0,2,39037.5,1,🌟 High-Value Loyalists,4,1,0.008256950220800611,❄️ Cold Lead
7342,1961,Diploma,Widow,59184.0,0,1,2012-09-09,6,341,142,113,259,151,66,3,6,6,12,5,0,0,0,0,0,0,0,53,1072,658,1,27,38.285714285714285,0,1,2,29592.0,2,👨‍👩‍👧 Active Parent Shoppers,1,4,0.16979909622635958,❄️ Cold Lead
837,1977,Graduation,Married,54809.0,1,1,2013-09-11,0,63,6,57,13,13,22,4,2,1,5,4,0,0,0,0,0,0,0,37,174,291,2,12,13.384615384615385,0,1,4,13702.25,0,💤 Low Engagers,2,1,0.4949450482731477,🌤 Warm Lead
9500,1959,Graduation,Married,58113.0,0,1,2013-01-25,66,221,104,169,102,78,84,3,9,2,8,7,0,0,0,0,0,1,0,55,758,520,1,22,32.95652173913044,0,1,3,19371.0,2,👨‍👩‍👧 Active Parent Shoppers,2,1,0.04434508334961195,❄️ Cold Lead
3602,1958,Master,Married,51412.0,0,1,2013-12-31,42,140,3,29,4,5,14,2,3,2,4,4,0,0,0,0,0,0,0,56,195,180,1,11,16.25,0,1,3,17137.333333333332,0,💤 Low Engagers,3,1,0.009362610659393329,❄️ Cold Lead
234,1979,Graduation,Divorced,15287.0,1,0,2012-10-10,60,1,2,8,4,3,13,2,1,1,2,7,1,0,0,0,0,0,1,35,31,627,1,6,4.428571428571429,1,1,2,7643.5,0,💤 Low Engagers,2,0,0.830413454503523,🔥 Hot Lead
2995,1957,Master,Together,66636.0,0,0,2013-08-17,64,291,10,689,84,10,0,1,3,4,9,1,0,0,0,0,0,0,0,57,1084,316,0,17,60.22222222222222,0,0,2,33318.0,1,🌟 High-Value Loyalists,3,3,0.0057157071744472565,❄️ Cold Lead
1118,1956,Master,Married,50965.0,0,1,2013-02-20,87,544,13,85,8,6,29,3,10,4,5,8,1,0,0,0,0,0,0,58,685,494,1,22,29.782608695652176,1,1,3,16988.333333333332,2,👨‍👩‍👧 Active Parent Shoppers,3,1,0.14745022566799465,❄️ Cold Lead
7789,1965,PhD,Married,84618.0,0,0,2013-11-22,96,684,100,801,21,66,0,1,6,9,10,2,0,0,1,0,0,0,0,49,1672,219,0,26,61.925925925925924,1,0,2,42309.0,1,🌟 High-Value Loyalists,4,1,0.05713301908621009,❄️ Cold Lead
3068,1990,Graduation,Married,18351.0,0,0,2013-10-29,1,1,12,9,0,14,7,1,2,0,3,7,0,0,0,0,0,0,0,24,43,243,0,6,6.142857142857143,0,0,2,9175.5,0,💤 Low Engagers,2,1,0.07688613263099225,❄️ Cold Lead
8955,1957,PhD,Together,40451.0,0,2,2014-02-16,54,35,0,4,0,0,10,1,1,1,2,5,1,0,0,0,0,0,0,57,49,133,2,5,8.166666666666666,1,1,4,10112.75,0,💤 Low Engagers,4,3,0.10440554193030369,❄️ Cold Lead
945,1965,Graduation,Together,36317.0,0,1,2013-05-22,53,87,3,25,3,2,13,2,3,0,4,7,0,0,0,0,0,0,0,49,133,403,1,9,13.3,0,1,3,12105.666666666666,0,💤 Low Engagers,2,3,0.03197594983261742,❄️ Cold Lead
5644,1957,Graduation,Together,42213.0,0,1,2013-10-12,96,309,3,24,4,3,20,2,5,1,7,7,0,1,0,0,0,0,0,57,363,260,1,15,22.6875,1,1,3,14071.0,0,💤 Low Engagers,2,3,0.09837768414336204,❄️ Cold Lead
7192,1955,Graduation,Together,65748.0,0,1,2013-04-15,58,172,73,93,95,78,34,2,2,4,10,1,0,0,0,0,0,1,0,59,545,440,1,18,28.68421052631579,0,1,3,21916.0,2,👨‍👩‍👧 Active Parent Shoppers,2,3,0.018318670754264507,❄️ Cold Lead
2324,1972,Graduation,Together,77044.0,0,1,2013-10-27,12,625,38,242,50,34,76,2,7,11,11,4,1,0,0,0,0,0,0,42,1065,245,1,31,33.28125,1,1,3,25681.333333333332,2,👨‍👩‍👧 Active Parent Shoppers,2,3,0.1546853362306719,❄️ Cold Lead
697,1969,Graduation,Together,74918.0,0,0,2013-03-12,78,972,59,913,25,19,59,1,5,9,6,3,0,0,1,0,0,0,0,45,2047,474,0,21,93.04545454545455,1,0,2,37459.0,1,🌟 High-Value Loyalists,2,3,0.2377798870302175,❄️ Cold Lead
3439,1972,Graduation,Married,56721.0,1,1,2012-10-31,64,157,6,39,6,13,75,5,4,1,5,6,0,0,0,0,0,0,0,42,296,606,2,15,18.5,0,1,4,14180.25,2,👨‍👩‍👧 Active Parent Shoppers,2,1,0.19240847503059866,❄️ Cold Lead
1506,1975,Graduation,Single,42160.0,1,1,2013-06-28,26,48,9,45,3,15,20,4,2,1,4,6,0,0,0,0,0,0,1,39,140,366,2,11,11.666666666666666,0,1,3,14053.333333333334,0,💤 Low Engagers,2,2,0.446153542371802,🌤 Warm Lead
232,1965,Graduation,Single,61559.0,0,1,2013-07-17,8,279,83,88,32,14,34,1,4,2,10,3,0,0,0,0,0,0,0,49,530,347,1,17,29.444444444444443,0,1,2,30779.5,2,👨‍👩‍👧 Active Parent Shoppers,2,2,0.03992409711965015,❄️ Cold Lead
8876,1963,PhD,Together,33629.0,1,1,2012-08-08,49,132,0,16,0,0,4,5,3,1,4,9,0,0,0,0,0,0,0,51,152,690,2,13,10.857142857142858,0,1,4,8407.25,0,💤 Low Engagers,4,3,0.42365299589526617,🌤 Warm Lead
4500,1991,PhD,Together,68682.0,0,0,2013-10-06,56,919,0,505,99,30,45,1,4,9,10,2,0,0,0,0,0,0,0,23,1598,266,0,24,63.92,0,0,2,34341.0,1,🌟 High-Value Loyalists,4,3,0.030569658948084232,❄️ Cold Lead
9739,1963,Graduation,Single,34377.0,0,1,2013-01-19,55,62,0,22,3,1,26,2,2,2,2,7,0,0,0,0,0,0,0,51,114,526,1,8,12.666666666666666,0,1,2,17188.5,0,💤 Low Engagers,2,2,0.20719305322564274,❄️ Cold Lead
10395,1986,Basic,Single,8940.0,1,0,2012-08-22,25,1,45,3,4,6,42,3,3,1,3,8,0,0,0,0,0,0,0,28,101,676,1,10,9.181818181818182,0,1,2,4470.0,0,💤 Low Engagers,0,2,0.43094234119720304,🌤 Warm Lead
1176,1973,Graduation,Married,26228.0,1,0,2013-09-22,50,2,6,4,3,1,9,1,1,0,2,8,0,0,0,0,0,0,0,41,25,280,1,4,5.0,0,1,3,8742.666666666666,0,💤 Low Engagers,2,1,0.014117350494187718,❄️ Cold Lead
1627,1957,Diploma,Divorced,77297.0,0,0,2013-01-26,84,408,61,109,48,122,41,1,5,7,9,4,0,0,0,1,0,0,0,57,789,519,0,22,34.30434782608695,1,0,1,77297.0,1,🌟 High-Value Loyalists,1,0,0.14394794880220155,❄️ Cold Lead
938,1981,Graduation,Married,40211.0,1,1,2013-07-30,30,51,1,7,2,1,25,2,2,1,2,8,1,0,0,0,0,0,0,33,87,334,2,7,10.875,1,1,4,10052.75,0,💤 Low Engagers,2,1,0.35003207991466767,❄️ Cold Lead
2740,1958,PhD,Widow,33438.0,1,1,2013-09-22,81,62,1,16,3,2,6,4,2,1,4,5,0,0,0,0,0,0,0,56,90,280,2,11,7.5,0,1,3,11146.0,0,💤 Low Engagers,4,4,0.01579370963572023,❄️ Cold Lead
257,1959,PhD,Married,75032.0,0,1,2013-04-28,74,952,12,180,47,12,12,2,5,4,9,3,0,0,0,0,0,0,0,55,1215,427,1,20,57.857142857142854,0,1,3,25010.666666666668,2,👨‍👩‍👧 Active Parent Shoppers,4,1,0.039988356067802266,❄️ Cold Lead
4058,1955,PhD,Single,61284.0,0,0,2013-10-12,76,618,15,106,20,7,45,1,11,2,8,6,0,1,0,0,0,0,0,59,811,260,0,22,35.26086956521739,1,0,1,61284.0,1,🌟 High-Value Loyalists,4,2,0.12730686567966493,❄️ Cold Lead
7736,1986,Graduation,Married,22518.0,1,0,2012-10-22,36,11,7,12,2,2,27,2,2,1,2,5,1,0,0,0,0,0,1,28,61,615,1,7,7.625,1,1,3,7506.0,0,💤 Low Engagers,2,1,0.5264421292359597,🌤 Warm Lead
8210,1975,Master,Married,54730.0,0,1,2013-08-15,64,318,3,17,4,7,56,5,4,1,8,4,0,0,0,0,0,0,0,39,405,318,1,18,21.31578947368421,0,1,3,18243.333333333332,2,👨‍👩‍👧 Active Parent Shoppers,3,1,0.011483303360757808,❄️ Cold Lead
833,1955,Master,Married,38452.0,1,1,2014-03-30,62,56,0,14,0,0,2,3,3,0,3,7,0,0,0,0,0,0,0,59,72,91,2,9,7.2,0,1,4,9613.0,0,💤 Low Engagers,3,1,0.009730181982954807,❄️ Cold Lead
6230,1971,Graduation,Divorced,44421.0,1,1,2013-02-15,53,110,5,59,7,1,7,5,5,0,4,8,0,0,0,0,0,0,0,43,189,499,2,14,12.6,0,1,3,14807.0,0,💤 Low Engagers,2,0,0.11437552742404858,❄️ Cold Lead
7325,1986,PhD,Together,38197.0,1,0,2013-06-29,86,23,0,11,2,1,3,1,1,0,3,5,0,0,0,0,0,0,0,28,40,365,1,5,6.666666666666667,0,1,3,12732.333333333334,0,💤 Low Engagers,4,3,0.0033589008626049655,❄️ Cold Lead
1307,1978,Graduation,Divorced,41986.0,0,1,2014-02-09,15,27,5,8,8,3,12,3,3,0,4,4,0,0,0,0,0,0,0,36,63,140,1,10,5.7272727272727275,0,1,2,20993.0,0,💤 Low Engagers,2,0,0.03376290842623787,❄️ Cold Lead
1502,1983,Graduation,Together,28427.0,1,0,2013-03-21,67,18,3,19,3,3,6,2,2,0,3,8,0,0,0,0,0,0,0,31,52,465,1,7,6.5,0,1,3,9475.666666666666,0,💤 Low Engagers,2,3,0.04387650836141756,❄️ Cold Lead
6211,1976,PhD,Together,37395.0,1,0,2014-05-02,47,18,0,9,0,1,11,1,1,0,3,6,0,0,0,0,0,0,0,38,39,58,1,5,6.5,0,1,3,12465.0,0,💤 Low Engagers,4,3,0.004694930835437267,❄️ Cold Lead
843,1971,Graduation,Married,64722.0,1,0,2014-05-26,47,303,0,280,60,147,15,4,8,2,11,6,0,0,0,0,0,0,0,43,805,34,1,25,30.96153846153846,0,1,3,21574.0,2,👨‍👩‍👧 Active Parent Shoppers,2,1,0.005687012021986859,❄️ Cold Lead
4174,1956,Master,Together,55249.0,0,1,2014-04-17,81,97,1,19,2,0,11,1,2,1,4,3,0,0,0,0,0,0,0,58,130,73,1,8,14.444444444444445,0,1,3,18416.333333333332,0,💤 Low Engagers,3,3,0.00684365124186955,❄️ Cold Lead
9757,1972,Graduation,Together,84906.0,0,0,2013-10-04,98,997,15,414,99,30,76,1,5,6,12,2,0,1,1,0,1,0,0,42,1631,268,0,24,65.24,3,0,2,42453.0,3,🏆 Champions,2,3,0.07611385065795057,❄️ Cold Lead
6918,1989,Graduation,Married,28691.0,1,0,2013-07-04,56,5,4,13,8,0,4,1,1,0,3,8,0,0,0,0,0,0,0,25,34,360,1,5,5.666666666666667,0,1,3,9563.666666666666,0,💤 Low Engagers,2,1,0.00854989293505503,❄️ Cold Lead
286,1952,Graduation,Single,44213.0,1,1,2013-11-29,48,95,11,35,0,4,7,4,2,1,5,6,0,0,0,0,0,0,0,62,152,212,2,12,11.692307692307692,0,1,3,14737.666666666666,0,💤 Low Engagers,2,2,0.0274215929621896,❄️ Cold Lead
11086,1984,Basic,Single,25707.0,1,0,2014-01-18,18,1,6,2,3,6,3,1,1,0,3,7,0,0,0,0,0,0,0,30,21,162,1,5,3.5,0,1,2,12853.5,0,💤 Low Engagers,0,2,0.02496800127621258,❄️ Cold Lead
1921,1967,PhD,Married,59062.0,2,1,2013-10-03,74,46,1,12,3,0,9,2,2,0,3,4,0,0,0,0,0,0,0,47,71,269,3,7,8.875,0,1,5,11812.4,0,💤 Low Engagers,4,1,0.0023655588773195176,❄️ Cold Lead
4138,1962,Graduation,Single,76624.0,0,1,2014-05-24,68,411,106,147,54,115,66,1,5,10,7,1,1,0,0,0,0,0,0,52,899,36,1,23,37.458333333333336,1,1,2,38312.0,2,👨‍👩‍👧 Active Parent Shoppers,2,2,0.025142479982081977,❄️ Cold Lead
7718,1947,Master,Together,66000.0,0,0,2014-04-20,36,244,51,270,101,0,45,1,1,3,5,1,0,0,0,0,0,0,0,67,711,70,0,10,64.63636363636364,0,0,2,33000.0,1,🌟 High-Value Loyalists,3,3,0.020559322245850643,❄️ Cold Lead
1291,1978,PhD,Together,27683.0,1,0,2012-08-04,90,152,9,121,12,12,45,4,6,2,4,8,0,0,0,0,0,0,0,36,351,694,1,16,20.647058823529413,0,1,3,9227.666666666666,0,💤 Low Engagers,4,3,0.23582347867930356,❄️ Cold Lead
6862,1971,Graduation,Divorced,1730.0,0,0,2014-05-18,65,1,1,3,1,1,1,15,0,0,0,20,0,0,0,0,0,0,0,43,8,42,0,15,0.5,0,0,1,1730.0,0,💤 Low Engagers,2,0,0.028481988643378413,❄️ Cold Lead
4136,1992,Basic,Single,7500.0,1,0,2012-12-03,63,10,17,18,8,26,40,4,3,2,2,9,0,0,0,0,0,0,0,22,119,573,1,11,9.916666666666666,0,1,2,3750.0,0,💤 Low Engagers,0,2,0.2241621778944927,❄️ Cold Lead
803,1968,Graduation,Together,40521.0,1,1,2013-04-05,82,12,0,5,0,0,4,1,0,1,2,5,0,0,0,0,0,0,0,46,21,450,2,4,4.2,0,1,4,10130.25,0,💤 Low Engagers,2,3,0.024660773382317397,❄️ Cold Lead
4298,1973,PhD,Together,20427.0,1,0,2014-03-24,63,5,0,4,0,0,1,1,1,0,2,8,0,0,0,0,0,0,0,41,10,97,1,4,2.0,0,1,3,6809.0,0,💤 Low Engagers,4,3,0.00867546887670665,❄️ Cold Lead
10833,1975,Graduation,Married,65106.0,0,1,2014-05-24,55,790,19,133,12,0,19,3,8,3,13,6,0,1,0,0,0,0,0,39,973,36,1,27,34.75,1,1,3,21702.0,2,👨‍👩‍👧 Active Parent Shoppers,2,1,0.015374264328247527,❄️ Cold Lead
9606,1965,PhD,Married,69969.0,0,0,2013-08-27,64,882,29,514,38,29,44,1,4,2,6,3,0,0,1,1,0,0,1,49,1536,306,0,13,109.71428571428571,2,0,2,34984.5,3,🏆 Champions,4,1,0.8054084797251226,🔥 Hot Lead
8534,1952,Graduation,Married,67433.0,0,2,2013-07-16,51,615,28,259,12,48,30,4,6,5,13,4,0,1,0,0,0,0,0,62,992,348,2,28,34.206896551724135,1,1,4,16858.25,2,👨‍👩‍👧 Active Parent Shoppers,2,1,0.05270187013366747,❄️ Cold Lead
5153,1967,PhD,Married,77766.0,0,1,2013-02-22,97,1004,59,265,115,59,27,2,11,10,11,6,1,0,0,0,0,0,1,47,1529,492,1,34,43.68571428571428,1,1,3,25922.0,2,👨‍👩‍👧 Active Parent Shoppers,4,1,0.6396479764207829,🌤 Warm Lead
961,1972,Graduation,Married,74716.0,0,1,2013-09-12,92,133,27,421,13,195,71,2,7,3,5,4,0,0,0,0,0,0,0,42,860,290,1,17,47.77777777777778,0,1,3,24905.333333333332,2,👨‍👩‍👧 Active Parent Shoppers,2,1,0.015916314313733738,❄️ Cold Lead
5011,1963,Graduation,Divorced,68118.0,0,1,2013-10-18,51,595,23,123,10,23,154,2,8,9,4,6,0,0,0,0,0,0,0,51,928,254,1,23,38.666666666666664,0,1,2,34059.0,2,👨‍👩‍👧 Active Parent Shoppers,2,0,0.03828233945516221,❄️ Cold Lead
6653,1970,PhD,Married,55158.0,1,1,2012-07-30,72,293,0,87,4,11,23,4,7,2,5,7,0,0,0,0,0,0,1,44,418,699,2,18,22.0,0,1,4,13789.5,2,👨‍👩‍👧 Active Parent Shoppers,4,1,0.629496512718123,🌤 Warm Lead
9094,1955,Diploma,Married,62972.0,0,1,2012-08-03,39,313,15,47,20,0,192,2,7,4,3,6,0,0,0,0,0,0,1,59,587,695,1,16,34.529411764705884,0,1,3,20990.666666666668,2,👨‍👩‍👧 Active Parent Shoppers,1,1,0.5326743642691995,🌤 Warm Lead
810,1975,Graduation,Married,74190.0,0,1,2014-05-12,49,151,81,86,168,91,64,2,4,2,11,2,0,0,0,0,0,0,0,39,641,48,1,19,32.05,0,1,3,24730.0,2,👨‍👩‍👧 Active Parent Shoppers,2,1,0.0020303540345638633,❄️ Cold Lead
5493,1976,Graduation,Married,39356.0,1,1,2014-03-19,21,15,0,2,0,0,6,1,1,0,2,6,1,0,0,0,0,0,0,38,23,102,2,4,4.6,1,1,4,9839.0,0,💤 Low Engagers,2,1,0.09335079575508569,❄️ Cold Lead
2147,1969,Graduation,Together,76653.0,0,0,2013-08-16,91,736,63,946,219,189,126,1,4,7,11,2,0,0,1,1,0,0,0,45,2279,317,0,23,94.95833333333333,2,0,2,38326.5,3,🏆 Champions,2,3,0.18094485672854488,❄️ Cold Lead
5107,1973,PhD,Divorced,35860.0,1,1,2014-05-19,37,15,0,8,4,2,20,2,1,1,2,5,1,0,0,0,0,0,0,41,49,41,2,6,7.0,1,1,3,11953.333333333334,0,💤 Low Engagers,4,0,0.6137074139576416,🌤 Warm Lead
3979,1983,PhD,Divorced,90687.0,0,0,2013-05-22,98,982,17,672,23,34,51,1,6,2,8,2,0,0,1,0,0,0,1,31,1779,403,0,17,98.83333333333333,1,0,1,90687.0,1,🌟 High-Value Loyalists,4,0,0.8491849901583943,🔥 Hot Lead
6049,1982,Master,Together,73450.0,0,0,2013-12-05,85,1142,51,415,90,69,37,1,7,8,11,3,1,0,0,1,0,0,0,32,1804,206,0,27,64.42857142857143,2,0,2,36725.0,3,🏆 Champions,3,3,0.11940065691169087,❄️ Cold Lead
8147,1960,Graduation,Married,31454.0,1,1,2013-07-06,40,28,0,11,0,0,9,3,2,0,3,8,0,0,0,0,0,0,0,54,48,358,2,8,5.333333333333333,0,1,4,7863.5,0,💤 Low Engagers,2,1,0.019047560254961335,❄️ Cold Lead
1857,1952,Graduation,Single,47139.0,1,1,2014-03-06,2,46,0,12,0,2,23,2,2,1,2,7,0,0,0,0,0,0,1,62,83,115,2,7,10.375,0,1,3,15713.0,0,💤 Low Engagers,2,2,0.36269861288036537,❄️ Cold Lead
3910,1975,Graduation,Divorced,83829.0,0,0,2013-10-08,78,897,161,430,186,161,27,0,4,7,6,1,1,0,1,1,0,0,1,39,1862,264,0,17,103.44444444444444,3,0,1,83829.0,3,🏆 Champions,2,0,0.9604910008349853,🔥 Hot Lead
5207,1963,PhD,Married,53378.0,1,1,2012-09-24,41,489,6,152,8,6,132,10,9,4,6,8,0,0,0,0,0,0,1,51,793,643,2,29,26.433333333333334,0,1,4,13344.5,2,👨‍👩‍👧 Active Parent Shoppers,4,1,0.702243174663022,🔥 Hot Lead
11114,1970,Graduation,Together,19656.0,1,0,2013-02-08,94,25,4,9,6,8,32,3,2,1,3,7,0,0,0,0,0,0,0,44,84,506,1,9,8.4,0,1,3,6552.0,0,💤 Low Engagers,2,3,0.08327895633544974,❄️ Cold Lead
5429,1948,PhD,Married,45579.0,0,1,2013-08-20,10,145,1,33,2,1,1,1,4,1,4,6,0,0,0,0,0,0,0,66,183,313,1,10,16.636363636363637,0,1,3,15193.0,0,💤 Low Engagers,4,1,0.2651949156183296,❄️ Cold Lead
9400,1958,Diploma,Single,85485.0,0,0,2014-06-21,73,630,26,611,44,18,54,1,6,6,6,2,0,0,0,0,0,0,0,56,1383,8,0,19,69.15,0,0,1,85485.0,1,🌟 High-Value Loyalists,1,2,0.15698583531275745,❄️ Cold Lead
1740,1944,Graduation,Married,55956.0,0,0,2014-04-07,22,760,38,104,50,9,38,2,7,3,4,4,0,1,0,0,0,0,0,70,999,83,0,16,58.76470588235294,1,0,2,27978.0,1,🌟 High-Value Loyalists,2,1,0.16666172575747684,❄️ Cold Lead
7488,1963,Master,Single,64191.0,0,1,2013-01-22,30,420,15,186,151,38,15,3,5,3,13,3,0,0,0,0,0,0,0,51,825,523,1,24,33.0,0,1,2,32095.5,2,👨‍👩‍👧 Active Parent Shoppers,3,2,0.06212211937390782,❄️ Cold Lead
195,1972,Graduation,Single,38808.0,1,0,2012-08-26,21,125,17,52,3,19,30,4,5,1,4,8,1,0,0,0,0,0,1,42,246,672,1,14,16.4,1,1,2,19404.0,0,💤 Low Engagers,2,2,0.8387152600360345,🔥 Hot Lead
635,1966,Master,Married,57183.0,1,1,2013-03-19,51,464,5,64,7,0,70,8,9,1,7,8,0,0,0,0,0,0,0,48,610,467,2,25,23.46153846153846,0,1,4,14295.75,2,👨‍👩‍👧 Active Parent Shoppers,3,1,0.06661380869213963,❄️ Cold Lead
7527,1968,Master,Divorced,23748.0,1,0,2012-11-21,97,6,6,29,12,15,8,3,2,1,3,8,0,0,0,0,0,0,0,46,76,585,1,9,7.6,0,1,2,11874.0,0,💤 Low Engagers,3,0,0.18034311453439933,❄️ Cold Lead
10319,1971,Graduation,Married,66303.0,0,1,2013-02-26,56,1090,12,96,16,12,60,4,3,4,11,8,0,1,0,0,0,0,0,43,1286,488,1,22,55.91304347826087,1,1,3,22101.0,2,👨‍👩‍👧 Active Parent Shoppers,2,1,0.09327210133533105,❄️ Cold Lead
2296,1975,Master,Married,37368.0,1,0,2013-12-16,4,3,2,11,2,2,10,1,1,0,2,6,1,0,0,0,0,0,0,39,30,195,1,4,6.0,1,1,3,12456.0,0,💤 Low Engagers,3,1,0.2647285916971013,❄️ Cold Lead
10637,1964,Graduation,Married,40800.0,1,2,2013-01-01,77,24,0,27,8,30,10,2,3,0,3,7,0,0,0,0,0,1,0,50,99,544,3,8,11.0,0,1,5,8160.0,0,💤 Low Engagers,2,1,0.1200202154059181,❄️ Cold Lead
2931,1978,Graduation,Divorced,71847.0,0,0,2012-09-21,95,737,21,106,55,63,210,0,6,7,9,3,0,0,0,1,0,0,0,36,1192,646,0,22,51.82608695652174,1,0,1,71847.0,1,🌟 High-Value Loyalists,2,0,0.3080125761843509,❄️ Cold Lead
907,1975,Graduation,Married,46149.0,0,1,2013-11-29,36,254,6,71,4,0,27,5,5,1,7,5,0,0,0,0,0,0,0,39,362,212,1,18,19.05263157894737,0,1,3,15383.0,0,💤 Low Engagers,2,1,0.019551867589471,❄️ Cold Lead
3698,1983,Graduation,Together,78687.0,0,0,2012-08-09,13,817,185,687,145,55,241,1,4,6,8,2,0,0,1,0,0,0,1,31,2130,689,0,19,106.5,1,0,2,39343.5,3,🏆 Champions,2,3,0.788885601958443,🔥 Hot Lead
9516,1971,Diploma,Divorced,49118.0,0,0,2012-08-18,90,620,54,239,99,98,119,2,9,7,10,7,0,1,0,0,1,0,1,43,1229,680,0,28,42.37931034482759,2,0,1,49118.0,3,🏆 Champions,1,0,0.7973528073935653,🔥 Hot Lead
679,1957,PhD,Married,37633.0,1,1,2012-09-20,49,13,4,20,0,0,1,2,1,0,3,9,0,0,0,0,0,0,0,57,38,647,2,6,5.428571428571429,0,1,4,9408.25,0,💤 Low Engagers,4,1,0.06750054033788215,❄️ Cold Lead
7384,1951,Master,Together,39767.0,0,0,2013-07-21,18,113,61,204,34,26,47,2,7,1,7,8,0,0,0,0,0,0,0,63,485,343,0,17,26.944444444444443,0,0,2,19883.5,2,👨‍👩‍👧 Active Parent Shoppers,3,3,0.18739002195267862,❄️ Cold Lead
5043,1951,Basic,Married,26997.0,0,0,2012-11-05,89,7,23,78,133,49,144,2,4,2,5,7,0,0,0,0,0,0,0,63,434,601,0,13,31.0,0,0,2,13498.5,0,💤 Low Engagers,0,1,0.17240594220609484,❄️ Cold Lead
5267,1970,Graduation,Divorced,33986.0,1,0,2013-03-14,43,16,2,18,2,1,5,1,1,0,3,7,0,0,0,0,0,0,0,44,44,472,1,5,7.333333333333333,0,1,2,16993.0,0,💤 Low Engagers,2,0,0.029281466598692546,❄️ Cold Lead
339,1972,PhD,Married,57091.0,0,1,2012-11-23,82,462,0,24,6,0,4,2,9,2,5,7,0,1,0,0,0,0,1,42,496,583,1,18,26.105263157894736,1,1,3,19030.333333333332,2,👨‍👩‍👧 Active Parent Shoppers,4,1,0.7107479298079411,🔥 Hot Lead
2516,1969,Diploma,Married,46831.0,1,1,2013-06-08,84,22,2,10,6,4,34,2,1,2,2,4,0,0,0,0,0,0,0,45,78,386,2,7,9.75,0,1,4,11707.75,0,💤 Low Engagers,1,1,0.019695115593282683,❄️ Cold Lead
9010,1972,Master,Married,83151.0,0,0,2013-02-10,80,968,147,842,137,42,210,1,5,7,10,2,1,0,1,1,0,0,1,42,2346,504,0,23,97.75,3,0,2,41575.5,3,🏆 Champions,3,1,0.851942888160293,🔥 Hot Lead
378,1971,Graduation,Married,52531.0,0,0,2012-12-30,68,283,112,151,51,72,125,2,7,2,10,6,0,0,0,0,0,0,0,43,794,546,0,21,36.09090909090909,0,0,2,26265.5,2,👨‍👩‍👧 Active Parent Shoppers,2,1,0.054780014760010654,❄️ Cold Lead
4808,1956,Graduation,Married,15759.0,0,0,2013-09-05,12,1,2,5,6,0,3,1,1,0,2,7,0,0,0,0,0,0,0,58,17,297,0,4,3.4,0,0,2,7879.5,0,💤 Low Engagers,2,1,0.02092563930701755,❄️ Cold Lead
5068,1971,Graduation,Single,22804.0,1,0,2013-07-31,75,14,1,7,2,1,1,1,2,0,2,9,0,0,0,0,0,0,0,43,26,333,1,5,4.333333333333333,0,1,2,11402.0,0,💤 Low Engagers,2,2,0.014136429527284828,❄️ Cold Lead
7628,1973,Diploma,Married,43050.0,1,0,2014-03-18,10,30,5,24,6,3,8,2,2,0,4,5,0,0,0,0,0,0,0,41,76,103,1,8,8.444444444444445,0,1,3,14350.0,0,💤 Low Engagers,1,1,0.01963860150161684,❄️ Cold Lead
7128,1977,PhD,Single,42997.0,1,1,2013-12-07,91,4,0,5,0,1,5,1,1,0,2,7,0,0,0,0,0,0,0,37,15,204,2,4,3.0,0,1,3,14332.333333333334,0,💤 Low Engagers,4,2,0.0034808922845553226,❄️ Cold Lead
2811,1963,PhD,Single,48918.0,1,1,2014-04-12,21,52,0,9,0,0,1,2,1,0,4,4,0,0,0,0,0,0,0,51,62,78,2,7,7.75,0,1,3,16306.0,0,💤 Low Engagers,4,2,0.007597096164663644,❄️ Cold Lead
3551,1954,Master,Together,60033.0,0,1,2014-03-29,28,62,1,57,19,11,48,2,2,1,5,2,0,0,0,0,0,0,0,60,198,92,1,10,18.0,0,1,3,20011.0,0,💤 Low Engagers,3,3,0.015910752599021086,❄️ Cold Lead
1663,1978,PhD,Together,34043.0,1,0,2013-10-25,97,20,2,14,3,0,10,1,2,0,2,9,0,0,0,0,0,0,0,36,49,247,1,5,8.166666666666666,0,1,3,11347.666666666666,0,💤 Low Engagers,4,3,0.02111578811880179,❄️ Cold Lead
5543,1966,Graduation,Together,57811.0,0,1,2013-06-24,49,545,7,114,37,21,78,5,7,2,11,5,0,1,0,0,0,0,0,48,802,370,1,25,30.846153846153847,1,1,3,19270.333333333332,2,👨‍👩‍👧 Active Parent Shoppers,2,3,0.06594330720423769,❄️ Cold Lead
1577,1946,Graduation,Married,78569.0,0,0,2014-02-19,14,558,79,622,207,175,95,1,4,6,4,1,0,0,1,0,0,0,1,68,1736,130,0,15,108.5,1,0,2,39284.5,1,🌟 High-Value Loyalists,2,1,0.7861961397957916,🔥 Hot Lead
10641,1978,Graduation,Single,7500.0,1,1,2012-12-27,5,6,5,4,13,4,25,4,2,1,3,6,0,0,0,0,0,0,0,36,57,549,2,10,5.181818181818182,0,1,3,2500.0,0,💤 Low Engagers,2,2,0.3069029337215097,❄️ Cold Lead
5336,1971,Master,Together,157733.0,1,0,2013-06-04,37,39,1,9,2,0,8,0,1,0,1,1,0,0,0,0,0,0,0,43,59,390,1,2,19.666666666666668,0,1,3,52577.666666666664,1,🌟 High-Value Loyalists,3,3,0.033008060011659915,❄️ Cold Lead
6024,1953,Graduation,Together,94384.0,0,0,2013-03-04,62,1111,24,790,160,45,172,0,5,8,5,2,0,1,1,1,0,0,1,61,2302,482,0,18,121.15789473684211,3,0,2,47192.0,3,🏆 Champions,2,3,0.8040900425446895,🔥 Hot Lead
1878,1985,Diploma,Married,23148.0,0,0,2014-02-18,83,4,6,8,6,3,10,1,2,0,3,7,0,0,0,0,0,0,0,29,37,131,0,6,5.285714285714286,0,0,2,11574.0,0,💤 Low Engagers,1,1,0.0056092682481763455,❄️ Cold Lead
3099,1970,Graduation,Divorced,44267.0,1,1,2013-02-25,48,183,5,65,3,5,49,5,5,2,4,9,0,0,0,0,0,0,0,44,310,489,2,16,18.235294117647058,0,1,3,14755.666666666666,0,💤 Low Engagers,2,0,0.15305517932086773,❄️ Cold Lead
6055,1979,Graduation,Married,71626.0,0,0,2012-11-01,94,546,72,376,94,145,72,1,5,5,8,3,0,1,0,0,0,0,0,35,1305,605,0,19,65.25,1,0,2,35813.0,1,🌟 High-Value Loyalists,2,1,0.11172992368830245,❄️ Cold Lead
5841,1966,Graduation,Together,60894.0,0,1,2013-06-28,61,606,7,155,10,0,54,5,10,3,8,7,0,0,0,0,0,0,0,48,832,366,1,26,30.814814814814813,0,1,3,20298.0,2,👨‍👩‍👧 Active Parent Shoppers,2,3,0.015928329548250093,❄️ Cold Lead
3972,1976,Graduation,Together,50200.0,1,1,2013-04-03,70,266,6,51,8,6,64,6,7,1,5,8,0,0,0,0,0,0,0,38,401,452,2,19,20.05,0,1,4,12550.0,2,👨‍👩‍👧 Active Parent Shoppers,2,3,0.07793941601066808,❄️ Cold Lead
4394,1965,PhD,Married,81051.0,0,0,2014-05-23,43,1142,29,249,38,29,14,1,5,5,12,2,0,1,1,0,0,0,0,49,1501,37,0,23,62.541666666666664,2,0,2,40525.5,3,🏆 Champions,4,1,0.12012588646891442,❄️ Cold Lead
5758,1982,Graduation,Married,65169.0,0,0,2014-01-14,23,1074,0,69,0,0,46,1,10,4,13,6,1,0,1,1,1,0,1,32,1189,166,0,28,41.0,4,0,2,32584.5,3,🏆 Champions,2,1,0.7576554410007599,🔥 Hot Lead
6658,1972,Graduation,Together,59868.0,0,1,2013-07-22,37,771,51,154,54,10,154,7,11,2,12,6,0,0,0,0,0,0,0,42,1194,342,1,32,36.18181818181818,0,1,3,19956.0,2,👨‍👩‍👧 Active Parent Shoppers,2,3,0.029989880393555515,❄️ Cold Lead
4603,1960,PhD,Married,65695.0,0,1,2014-01-31,50,371,32,189,0,58,6,2,5,4,10,4,0,0,0,0,0,0,0,54,656,149,1,21,29.818181818181817,0,1,3,21898.333333333332,2,👨‍👩‍👧 Active Parent Shoppers,4,1,0.009131399025219884,❄️ Cold Lead
8427,1956,Master,Single,64857.0,0,0,2012-11-23,78,556,14,717,210,0,43,1,7,5,10,4,0,0,0,0,0,0,0,58,1540,583,0,23,64.16666666666667,0,0,1,64857.0,1,🌟 High-Value Loyalists,3,2,0.17962686398206645,❄️ Cold Lead
10260,1965,Master,Together,45143.0,0,1,2013-08-26,74,202,5,74,11,5,14,3,6,1,5,7,0,0,0,0,0,0,0,49,311,307,1,15,19.4375,0,1,3,15047.666666666666,0,💤 Low Engagers,3,3,0.02898537228525231,❄️ Cold Lead
7143,1955,Diploma,Together,74805.0,0,1,2013-11-06,14,209,162,209,41,162,37,5,4,7,10,2,0,0,0,0,0,0,0,59,820,235,1,26,30.37037037037037,0,1,3,24935.0,2,👨‍👩‍👧 Active Parent Shoppers,1,3,0.0464037238200118,❄️ Cold Lead
8789,1989,Diploma,Married,59060.0,1,0,2014-01-11,77,35,40,111,36,40,12,3,3,1,7,4,0,0,0,0,0,0,0,25,274,169,1,14,18.266666666666666,0,1,3,19686.666666666668,0,💤 Low Engagers,1,1,0.0039624528328957055,❄️ Cold Lead
6197,1962,PhD,Single,27238.0,1,1,2013-04-20,39,37,0,17,0,0,3,3,3,0,3,9,0,0,0,0,0,0,0,52,57,435,2,9,5.7,0,1,3,9079.333333333334,0,💤 Low Engagers,4,2,0.0939709778457401,❄️ Cold Lead
4554,1965,Graduation,Together,47009.0,0,1,2013-10-01,89,171,45,73,59,10,90,4,3,2,8,4,0,0,0,0,0,0,0,49,448,271,1,17,24.88888888888889,0,1,3,15669.666666666666,2,👨‍👩‍👧 Active Parent Shoppers,2,3,0.005138243072436674,❄️ Cold Lead
4937,1973,Diploma,Married,46094.0,1,1,2014-06-10,62,12,2,20,3,2,5,1,1,0,3,7,0,0,0,0,0,0,0,41,44,19,2,5,7.333333333333333,0,1,4,11523.5,0,💤 Low Engagers,1,1,0.0018506459927504373,❄️ Cold Lead
1920,1972,Graduation,Married,40321.0,1,1,2013-07-29,59,44,4,21,6,0,27,2,3,0,3,7,0,0,0,0,0,0,0,42,102,335,2,8,11.333333333333334,0,1,4,10080.25,0,💤 Low Engagers,2,1,0.013276058432320477,❄️ Cold Lead
8749,1984,Graduation,Together,37235.0,1,0,2014-02-01,68,20,2,9,4,6,20,1,1,1,2,4,0,0,0,0,0,0,0,30,61,148,1,5,10.166666666666666,0,1,3,12411.666666666666,0,💤 Low Engagers,2,3,0.030886826360153538,❄️ Cold Lead
1650,1960,Master,Married,81843.0,0,0,2013-04-22,13,779,86,537,34,69,138,1,5,9,12,3,0,0,0,0,0,0,0,54,1643,433,0,27,58.67857142857143,0,0,2,40921.5,1,🌟 High-Value Loyalists,3,1,0.22369124967841697,❄️ Cold Lead
10377,1958,Master,Together,46692.0,0,1,2013-06-06,37,170,6,97,24,12,88,3,6,1,5,6,0,0,0,0,0,0,0,56,397,388,1,15,24.8125,0,1,3,15564.0,2,👨‍👩‍👧 Active Parent Shoppers,3,3,0.03789051890223517,❄️ Cold Lead
9206,1968,Graduation,Together,77382.0,0,1,2014-01-07,36,491,48,231,112,105,134,2,5,7,12,1,0,0,1,0,0,0,0,46,1121,173,1,26,41.51851851851852,1,1,3,25794.0,2,👨‍👩‍👧 Active Parent Shoppers,2,3,0.030303103624127237,❄️ Cold Lead
10971,1977,Graduation,Single,37774.0,2,0,2012-09-03,28,173,8,107,7,2,176,4,7,2,3,9,1,0,0,0,0,1,1,37,473,664,2,16,27.823529411764707,1,1,3,12591.333333333334,0,💤 Low Engagers,2,2,0.8124457437385751,🔥 Hot Lead
6398,1974,Basic,Married,18393.0,1,0,2014-03-29,2,7,10,13,16,0,4,2,3,0,3,8,0,0,0,0,0,0,0,40,50,92,1,8,5.555555555555555,0,1,3,6131.0,0,💤 Low Engagers,0,1,0.10167874892565655,❄️ Cold Lead
9212,1962,Master,Married,72828.0,0,1,2013-02-14,17,1205,0,235,19,14,205,6,6,3,13,7,0,0,0,0,0,0,0,52,1678,500,1,28,57.86206896551724,0,1,3,24276.0,2,👨‍👩‍👧 Active Parent Shoppers,3,1,0.05061052560875616,❄️ Cold Lead
7937,1982,Graduation,Married,24711.0,0,0,2014-04-18,86,10,7,25,6,3,7,1,3,0,3,7,0,0,0,0,0,0,0,32,58,72,0,7,7.25,0,0,2,12355.5,0,💤 Low Engagers,2,1,0.021992071559829088,❄️ Cold Lead
839,1975,PhD,Married,45503.0,1,0,2013-09-25,54,97,4,44,6,1,18,1,3,1,4,5,0,0,0,0,0,0,0,39,170,277,1,9,17.0,0,1,3,15167.666666666666,0,💤 Low Engagers,4,1,0.02520879945701771,❄️ Cold Lead
4246,1982,Master,Single,6560.0,0,0,2013-12-12,2,67,11,26,4,3,262,0,1,0,1,17,0,0,0,0,0,0,0,32,373,199,0,2,124.33333333333333,0,0,1,6560.0,0,💤 Low Engagers,3,2,0.06922858492346635,❄️ Cold Lead
158,1945,PhD,Together,71604.0,0,0,2013-11-17,3,345,53,528,98,75,97,1,8,3,5,4,1,0,0,0,0,0,1,69,1196,224,0,17,66.44444444444444,1,0,2,35802.0,1,🌟 High-Value Loyalists,4,3,0.8618186789573618,🔥 Hot Lead
4832,1979,Graduation,Married,27244.0,1,0,2014-03-07,84,6,5,17,3,24,46,2,2,2,2,7,0,0,0,0,0,0,0,35,101,114,1,8,11.222222222222221,0,1,3,9081.333333333334,0,💤 Low Engagers,2,1,0.07640928339506542,❄️ Cold Lead
5621,1969,Graduation,Married,48752.0,1,1,2012-12-12,8,73,57,100,71,15,0,5,6,1,5,9,0,0,0,0,0,0,1,45,316,564,2,17,17.555555555555557,0,1,4,12188.0,2,👨‍👩‍👧 Active Parent Shoppers,2,1,0.7571993285419041,🔥 Hot Lead
1945,1962,Graduation,Married,71434.0,0,1,2013-09-18,4,711,36,217,172,96,168,3,7,4,7,4,0,1,0,1,0,0,0,52,1400,284,1,21,63.63636363636363,2,1,3,23811.333333333332,3,🏆 Champions,2,1,0.39652804215828164,❄️ Cold Lead
5147,1948,Graduation,Single,90842.0,0,0,2013-07-29,57,774,70,118,182,187,93,1,4,9,13,1,0,0,0,0,0,0,0,66,1424,335,0,27,50.857142857142854,0,0,1,90842.0,1,🌟 High-Value Loyalists,2,2,0.12053200202569435,❄️ Cold Lead
2535,1978,Master,Married,88097.0,1,0,2012-08-18,24,163,0,480,0,126,75,1,6,5,8,9,0,1,1,1,0,0,1,36,844,680,1,20,40.19047619047619,3,1,3,29365.666666666668,3,🏆 Champions,3,1,0.8789315309478698,🔥 Hot Lead
11039,1975,Graduation,Married,51948.0,0,1,2013-09-17,51,82,33,54,71,30,41,2,5,2,4,5,0,0,0,0,0,0,0,39,311,285,1,13,22.214285714285715,0,1,3,17316.0,0,💤 Low Engagers,2,1,0.008602209221788018,❄️ Cold Lead
9495,1982,Graduation,Together,71853.0,0,0,2013-05-08,29,358,108,413,141,97,32,1,2,8,6,1,0,0,0,0,0,0,0,32,1149,417,0,17,63.833333333333336,0,0,2,35926.5,1,🌟 High-Value Loyalists,2,3,0.029424346271255463,❄️ Cold Lead
9635,1983,Master,Married,35876.0,0,0,2014-04-20,13,66,2,40,4,3,14,1,3,1,3,6,0,0,0,0,0,0,0,31,129,70,0,8,14.333333333333334,0,0,2,17938.0,0,💤 Low Engagers,3,1,0.2379223105660321,❄️ Cold Lead
2173,1952,Graduation,Widow,40049.0,0,1,2013-10-16,23,13,6,7,0,3,3,1,1,0,3,6,0,0,0,0,0,0,0,62,32,256,1,5,5.333333333333333,0,1,2,20024.5,0,💤 Low Engagers,2,4,0.020604483342322025,❄️ Cold Lead
942,1982,Graduation,Single,39660.0,1,0,2012-08-08,36,139,13,78,20,13,36,3,7,1,3,9,0,0,0,0,0,0,1,32,299,690,1,14,19.933333333333334,0,1,2,19830.0,0,💤 Low Engagers,2,2,0.7581238894993646,🔥 Hot Lead
9386,1962,Graduation,Together,50127.0,0,1,2014-05-29,88,274,0,21,4,6,15,1,5,1,6,6,0,1,0,0,0,0,0,52,320,31,1,13,22.857142857142858,1,1,3,16709.0,0,💤 Low Engagers,2,3,0.03321415026031393,❄️ Cold Lead
5510,1977,Master,Married,43263.0,0,1,2012-11-21,2,262,6,61,0,10,102,3,5,2,6,5,0,0,0,0,0,0,0,37,441,585,1,16,25.941176470588236,0,1,3,14421.0,2,👨‍👩‍👧 Active Parent Shoppers,3,1,0.23797748736792543,❄️ Cold Lead
873,1949,Master,Married,62845.0,1,1,2012-10-01,3,1099,0,45,0,0,34,11,3,4,10,8,0,1,0,0,0,0,1,65,1178,636,2,28,40.62068965517241,1,1,4,15711.25,2,👨‍👩‍👧 Active Parent Shoppers,3,1,0.6484532907659163,🌤 Warm Lead
2253,1990,Graduation,Married,18929.0,0,0,2013-02-16,15,32,0,8,23,4,18,1,1,0,4,6,0,0,0,0,0,0,0,24,85,498,0,6,12.142857142857142,0,0,2,9464.5,0,💤 Low Engagers,2,1,0.1302229434118294,❄️ Cold Lead
5181,1982,Basic,Single,24367.0,1,0,2013-03-20,58,2,4,2,0,11,5,1,1,0,2,9,0,0,0,0,0,0,0,32,24,466,1,4,4.8,0,1,2,12183.5,0,💤 Low Engagers,0,2,0.022433819774427183,❄️ Cold Lead
979,1975,Graduation,Single,33249.0,1,0,2013-02-20,11,6,10,21,19,14,42,2,2,1,3,6,0,0,0,0,0,0,0,39,112,494,1,8,12.444444444444445,0,1,2,16624.5,0,💤 Low Engagers,2,2,0.3633703805884692,❄️ Cold Lead
10390,1959,Diploma,Married,26887.0,0,1,2013-02-10,27,6,7,4,3,4,6,1,1,0,3,6,0,0,0,0,0,0,0,55,30,504,1,5,5.0,0,1,3,8962.333333333334,0,💤 Low Engagers,1,1,0.03124411984836598,❄️ Cold Lead
4698,1983,PhD,Married,50150.0,0,0,2013-06-20,32,135,46,92,65,61,11,2,5,2,7,5,0,0,0,0,0,0,0,31,410,374,0,16,24.11764705882353,0,0,2,25075.0,0,💤 Low Engagers,4,1,0.027426082071853975,❄️ Cold Lead
7793,1976,Graduation,Together,62061.0,0,1,2013-08-31,12,641,7,84,0,30,38,3,10,4,7,6,0,1,0,0,0,0,0,38,800,302,1,24,32.0,1,1,3,20687.0,2,👨‍👩‍👧 Active Parent Shoppers,2,3,0.5051361718657654,🌤 Warm Lead
1745,1962,PhD,Divorced,85696.0,0,0,2013-05-03,88,714,76,395,116,0,12,1,4,6,9,1,0,0,0,0,0,0,1,52,1313,422,0,20,62.523809523809526,0,0,1,85696.0,1,🌟 High-Value Loyalists,4,0,0.8644377726795096,🔥 Hot Lead
10590,1956,PhD,Together,76542.0,0,0,2013-03-30,91,794,73,573,0,29,14,1,4,8,10,2,0,0,0,0,0,0,0,58,1483,456,0,23,61.791666666666664,0,0,2,38271.0,1,🌟 High-Value Loyalists,4,3,0.08001533091398916,❄️ Cold Lead
5080,1993,Graduation,Single,70515.0,0,0,2013-10-21,12,420,0,452,182,64,140,1,6,6,4,2,0,0,0,0,0,0,1,21,1258,251,0,17,69.88888888888889,0,0,1,70515.0,1,🌟 High-Value Loyalists,2,2,0.42676346746093347,🌤 Warm Lead
8369,1987,Graduation,Together,18227.0,1,0,2012-11-08,21,1,2,7,4,3,11,1,0,1,2,8,0,0,0,0,0,0,0,27,28,598,1,4,5.6,0,1,3,6075.666666666667,0,💤 Low Engagers,2,3,0.25801182421647534,❄️ Cold Lead
5232,1965,Graduation,Married,69139.0,0,1,2014-01-27,23,86,12,75,33,15,6,1,4,1,5,4,0,0,0,0,0,0,0,49,227,153,1,11,18.916666666666668,0,1,3,23046.333333333332,0,💤 Low Engagers,2,1,0.022989556797301983,❄️ Cold Lead
2407,1982,Graduation,Married,69109.0,0,0,2012-11-09,10,823,25,459,124,29,95,1,6,6,7,4,0,0,1,0,0,0,1,32,1555,597,0,20,74.04761904761905,1,0,2,34554.5,1,🌟 High-Value Loyalists,2,1,0.9170906806547693,🔥 Hot Lead
3834,1962,Graduation,Single,69627.0,0,1,2013-03-17,35,231,161,215,171,30,53,2,8,2,11,5,0,0,0,0,0,0,0,52,861,469,1,23,35.875,0,1,2,34813.5,2,👨‍👩‍👧 Active Parent Shoppers,2,2,0.02384289380115348,❄️ Cold Lead
7912,1978,Graduation,Married,38136.0,1,0,2013-04-22,69,8,15,27,0,20,33,2,3,1,2,8,1,0,0,0,0,0,0,36,103,433,1,8,11.444444444444445,1,1,3,12712.0,0,💤 Low Engagers,2,1,0.2850846898817765,❄️ Cold Lead
7712,1946,PhD,Single,62159.0,0,0,2014-04-28,68,182,17,259,77,70,29,1,6,2,10,4,0,0,0,0,0,0,0,68,634,62,0,19,31.7,0,0,1,62159.0,1,🌟 High-Value Loyalists,4,2,0.050610884280930996,❄️ Cold Lead
1065,1963,Graduation,Single,80695.0,0,0,2013-12-29,85,557,129,984,193,37,18,1,5,8,5,2,0,0,0,0,0,0,0,51,1918,182,0,19,95.9,0,0,1,80695.0,1,🌟 High-Value Loyalists,2,2,0.18769503598028003,❄️ Cold Lead
7275,1971,Master,Single,33316.0,1,1,2013-10-04,34,79,1,31,4,4,12,3,2,1,4,6,0,0,0,0,0,0,0,43,131,268,2,10,11.909090909090908,0,1,3,11105.333333333334,0,💤 Low Engagers,3,2,0.11716103141162311,❄️ Cold Lead
1343,1968,Graduation,Together,58554.0,1,1,2012-09-26,55,368,24,68,38,0,88,6,8,2,6,7,0,0,0,0,0,0,0,46,586,641,2,22,25.47826086956522,0,1,4,14638.5,2,👨‍👩‍👧 Active Parent Shoppers,2,3,0.20952608815153537,❄️ Cold Lead
1384,1992,Basic,Married,17256.0,1,0,2013-11-23,10,6,4,14,8,8,22,2,2,1,2,8,1,0,0,0,0,0,0,22,62,218,1,7,7.75,1,1,3,5752.0,0,💤 Low Engagers,0,1,0.6633893197041846,🌤 Warm Lead
9967,1974,Graduation,Divorced,53034.0,1,1,2013-05-30,30,160,15,196,15,11,50,8,6,1,7,8,0,0,0,0,0,0,0,40,447,395,2,22,19.434782608695652,0,1,3,17678.0,2,👨‍👩‍👧 Active Parent Shoppers,2,0,0.11395255179253738,❄️ Cold Lead
6181,1950,Diploma,Together,52203.0,0,0,2012-07-31,36,488,21,238,56,108,28,1,8,7,11,6,0,0,0,0,0,0,0,64,939,698,0,27,33.535714285714285,0,0,2,26101.5,2,👨‍👩‍👧 Active Parent Shoppers,1,3,0.12240498885446519,❄️ Cold Lead
10507,1977,Diploma,Divorced,59601.0,0,1,2013-07-25,14,691,7,69,0,7,23,4,2,2,7,8,0,1,0,0,0,0,0,37,797,339,1,15,49.8125,1,1,2,29800.5,2,👨‍👩‍👧 Active Parent Shoppers,1,0,0.3502688212802477,❄️ Cold Lead
2674,1958,Master,Single,75154.0,0,1,2012-09-04,79,543,10,205,160,143,82,1,6,3,6,3,0,0,0,0,0,0,1,56,1143,663,1,16,67.23529411764706,0,1,2,37577.0,2,👨‍👩‍👧 Active Parent Shoppers,3,2,0.5857770315558908,🌤 Warm Lead
2698,1976,Graduation,Single,47025.0,0,1,2013-11-07,52,254,7,108,20,0,26,3,6,3,5,6,0,0,0,0,0,0,0,38,415,234,1,17,23.055555555555557,0,1,2,23512.5,0,💤 Low Engagers,2,2,0.021327158790884506,❄️ Cold Lead
3231,1973,Graduation,Married,37971.0,1,0,2013-11-25,97,5,4,10,2,2,7,1,1,0,3,8,0,0,0,0,0,0,0,41,30,216,1,5,5.0,0,1,3,12657.0,0,💤 Low Engagers,2,1,0.0041717446651318305,❄️ Cold Lead
4096,1968,Master,Divorced,41335.0,1,0,2013-12-26,24,112,19,21,16,14,5,3,4,1,4,7,0,0,0,0,0,0,0,46,187,185,1,12,14.384615384615385,0,1,2,20667.5,0,💤 Low Engagers,3,0,0.10924909658683632,❄️ Cold Lead
10476,1958,Graduation,Married,67267.0,0,1,2014-05-13,0,134,11,59,15,2,30,1,3,2,5,2,0,0,0,0,0,0,0,56,251,47,1,11,20.916666666666668,0,1,3,22422.333333333332,2,👨‍👩‍👧 Active Parent Shoppers,2,1,0.06104190529517006,❄️ Cold Lead
5948,1975,Graduation,Single,57338.0,0,1,2014-04-29,96,143,6,52,11,8,17,2,4,1,5,5,0,0,0,0,0,0,0,39,237,61,1,12,18.23076923076923,0,1,2,28669.0,0,💤 Low Engagers,2,2,0.007979783693977349,❄️ Cold Lead
9140,1960,Diploma,Together,50523.0,1,1,2013-12-25,89,51,4,24,4,7,1,2,2,0,4,6,0,0,0,0,0,0,0,54,91,186,2,8,10.11111111111111,0,1,4,12630.75,0,💤 Low Engagers,1,3,0.00867247039961822,❄️ Cold Lead
10258,1965,Master,Single,35791.0,2,1,2013-05-06,94,27,0,5,0,0,3,2,1,0,3,8,0,0,0,0,0,0,0,49,35,419,3,6,5.0,0,1,4,8947.75,0,💤 Low Engagers,3,2,0.019197952619933612,❄️ Cold Lead
5675,1960,PhD,Divorced,50611.0,0,1,2012-10-04,98,459,0,24,6,0,4,6,4,5,7,6,0,1,0,0,0,0,0,54,493,633,1,22,21.434782608695652,1,1,2,25305.5,2,👨‍👩‍👧 Active Parent Shoppers,4,0,0.1643957544983194,❄️ Cold Lead
4743,1969,PhD,Married,56242.0,0,1,2013-03-03,72,689,8,167,11,8,88,5,8,4,11,6,0,0,0,0,0,0,0,45,971,483,1,28,33.48275862068966,0,1,3,18747.333333333332,2,👨‍👩‍👧 Active Parent Shoppers,4,1,0.0924683136857699,❄️ Cold Lead
8805,1960,Graduation,Single,48904.0,0,1,2012-12-02,1,283,10,38,0,13,27,4,7,2,4,8,0,0,0,0,0,0,0,54,371,574,1,17,20.61111111111111,0,1,2,24452.0,2,👨‍👩‍👧 Active Parent Shoppers,2,2,0.3150050473874461,❄️ Cold Lead
1542,1975,Graduation,Single,56243.0,1,2,2013-12-30,26,347,0,35,4,3,7,6,4,2,8,5,0,0,0,0,0,0,0,39,396,181,3,20,18.857142857142858,0,1,4,14060.75,2,👨‍👩‍👧 Active Parent Shoppers,2,2,0.05721325467512818,❄️ Cold Lead
6770,1985,Graduation,Married,21355.0,1,0,2013-08-20,5,5,13,14,0,5,31,2,2,1,2,6,1,0,0,0,0,0,1,29,68,313,1,7,8.5,1,1,3,7118.333333333333,0,💤 Low Engagers,2,1,0.9127823635991025,🔥 Hot Lead
8773,1971,Master,Together,57420.0,0,1,2013-06-25,22,280,0,18,0,0,24,3,5,1,6,7,0,1,0,0,0,0,0,43,322,369,1,15,20.125,1,1,3,19140.0,2,👨‍👩‍👧 Active Parent Shoppers,3,3,0.3411980021811729,❄️ Cold Lead
10475,1970,Master,Together,51381.5,0,1,2013-04-01,39,187,5,65,26,20,14,2,4,2,6,5,0,0,0,0,0,0,0,44,317,454,1,14,21.133333333333333,0,1,3,17127.166666666668,2,👨‍👩‍👧 Active Parent Shoppers,3,3,0.0570990440691499,❄️ Cold Lead
10420,1955,Master,Divorced,46390.0,0,1,2014-05-05,56,95,14,64,2,9,38,1,4,2,3,7,0,0,0,0,0,0,0,59,222,55,1,10,20.181818181818183,0,1,2,23195.0,0,💤 Low Engagers,3,0,0.03402347376905154,❄️ Cold Lead
7514,1956,Diploma,Together,54342.0,1,1,2013-07-03,74,84,10,34,11,10,28,4,3,1,4,6,0,0,0,0,0,0,0,58,177,361,2,12,13.615384615384615,0,1,4,13585.5,0,💤 Low Engagers,1,3,0.0536493925814233,❄️ Cold Lead
2902,1958,Graduation,Together,51381.5,1,1,2012-09-03,87,19,4,12,2,2,6,1,1,0,3,5,0,0,0,0,0,0,0,56,45,664,2,5,7.5,0,1,4,12845.375,0,💤 Low Engagers,2,3,0.06273352491750045,❄️ Cold Lead
4345,1964,Diploma,Single,51381.5,1,1,2014-01-12,49,5,1,9,2,0,4,1,1,0,2,7,0,0,0,0,0,0,0,50,21,168,2,4,4.2,0,1,3,17127.166666666668,0,💤 Low Engagers,1,2,0.0028000042487053983,❄️ Cold Lead
793,1973,Graduation,Married,20895.0,1,0,2012-10-06,24,18,3,17,3,0,4,1,2,0,3,9,0,0,0,0,0,0,0,41,45,631,1,6,6.428571428571429,0,1,3,6965.0,0,💤 Low Engagers,2,1,0.255432398628437,❄️ Cold Lead
10909,1948,Graduation,Married,92344.0,0,0,2014-01-15,9,992,24,694,51,19,119,0,5,10,5,1,1,0,1,0,0,0,0,66,1899,165,0,20,90.42857142857143,2,0,2,46172.0,3,🏆 Champions,2,1,0.5251702414069865,🌤 Warm Lead
3769,1972,PhD,Together,51381.5,1,0,2014-03-02,17,25,1,13,0,0,3,1,1,0,3,7,0,0,0,0,0,0,0,42,42,119,1,5,7.0,0,1,3,17127.166666666668,0,💤 Low Engagers,4,3,0.013228480928676251,❄️ Cold Lead
8702,1976,Diploma,Together,26907.0,1,1,2013-08-20,10,9,1,7,0,3,2,2,1,0,3,7,0,0,0,0,0,0,0,38,22,313,2,6,3.142857142857143,0,1,4,6726.75,0,💤 Low Engagers,1,3,0.029523796618769856,❄️ Cold Lead
4791,1980,Graduation,Together,44964.0,1,1,2012-12-16,35,19,1,17,2,0,2,1,1,0,3,8,0,0,0,0,0,0,0,34,41,560,2,5,6.833333333333333,0,1,4,11241.0,0,💤 Low Engagers,2,3,0.031219800683059438,❄️ Cold Lead
2963,1979,Graduation,Together,75507.0,0,0,2014-05-02,56,709,93,374,104,80,80,1,8,6,6,3,0,0,0,0,0,0,0,35,1440,58,0,21,65.45454545454545,0,0,2,37753.5,1,🌟 High-Value Loyalists,2,3,0.019861504596546325,❄️ Cold Lead
8216,1972,Master,Married,53761.0,1,1,2013-10-11,7,158,0,76,13,7,71,6,4,4,3,5,0,0,0,0,0,0,0,42,325,261,2,17,18.055555555555557,0,1,4,13440.25,2,👨‍👩‍👧 Active Parent Shoppers,3,1,0.16873880163054433,❄️ Cold Lead
8140,1973,Graduation,Together,22682.0,1,0,2013-10-03,51,10,14,29,4,2,36,3,2,1,4,4,0,0,0,0,0,0,0,41,95,269,1,10,8.636363636363637,0,1,3,7560.666666666667,0,💤 Low Engagers,2,3,0.021582312826947114,❄️ Cold Lead
10146,1972,PhD,Together,38887.0,1,0,2014-03-02,17,25,1,13,0,0,3,1,1,0,3,7,0,0,0,0,0,0,0,42,42,119,1,5,7.0,0,1,3,12962.333333333334,0,💤 Low Engagers,4,3,0.02305611362709165,❄️ Cold Lead
5289,1975,Diploma,Single,41658.0,1,1,2012-11-09,30,8,4,12,15,4,29,2,1,1,2,4,0,0,0,0,0,0,0,39,72,597,2,6,10.285714285714286,0,1,3,13886.0,0,💤 Low Engagers,1,2,0.22294955159526172,❄️ Cold Lead
2587,1972,PhD,Married,29791.0,1,0,2014-05-15,21,14,0,6,0,0,0,2,2,0,3,5,0,0,0,0,0,0,0,42,20,45,1,7,2.5,0,1,3,9930.333333333334,0,💤 Low Engagers,4,1,0.019504983650900302,❄️ Cold Lead
4405,1956,Master,Married,63915.0,0,2,2013-07-30,2,622,7,115,30,0,15,2,6,3,12,5,0,0,0,0,0,0,0,58,789,334,2,23,32.875,0,1,4,15978.75,2,👨‍👩‍👧 Active Parent Shoppers,3,1,0.13885049084593665,❄️ Cold Lead
8663,1974,Graduation,Divorced,39996.0,1,1,2014-05-22,85,11,0,3,0,0,1,1,1,0,2,6,0,0,0,0,0,0,0,40,15,38,2,4,3.0,0,1,3,13332.0,0,💤 Low Engagers,2,0,0.020757144015843703,❄️ Cold Lead
2589,1972,Graduation,Divorced,26759.0,1,0,2014-02-07,65,25,3,16,8,5,2,2,2,1,3,6,0,0,0,0,0,0,0,42,59,142,1,8,6.555555555555555,0,1,2,13379.5,0,💤 Low Engagers,2,0,0.01911996995811326,❄️ Cold Lead
3421,1968,Master,Divorced,63841.0,0,1,2013-04-21,64,635,15,100,20,7,131,1,9,3,9,6,0,0,0,0,0,0,0,46,908,434,1,22,39.47826086956522,0,1,2,31920.5,2,👨‍👩‍👧 Active Parent Shoppers,3,0,0.01905967275263707,❄️ Cold Lead
10490,1969,PhD,Married,51039.0,1,1,2012-12-10,11,100,64,79,65,0,109,2,6,2,4,7,0,0,0,0,0,0,0,45,417,566,2,14,27.8,0,1,4,12759.75,2,👨‍👩‍👧 Active Parent Shoppers,4,1,0.2834198892492269,❄️ Cold Lead
4094,1961,Graduation,Married,60544.0,1,1,2012-08-25,92,201,2,43,3,5,35,4,5,1,5,6,0,0,0,0,0,0,0,53,289,673,2,15,18.0625,0,1,4,15136.0,2,👨‍👩‍👧 Active Parent Shoppers,2,1,0.12892973519519735,❄️ Cold Lead
9958,1972,Graduation,Married,65685.0,0,1,2014-03-29,54,642,14,49,0,7,57,1,9,2,9,5,0,0,0,0,0,0,0,42,769,92,1,21,34.95454545454545,0,1,3,21895.0,2,👨‍👩‍👧 Active Parent Shoppers,2,1,0.0029886784469756304,❄️ Cold Lead
2534,1953,Graduation,Married,37716.0,0,1,2014-04-21,4,97,1,41,6,2,41,2,4,1,3,7,0,0,0,0,0,0,0,61,188,69,1,10,17.09090909090909,0,1,3,12572.0,0,💤 Low Engagers,2,1,0.23174857858706374,❄️ Cold Lead
4188,1957,Graduation,Single,36864.0,0,1,2012-08-13,53,204,5,39,17,0,89,3,5,2,4,8,0,0,0,0,0,0,1,57,354,685,1,14,23.6,0,1,2,18432.0,2,👨‍👩‍👧 Active Parent Shoppers,2,2,0.6691544392079111,🌤 Warm Lead
6613,1970,Master,Married,44511.0,1,0,2012-10-12,39,513,7,133,46,14,14,6,8,4,8,8,0,0,0,0,0,0,0,44,727,625,1,26,26.925925925925927,0,1,3,14837.0,2,👨‍👩‍👧 Active Parent Shoppers,3,1,0.2417827073123499,❄️ Cold Lead
10827,1967,PhD,Married,36947.0,1,1,2012-08-07,49,88,3,21,4,1,29,4,3,0,4,9,0,0,0,0,0,0,0,47,146,691,2,11,12.166666666666666,0,1,4,9236.75,0,💤 Low Engagers,4,1,0.30537209018741973,❄️ Cold Lead
5491,1951,Master,Together,47352.0,0,1,2013-04-11,70,172,12,112,8,0,15,4,6,1,5,7,0,0,0,0,0,0,0,63,319,444,1,16,18.764705882352942,0,1,3,15784.0,2,👨‍👩‍👧 Active Parent Shoppers,3,3,0.05190836844498507,❄️ Cold Lead
8402,1953,Master,Married,67087.0,0,1,2013-12-17,40,329,35,222,130,35,43,2,7,5,8,4,0,0,0,0,0,0,0,61,794,194,1,22,34.52173913043478,0,1,3,22362.333333333332,2,👨‍👩‍👧 Active Parent Shoppers,3,1,0.011826523627836689,❄️ Cold Lead
8783,1950,Graduation,Married,57045.0,0,1,2012-09-08,40,296,13,104,11,13,17,3,4,2,9,3,0,0,0,0,0,0,0,64,454,659,1,18,23.894736842105264,0,1,3,19015.0,2,👨‍👩‍👧 Active Parent Shoppers,2,1,0.12000216772737535,❄️ Cold Lead
10010,1953,PhD,Divorced,36957.0,1,1,2012-09-06,43,100,2,16,2,1,31,4,3,2,2,9,0,0,0,0,0,0,1,61,152,661,2,11,12.666666666666666,0,1,3,12319.0,0,💤 Low Engagers,4,0,0.7666552700192248,🔥 Hot Lead
618,1977,PhD,Married,69389.0,0,1,2012-09-28,17,422,7,238,69,46,15,1,7,2,12,4,0,0,0,0,0,0,0,37,797,639,1,22,34.65217391304348,0,1,3,23129.666666666668,2,👨‍👩‍👧 Active Parent Shoppers,4,1,0.15510931776703576,❄️ Cold Lead
9121,1972,Graduation,Married,80134.0,1,0,2013-05-20,40,1218,16,272,104,0,80,2,5,3,6,6,0,1,1,1,0,0,1,42,1690,405,1,16,99.41176470588235,3,1,3,26711.333333333332,3,🏆 Champions,2,1,0.9495215704992712,🔥 Hot Lead
361,1969,Master,Married,43142.0,1,1,2014-02-18,84,5,1,7,2,1,4,1,1,0,2,7,0,0,0,0,0,0,0,45,20,131,2,4,4.0,0,1,4,10785.5,0,💤 Low Engagers,3,1,0.009417832865268734,❄️ Cold Lead
4310,1944,Graduation,Married,80589.0,0,0,2014-01-22,25,507,93,520,242,40,26,1,5,10,5,1,0,0,0,1,0,0,1,70,1428,158,0,21,64.9090909090909,1,0,2,40294.5,1,🌟 High-Value Loyalists,2,1,0.7362650411959684,🔥 Hot Lead
2678,1990,Graduation,Single,34412.0,1,0,2013-02-13,62,52,12,50,4,36,55,3,5,0,3,9,0,0,0,0,0,0,0,24,209,501,1,11,17.416666666666668,0,1,2,17206.0,0,💤 Low Engagers,2,2,0.11679722648472327,❄️ Cold Lead
6376,1979,Graduation,Single,57537.0,1,0,2013-06-10,83,191,56,139,51,8,100,4,4,3,8,4,0,0,0,0,0,0,0,35,545,384,1,19,27.25,0,1,2,28768.5,2,👨‍👩‍👧 Active Parent Shoppers,2,2,0.010175468077513447,❄️ Cold Lead
524,1966,Basic,Together,22634.0,0,0,2013-01-16,47,2,23,11,8,6,46,1,2,1,2,8,0,0,0,0,0,0,0,48,96,529,0,6,13.714285714285714,0,0,2,11317.0,0,💤 Low Engagers,0,3,0.1020493595937804,❄️ Cold Lead
10341,1948,Graduation,Together,51315.0,0,0,2014-02-23,45,68,28,39,16,30,41,1,2,2,5,2,0,0,0,0,0,0,0,66,222,126,0,10,20.181818181818183,0,0,2,25657.5,1,🌟 High-Value Loyalists,2,3,0.0030604752074178364,❄️ Cold Lead
5654,1972,Graduation,Married,36026.0,2,1,2014-03-16,34,20,4,10,6,4,17,2,2,0,3,6,0,0,0,0,0,0,0,42,61,105,3,7,7.625,0,1,5,7205.2,0,💤 Low Engagers,2,1,0.023535261679371252,❄️ Cold Lead
4098,1973,Graduation,Married,24639.0,1,1,2014-01-28,3,20,3,16,0,4,1,3,2,0,4,6,0,0,0,0,0,0,0,41,44,152,2,9,4.4,0,1,4,6159.75,0,💤 Low Engagers,2,1,0.04339053648387674,❄️ Cold Lead
5824,1972,PhD,Together,34578.0,2,1,2014-04-11,1,7,0,1,0,0,0,1,1,0,2,6,0,0,0,0,0,0,0,42,8,79,3,4,1.6,0,1,5,6915.6,0,💤 Low Engagers,4,3,0.05630344569314483,❄️ Cold Lead
7000,1972,Diploma,Single,65704.0,0,0,2013-10-13,18,279,172,74,38,8,246,1,2,10,10,1,0,0,0,0,0,0,0,42,817,259,0,23,34.041666666666664,0,0,1,65704.0,1,🌟 High-Value Loyalists,1,2,0.054790185918641196,❄️ Cold Lead
2561,1966,Graduation,Single,63810.0,0,1,2012-11-11,45,977,12,253,16,12,101,4,4,3,12,8,0,1,0,0,0,0,0,48,1371,595,1,23,57.125,1,1,2,31905.0,2,👨‍👩‍👧 Active Parent Shoppers,2,2,0.07744034629805431,❄️ Cold Lead
5229,1969,PhD,Together,54132.0,0,1,2014-02-16,81,30,1,8,0,0,3,1,1,0,3,7,0,0,0,0,0,0,0,45,42,133,1,5,7.0,0,1,3,18044.0,0,💤 Low Engagers,4,3,0.0020357129509119497,❄️ Cold Lead
4086,1959,Graduation,Married,18690.0,0,0,2012-12-28,77,6,1,7,23,4,19,1,1,1,2,8,0,0,0,0,0,0,0,55,60,548,0,5,10.0,0,0,2,9345.0,0,💤 Low Engagers,2,1,0.07096027124427146,❄️ Cold Lead
2428,1970,Graduation,Married,28164.0,1,0,2013-05-04,23,3,18,26,11,8,12,3,2,0,4,7,0,0,0,0,0,0,0,44,78,421,1,9,7.8,0,1,3,9388.0,0,💤 Low Engagers,2,1,0.06400570927188001,❄️ Cold Lead
8254,1974,PhD,Married,34596.0,1,0,2013-04-13,48,14,0,2,0,0,7,1,1,0,2,8,0,0,0,0,0,0,0,40,23,442,1,4,4.6,0,1,3,11532.0,0,💤 Low Engagers,4,1,0.027694642944298332,❄️ Cold Lead
2836,1972,PhD,Married,43269.0,1,0,2013-09-16,61,10,1,7,0,0,1,1,1,0,2,8,0,0,0,0,0,0,0,42,19,286,1,4,3.8,0,1,3,14423.0,0,💤 Low Engagers,4,1,0.007490783040098004,❄️ Cold Lead
8418,1958,Diploma,Single,38741.0,1,1,2014-03-30,60,7,10,17,8,6,13,2,2,0,3,7,0,0,0,0,0,0,0,56,61,91,2,7,7.625,0,1,3,12913.666666666666,0,💤 Low Engagers,1,2,0.008864916111360697,❄️ Cold Lead
1362,1972,Graduation,Single,31907.0,0,0,2013-03-04,75,33,87,64,175,16,74,1,6,1,6,7,0,0,0,0,0,0,0,42,449,482,0,14,29.933333333333334,0,0,1,31907.0,0,💤 Low Engagers,2,2,0.17512467362414202,❄️ Cold Lead
7152,1983,Master,Married,27100.0,1,0,2013-04-05,64,12,0,13,2,0,10,1,1,0,3,7,0,0,0,0,0,0,0,31,37,450,1,5,6.166666666666667,0,1,3,9033.333333333334,0,💤 Low Engagers,3,1,0.024728503589979606,❄️ Cold Lead
10033,1973,Diploma,Divorced,31163.0,1,0,2014-02-13,54,2,3,10,11,2,10,1,1,0,3,6,0,0,0,0,0,0,0,41,38,136,1,5,6.333333333333333,0,1,2,15581.5,0,💤 Low Engagers,1,0,0.0033887236201264478,❄️ Cold Lead
9349,1985,Graduation,Married,92533.0,0,0,2013-12-19,84,693,21,118,110,147,42,1,6,5,11,2,0,0,1,1,0,0,0,29,1131,192,0,23,47.125,2,0,2,46266.5,3,🏆 Champions,2,1,0.13415901303087438,❄️ Cold Lead
274,1973,Graduation,Single,34853.0,1,1,2013-12-23,75,9,3,15,2,3,2,2,2,0,3,6,0,0,0,0,0,0,0,41,34,188,2,7,4.25,0,1,3,11617.666666666666,0,💤 Low Engagers,2,2,0.004339450406746888,❄️ Cold Lead
3388,1967,Graduation,Divorced,70844.0,1,1,2013-10-30,16,129,26,67,3,67,2,5,6,1,5,7,0,0,0,0,0,0,0,47,294,242,2,17,16.333333333333332,0,1,3,23614.666666666668,2,👨‍👩‍👧 Active Parent Shoppers,2,0,0.10888327550844557,❄️ Cold Lead
922,1979,Diploma,Married,31086.0,1,1,2013-05-04,79,16,2,11,3,0,16,2,1,1,2,8,1,0,0,0,0,0,0,35,48,421,2,6,6.857142857142857,1,1,4,7771.5,0,💤 Low Engagers,1,1,0.1309125515640646,❄️ Cold Lead
8588,1961,Graduation,Married,60544.0,1,1,2012-08-25,92,201,2,43,3,5,35,4,5,1,5,6,0,0,0,0,0,0,0,53,289,673,2,15,18.0625,0,1,4,15136.0,2,👨‍👩‍👧 Active Parent Shoppers,2,1,0.12892973519519735,❄️ Cold Lead
2518,1986,Diploma,Together,20491.0,0,0,2013-01-25,16,5,4,5,4,2,10,1,0,1,2,7,0,0,0,0,0,0,0,28,30,520,0,4,6.0,0,0,2,10245.5,0,💤 Low Engagers,1,3,0.1483095114398593,❄️ Cold Lead
574,1964,Graduation,Married,42523.0,0,0,2014-04-23,96,14,36,11,3,26,35,1,1,1,4,2,0,0,0,0,0,0,0,50,125,67,0,7,15.625,0,0,2,21261.5,0,💤 Low Engagers,2,1,0.009376627234438589,❄️ Cold Lead
3220,1983,Graduation,Married,39922.0,1,0,2013-02-14,30,29,12,59,19,1,36,2,3,0,4,8,0,0,0,0,0,0,0,31,156,500,1,9,15.6,0,1,3,13307.333333333334,0,💤 Low Engagers,2,1,0.12043103641996776,❄️ Cold Lead
5967,1952,Graduation,Together,33402.0,1,1,2013-07-18,60,26,2,19,10,5,8,3,2,1,3,8,0,0,0,0,0,0,0,62,70,346,2,9,7.0,0,1,4,8350.5,0,💤 Low Engagers,2,3,0.0534510601855708,❄️ Cold Lead
1183,1949,Master,Married,36408.0,1,1,2013-09-21,11,9,1,4,3,2,3,1,1,0,2,6,0,0,0,0,0,0,0,65,22,281,2,4,4.4,0,1,4,9102.0,0,💤 Low Engagers,3,1,0.04590060596862371,❄️ Cold Lead
6856,1979,Graduation,Together,21645.0,1,0,2012-09-03,75,14,0,23,4,5,19,3,3,0,3,9,0,0,0,0,0,0,1,35,65,664,1,9,6.5,0,1,3,7215.0,0,💤 Low Engagers,2,3,0.6712893237775106,🌤 Warm Lead
4530,1948,Master,Widow,78427.0,0,0,2012-10-24,36,972,19,595,180,26,138,3,3,7,10,3,0,0,0,1,0,0,1,66,1930,613,0,23,80.41666666666667,1,0,1,78427.0,1,🌟 High-Value Loyalists,3,4,0.7659209317674489,🔥 Hot Lead
1553,1946,Graduation,Together,82657.0,0,0,2013-09-27,71,966,168,672,246,105,126,1,7,5,10,4,0,1,0,1,0,0,0,68,2283,275,0,23,95.125,2,0,2,41328.5,3,🏆 Champions,2,3,0.2840735942186374,❄️ Cold Lead
4682,1958,Graduation,Married,51876.0,0,0,2013-10-15,88,99,27,102,28,48,6,1,2,2,8,1,0,0,0,0,0,0,0,56,310,257,0,13,22.142857142857142,0,0,2,25938.0,1,🌟 High-Value Loyalists,2,1,0.005607244452260045,❄️ Cold Lead
8204,1971,Diploma,Married,78041.0,0,0,2012-12-16,93,482,35,553,72,160,17,1,4,4,9,2,0,0,0,0,0,0,0,43,1319,560,0,18,69.42105263157895,0,0,2,39020.5,1,🌟 High-Value Loyalists,1,1,0.06808312414995199,❄️ Cold Lead
5221,1957,Graduation,Married,52852.0,0,1,2012-12-01,93,714,8,99,11,0,47,4,10,7,5,8,1,0,0,0,0,0,0,57,879,575,1,26,32.55555555555556,1,1,3,17617.333333333332,2,👨‍👩‍👧 Active Parent Shoppers,2,1,0.13283073891940522,❄️ Cold Lead
1232,1982,PhD,Together,70038.0,0,0,2013-10-25,54,587,54,348,71,54,130,1,4,4,8,2,0,0,0,0,0,0,0,32,1244,247,0,17,69.11111111111111,0,0,2,35019.0,1,🌟 High-Value Loyalists,4,3,0.03755773950149873,❄️ Cold Lead
1927,1973,Diploma,Together,69401.0,0,1,2014-03-23,41,399,27,159,58,8,39,4,4,4,5,2,0,0,0,0,0,0,0,41,690,98,1,17,38.333333333333336,0,1,3,23133.666666666668,2,👨‍👩‍👧 Active Parent Shoppers,1,3,0.0053823904529264385,❄️ Cold Lead
5788,1972,Graduation,Together,46053.0,1,0,2013-02-17,46,56,10,92,19,7,25,3,3,2,4,5,0,0,0,0,0,0,0,42,209,497,1,12,16.076923076923077,0,1,3,15351.0,0,💤 Low Engagers,2,3,0.07743780325432419,❄️ Cold Lead
6652,1965,Graduation,Married,77343.0,0,0,2014-06-09,28,227,151,573,98,54,31,1,3,4,9,1,0,0,0,0,0,0,0,49,1134,20,0,17,63.0,0,0,2,38671.5,1,🌟 High-Value Loyalists,2,1,0.026056886661936177,❄️ Cold Lead
6246,1953,Graduation,Single,73892.0,0,0,2013-11-13,40,703,102,601,0,58,43,1,3,11,8,1,0,0,0,0,0,0,1,61,1507,228,0,23,62.791666666666664,0,0,1,73892.0,1,🌟 High-Value Loyalists,2,2,0.6673490440640871,🌤 Warm Lead
5975,1967,PhD,Single,40304.0,1,0,2013-09-30,82,37,0,17,0,0,3,1,2,0,3,7,0,0,0,0,0,0,0,47,57,272,1,6,8.142857142857142,0,1,2,20152.0,0,💤 Low Engagers,4,2,0.002737113252573295,❄️ Cold Lead
6875,1965,PhD,Together,32727.0,0,0,2012-08-28,38,167,13,180,86,13,70,2,7,3,5,8,0,0,0,0,0,0,0,49,529,670,0,17,29.38888888888889,0,0,2,16363.5,2,👨‍👩‍👧 Active Parent Shoppers,4,3,0.4222795502687768,🌤 Warm Lead
4399,1969,Graduation,Together,68695.0,0,0,2014-06-25,3,458,81,356,106,50,40,1,4,4,7,2,0,0,0,0,0,0,0,45,1091,4,0,16,64.17647058823529,0,0,2,34347.5,1,🌟 High-Value Loyalists,2,3,0.06557139471554294,❄️ Cold Lead
4042,1971,Graduation,Divorced,43300.0,0,1,2012-10-13,87,91,3,52,2,1,31,3,4,0,4,8,0,0,0,0,0,0,1,43,180,624,1,11,15.0,0,1,2,21650.0,0,💤 Low Engagers,2,0,0.6245124992170251,🌤 Warm Lead
2157,1972,Graduation,Together,26290.0,1,1,2013-01-12,49,15,8,16,11,5,22,4,2,0,4,6,0,0,0,0,0,0,0,42,77,533,2,10,7.0,0,1,4,6572.5,0,💤 Low Engagers,2,3,0.14745200989082702,❄️ Cold Lead
10133,1970,Graduation,Single,93790.0,0,0,2014-02-12,16,1302,68,731,89,114,45,0,6,7,12,2,0,1,1,1,0,0,1,44,2349,137,0,25,90.34615384615384,3,0,1,93790.0,3,🏆 Champions,2,2,0.8589379557967262,🔥 Hot Lead
2525,1974,PhD,Married,38410.0,0,0,2012-09-14,65,153,64,123,116,64,14,2,5,2,9,6,0,0,0,0,0,0,1,40,534,653,0,18,28.105263157894736,0,0,2,19205.0,2,👨‍👩‍👧 Active Parent Shoppers,4,1,0.6181769265411386,🌤 Warm Lead
8233,1950,Master,Widow,64866.0,0,1,2014-01-26,9,508,5,21,7,5,10,4,7,3,7,5,0,1,0,0,0,0,0,64,556,154,1,21,25.272727272727273,1,1,2,32433.0,2,👨‍👩‍👧 Active Parent Shoppers,3,4,0.3026277378174007,❄️ Cold Lead
9483,1959,Graduation,Together,57957.0,0,1,2013-08-19,24,290,59,177,77,5,29,7,4,6,8,3,0,0,0,0,0,1,0,55,637,314,1,25,24.5,0,1,3,19319.0,2,👨‍👩‍👧 Active Parent Shoppers,2,3,0.034757158729651086,❄️ Cold Lead
2945,1955,PhD,Together,46015.0,1,1,2014-04-13,25,38,0,2,0,0,6,1,1,0,3,7,1,0,0,0,1,0,0,59,46,77,2,5,7.666666666666667,2,1,4,11503.75,0,💤 Low Engagers,4,3,0.06718724306708039,❄️ Cold Lead
10403,1978,Graduation,Together,16531.0,1,0,2014-06-18,43,2,13,6,7,5,11,3,3,0,3,7,0,0,0,0,0,0,0,36,44,11,1,9,4.4,0,1,3,5510.333333333333,0,💤 Low Engagers,2,3,0.00871234375986584,❄️ Cold Lead
5074,1986,Master,Married,28072.0,1,0,2013-07-08,10,30,0,10,2,0,5,1,1,0,3,7,0,0,0,0,0,0,0,28,47,356,1,5,7.833333333333333,0,1,3,9357.333333333334,0,💤 Low Engagers,3,1,0.03736577684882034,❄️ Cold Lead
10524,1963,Master,Divorced,49476.0,0,1,2013-06-20,29,386,23,95,54,41,196,4,2,11,5,2,0,0,0,0,0,0,0,51,795,374,1,22,34.56521739130435,0,1,2,24738.0,2,👨‍👩‍👧 Active Parent Shoppers,3,0,0.10822138433248235,❄️ Cold Lead
4690,1953,Graduation,Married,50725.0,0,1,2013-02-13,45,443,10,75,0,10,48,4,8,1,8,8,0,0,0,0,0,0,0,61,586,501,1,21,26.636363636363637,0,1,3,16908.333333333332,2,👨‍👩‍👧 Active Parent Shoppers,2,1,0.062067954082122734,❄️ Cold Lead
7521,1952,Graduation,Together,83844.0,0,0,2013-05-12,57,901,31,345,75,31,191,1,4,4,11,1,0,0,1,0,0,0,0,62,1574,413,0,20,74.95238095238095,1,0,2,41922.0,1,🌟 High-Value Loyalists,2,3,0.11706525455438492,❄️ Cold Lead
7196,1950,PhD,Married,41145.0,1,1,2014-02-08,20,9,0,3,0,0,1,1,0,0,3,3,0,0,0,0,0,0,0,64,13,141,2,4,2.6,0,1,4,10286.25,0,💤 Low Engagers,4,1,0.017784912161054947,❄️ Cold Lead
4406,1970,Graduation,Together,67419.0,0,1,2013-01-16,29,846,84,352,91,56,42,4,9,4,8,5,0,0,0,0,0,0,0,44,1471,529,1,25,56.57692307692308,0,1,3,22473.0,2,👨‍👩‍👧 Active Parent Shoppers,2,3,0.06710741899807457,❄️ Cold Lead
9672,1970,Diploma,Married,23162.0,1,1,2013-12-21,82,8,3,9,19,4,22,3,1,1,3,6,0,0,0,0,0,0,0,44,65,190,2,8,7.222222222222222,0,1,4,5790.5,0,💤 Low Engagers,1,1,0.03598826620638536,❄️ Cold Lead
4864,1977,Graduation,Married,34380.0,1,0,2013-05-02,68,72,7,58,13,1,24,4,4,1,3,8,0,0,0,0,0,0,0,37,175,423,1,12,13.461538461538462,0,1,3,11460.0,0,💤 Low Engagers,2,1,0.09293725413030703,❄️ Cold Lead
4706,1966,Graduation,Single,34704.0,0,1,2013-04-27,65,29,0,5,0,1,5,1,1,0,3,5,0,0,0,0,0,0,0,48,40,428,1,5,6.666666666666667,0,1,2,17352.0,0,💤 Low Engagers,2,2,0.013893339707281939,❄️ Cold Lead
4070,1969,PhD,Married,94871.0,0,2,2012-09-01,99,169,24,553,188,0,144,1,8,5,4,7,0,1,1,0,0,0,1,45,1078,666,2,18,56.73684210526316,2,1,4,23717.75,3,🏆 Champions,4,1,0.7601664680612596,🔥 Hot Lead
25,1958,Graduation,Married,65148.0,0,1,2012-11-16,9,460,35,422,33,12,153,2,6,6,7,4,0,0,0,0,0,0,0,56,1115,590,1,21,50.68181818181818,0,1,3,21716.0,2,👨‍👩‍👧 Active Parent Shoppers,2,1,0.17973768019501474,❄️ Cold Lead
3697,1954,Graduation,Together,39898.0,0,1,2013-02-12,20,69,8,26,12,7,12,2,3,0,4,7,0,0,0,0,0,0,0,60,134,502,1,9,13.4,0,1,3,13299.333333333334,0,💤 Low Engagers,2,3,0.11364257472233001,❄️ Cold Lead
217,1956,Master,Single,64857.0,0,0,2012-11-23,78,556,14,717,210,0,43,1,7,5,10,4,0,0,0,0,0,0,0,58,1540,583,0,23,64.16666666666667,0,0,1,64857.0,1,🌟 High-Value Loyalists,3,2,0.17962686398206645,❄️ Cold Lead
4220,1970,PhD,Married,59892.0,0,1,2013-11-02,26,73,0,13,0,1,0,1,2,1,3,3,0,0,0,0,0,0,0,44,87,239,1,7,10.875,0,1,3,19964.0,0,💤 Low Engagers,4,1,0.032476555653517834,❄️ Cold Lead
5286,1987,Master,Single,41020.0,0,0,2013-10-28,68,112,1,54,7,7,36,1,3,2,4,3,0,0,0,0,0,0,0,27,217,244,0,10,19.727272727272727,0,0,1,41020.0,0,💤 Low Engagers,3,2,0.07112927150393872,❄️ Cold Lead
9559,1961,PhD,Married,57072.0,0,1,2014-01-24,79,944,0,60,0,0,30,2,7,5,13,5,1,0,0,0,0,0,0,53,1034,156,1,27,36.92857142857143,1,1,3,19024.0,2,👨‍👩‍👧 Active Parent Shoppers,4,1,0.042562779179178396,❄️ Cold Lead
2849,1979,Graduation,Single,60474.0,0,1,2013-04-01,25,265,199,303,234,9,170,7,10,2,12,7,0,0,0,0,0,0,0,35,1180,454,1,31,36.875,0,1,2,30237.0,2,👨‍👩‍👧 Active Parent Shoppers,2,2,0.056013417293894203,❄️ Cold Lead
7787,1960,Graduation,Together,62807.0,0,1,2012-08-31,83,526,28,135,10,21,99,3,5,3,12,5,0,0,0,0,0,0,0,54,819,667,1,23,34.125,0,1,3,20935.666666666668,2,👨‍👩‍👧 Active Parent Shoppers,2,3,0.035768940966799535,❄️ Cold Lead
3102,1981,Diploma,Together,19414.0,1,0,2013-10-16,32,2,3,12,3,5,7,1,1,0,3,8,0,0,0,0,0,0,0,33,32,256,1,5,5.333333333333333,0,1,3,6471.333333333333,0,💤 Low Engagers,1,3,0.018771686998940707,❄️ Cold Lead
5868,1980,Graduation,Married,19107.0,1,0,2013-08-22,49,2,4,9,10,5,16,2,1,0,3,7,0,0,0,0,0,0,0,34,46,311,1,6,6.571428571428571,0,1,3,6369.0,0,💤 Low Engagers,2,1,0.015616614229045877,❄️ Cold Lead
8370,1976,Diploma,Together,75484.0,0,1,2012-08-02,50,378,97,259,197,194,34,2,7,3,6,4,0,0,0,0,0,0,0,38,1159,696,1,18,61.0,0,1,3,25161.333333333332,2,👨‍👩‍👧 Active Parent Shoppers,1,3,0.1261865938534469,❄️ Cold Lead
9988,1976,Master,Single,70379.0,0,1,2013-03-03,84,553,25,142,65,67,8,3,6,3,13,4,0,0,0,0,0,0,0,38,860,483,1,25,33.07692307692308,0,1,2,35189.5,2,👨‍👩‍👧 Active Parent Shoppers,3,2,0.016059520165666242,❄️ Cold Lead
2939,1970,Master,Together,79419.0,0,0,2014-06-22,96,751,127,687,20,15,31,1,4,6,4,2,0,0,0,0,0,0,0,44,1631,7,0,15,101.9375,0,0,2,39709.5,1,🌟 High-Value Loyalists,3,3,0.04666683311401869,❄️ Cold Lead
5529,1946,PhD,Together,64014.0,2,1,2014-06-10,56,406,0,30,0,0,8,7,8,2,5,7,0,0,0,1,0,0,0,68,444,19,3,22,19.304347826086957,1,1,5,12802.8,2,👨‍👩‍👧 Active Parent Shoppers,4,3,0.08666432064897674,❄️ Cold Lead
9743,1955,Graduation,Married,76998.0,0,1,2013-01-11,85,1449,89,161,69,35,107,2,11,8,8,6,0,0,1,0,0,0,0,59,1910,534,1,29,63.666666666666664,1,1,3,25666.0,2,👨‍👩‍👧 Active Parent Shoppers,2,1,0.14094906672141805,❄️ Cold Lead
5763,1972,Master,Together,49854.0,1,0,2013-11-10,63,123,17,171,39,0,30,5,6,2,5,6,0,0,0,0,0,0,0,42,380,231,1,18,20.0,0,1,3,16618.0,2,👨‍👩‍👧 Active Parent Shoppers,3,3,0.026669618229336004,❄️ Cold Lead
3478,1971,PhD,Married,60585.0,1,1,2013-06-24,17,267,42,309,55,42,21,10,7,4,9,5,0,0,0,0,0,0,1,43,736,370,2,30,23.741935483870968,0,1,4,15146.25,2,👨‍👩‍👧 Active Parent Shoppers,4,1,0.5513916145273426,🌤 Warm Lead
7494,1950,PhD,Divorced,42873.0,1,1,2013-01-21,11,209,0,40,3,2,15,4,6,1,4,8,0,0,0,0,0,0,0,64,269,524,2,15,16.8125,0,1,3,14291.0,2,👨‍👩‍👧 Active Parent Shoppers,4,0,0.4439993931512724,🌤 Warm Lead
1763,1988,Graduation,Together,87679.0,0,0,2013-07-27,62,1259,172,815,97,148,33,1,7,11,10,4,1,0,1,1,0,0,1,26,2524,337,0,29,84.13333333333334,3,0,2,43839.5,3,🏆 Champions,2,3,0.8319975485825698,🔥 Hot Lead
7250,1978,Graduation,Together,57867.0,1,0,2013-10-01,48,344,35,178,15,23,17,7,7,2,9,6,0,0,0,0,0,0,0,36,612,271,1,25,23.53846153846154,0,1,3,19289.0,2,👨‍👩‍👧 Active Parent Shoppers,2,3,0.010247065260288181,❄️ Cold Lead
2005,1990,Graduation,Married,35765.0,1,0,2013-12-11,86,22,3,30,0,5,15,2,2,0,4,6,0,0,0,0,0,0,0,24,75,200,1,8,8.333333333333334,0,1,3,11921.666666666666,0,💤 Low Engagers,2,1,0.007960076977763877,❄️ Cold Lead
10770,1959,Graduation,Married,65492.0,0,0,2014-01-26,73,247,161,295,210,85,47,2,4,7,13,2,0,0,0,0,0,0,0,55,1045,154,0,26,38.7037037037037,0,0,2,32746.0,1,🌟 High-Value Loyalists,2,1,0.004093916020675579,❄️ Cold Lead
6885,1977,Graduation,Divorced,32952.0,1,0,2013-12-01,36,38,0,12,3,1,1,1,2,0,3,7,0,0,0,0,0,0,0,37,55,210,1,6,7.857142857142857,0,1,2,16476.0,0,💤 Low Engagers,2,0,0.012465055944176098,❄️ Cold Lead
2072,1969,PhD,Together,53374.0,0,1,2012-08-16,34,896,10,101,13,10,34,6,4,2,9,9,1,0,0,0,0,0,1,45,1064,682,1,21,48.36363636363637,1,1,3,17791.333333333332,2,👨‍👩‍👧 Active Parent Shoppers,4,3,0.7277980494983629,🔥 Hot Lead
9463,1959,Graduation,Together,71706.0,0,1,2012-11-13,16,931,56,253,91,98,14,4,9,5,7,5,0,0,0,0,0,0,0,55,1443,593,1,25,55.5,0,1,3,23902.0,2,👨‍👩‍👧 Active Parent Shoppers,2,3,0.13793305471400724,❄️ Cold Lead
6318,1988,Graduation,Married,68487.0,0,0,2013-01-13,48,758,12,385,33,89,89,1,9,7,13,4,0,0,0,0,0,0,0,26,1366,532,0,30,44.064516129032256,0,0,2,34243.5,1,🌟 High-Value Loyalists,2,1,0.02784055163319307,❄️ Cold Lead
4093,1975,Master,Together,53253.0,1,1,2013-02-11,61,216,9,57,20,9,125,7,4,3,5,5,0,0,0,0,0,0,0,39,436,503,2,19,21.8,0,1,4,13313.25,2,👨‍👩‍👧 Active Parent Shoppers,3,3,0.08642413041962811,❄️ Cold Lead
5751,1973,Diploma,Divorced,31163.0,1,0,2014-02-13,54,2,3,10,11,2,10,1,1,0,3,6,0,0,0,0,0,0,0,41,38,136,1,5,6.333333333333333,0,1,2,15581.5,0,💤 Low Engagers,1,0,0.0033887236201264478,❄️ Cold Lead
3340,1977,Graduation,Married,42014.0,1,0,2012-08-17,56,244,15,108,4,15,50,6,7,1,6,8,0,0,0,0,0,0,1,37,436,681,1,20,20.761904761904763,0,1,3,14004.666666666666,2,👨‍👩‍👧 Active Parent Shoppers,2,1,0.543019960880624,🌤 Warm Lead
3594,1973,Master,Married,54108.0,1,1,2012-11-05,74,539,6,91,8,6,97,13,8,2,9,8,0,0,0,0,0,0,0,41,747,601,2,32,22.636363636363637,0,1,4,13527.0,2,👨‍👩‍👧 Active Parent Shoppers,3,1,0.1689801187910882,❄️ Cold Lead
3584,1955,PhD,Single,49667.0,0,0,2012-08-20,35,1181,26,120,17,13,39,2,5,10,5,8,1,0,0,0,0,0,1,59,1396,678,0,22,60.69565217391305,1,0,1,49667.0,2,👨‍👩‍👧 Active Parent Shoppers,4,2,0.8410572380580702,🔥 Hot Lead
3643,1974,Master,Married,63206.0,0,0,2014-03-20,65,750,8,125,11,8,26,1,4,3,6,2,0,0,1,0,0,0,0,40,928,101,0,14,61.86666666666667,1,0,2,31603.0,1,🌟 High-Value Loyalists,3,1,0.062002520032137305,❄️ Cold Lead
851,1972,Master,Married,57136.0,1,1,2013-07-09,48,306,5,109,21,109,92,9,5,2,10,6,0,0,0,0,0,0,0,42,642,355,2,26,23.77777777777778,0,1,4,14284.0,2,👨‍👩‍👧 Active Parent Shoppers,3,1,0.021392998833161984,❄️ Cold Lead
7706,1975,Diploma,Together,46772.0,0,1,2012-11-07,88,350,104,189,197,151,57,6,11,8,5,8,1,0,0,0,0,0,0,39,1048,599,1,30,33.806451612903224,1,1,3,15590.666666666666,2,👨‍👩‍👧 Active Parent Shoppers,1,3,0.1249600541462505,❄️ Cold Lead
3967,1971,PhD,Married,78931.0,0,0,2013-10-25,19,331,197,170,58,152,35,1,2,8,13,1,0,0,0,0,0,0,0,43,943,247,0,24,37.72,0,0,2,39465.5,1,🌟 High-Value Loyalists,4,1,0.07618162944574365,❄️ Cold Lead
10128,1958,Graduation,Together,53977.0,0,1,2013-06-08,21,620,16,165,0,24,82,5,5,5,12,5,0,0,0,0,0,0,0,56,907,386,1,27,32.392857142857146,0,1,3,17992.333333333332,2,👨‍👩‍👧 Active Parent Shoppers,2,3,0.0228910781679129,❄️ Cold Lead
486,1988,Graduation,Married,84219.0,0,0,2014-02-02,27,434,137,400,45,137,45,1,3,4,10,1,0,0,0,0,0,0,0,26,1198,147,0,18,63.05263157894737,0,0,2,42109.5,1,🌟 High-Value Loyalists,2,1,0.060062345226816076,❄️ Cold Lead
9,1975,Master,Single,46098.0,1,1,2012-08-18,86,57,0,27,0,0,36,4,3,2,2,8,0,0,0,0,0,0,0,39,120,680,2,11,10.0,0,1,3,15366.0,0,💤 Low Engagers,3,2,0.6165569019879839,🌤 Warm Lead
9451,1965,Graduation,Married,73538.0,0,1,2012-11-25,92,811,76,428,99,137,107,3,10,4,9,7,0,0,0,0,0,0,0,49,1658,581,1,26,61.407407407407405,0,1,3,24512.666666666668,2,👨‍👩‍👧 Active Parent Shoppers,2,1,0.050900984500736664,❄️ Cold Lead
9264,1986,Graduation,Married,79529.0,0,0,2014-04-27,1,423,42,706,73,197,197,1,4,8,9,2,0,0,0,0,0,0,0,28,1638,63,0,22,71.21739130434783,0,0,2,39764.5,1,🌟 High-Value Loyalists,2,1,0.18452231508457168,❄️ Cold Lead
3865,1977,Diploma,Together,20981.0,0,0,2013-04-30,14,2,12,10,6,13,30,1,3,1,2,8,0,0,0,0,0,0,1,37,73,425,0,7,9.125,0,0,2,10490.5,0,💤 Low Engagers,1,3,0.7999010804437561,🔥 Hot Lead
2853,1980,Graduation,Single,51766.0,1,0,2014-03-11,74,60,51,87,6,20,51,2,4,2,4,5,0,0,0,0,0,0,0,34,275,110,1,12,21.153846153846153,0,1,2,25883.0,0,💤 Low Engagers,2,2,0.005375461558901754,❄️ Cold Lead
1490,1962,Graduation,Married,55759.0,0,1,2012-11-28,84,675,0,85,10,7,77,5,10,3,8,8,0,0,0,0,0,0,0,52,854,578,1,26,31.62962962962963,0,1,3,18586.333333333332,2,👨‍👩‍👧 Active Parent Shoppers,2,1,0.06160944033746684,❄️ Cold Lead
6310,1978,Graduation,Married,33039.0,1,0,2013-09-09,4,30,8,12,8,8,12,1,2,0,4,5,0,0,0,0,0,0,0,36,78,293,1,7,9.75,0,1,3,11013.0,0,💤 Low Engagers,2,1,0.04062109443471615,❄️ Cold Lead
10380,1972,Master,Married,37787.0,1,0,2013-09-20,50,40,1,40,4,3,18,1,3,0,3,8,0,0,0,0,0,0,0,42,106,282,1,7,13.25,0,1,3,12595.666666666666,0,💤 Low Engagers,3,1,0.04039018883280624,❄️ Cold Lead
3887,1970,Graduation,Single,27242.0,1,0,2012-11-11,2,3,17,26,20,1,39,2,2,0,3,9,0,0,0,0,0,0,1,44,106,595,1,7,13.25,0,1,2,13621.0,0,💤 Low Engagers,2,2,0.7391491860507042,🔥 Hot Lead
4278,1983,PhD,Single,87188.0,0,0,2013-06-03,73,910,111,724,49,74,55,1,10,2,6,3,0,0,0,0,0,0,1,31,1923,391,0,19,96.15,0,0,1,87188.0,1,🌟 High-Value Loyalists,4,2,0.8213430156612449,🔥 Hot Lead
8643,1971,Graduation,Together,69930.0,0,0,2013-05-26,21,252,98,827,219,70,196,1,4,5,12,3,0,0,0,0,0,0,0,43,1662,399,0,22,72.26086956521739,0,0,2,34965.0,1,🌟 High-Value Loyalists,2,3,0.09622639453494035,❄️ Cold Lead
1998,1976,Graduation,Single,37697.0,1,0,2014-02-07,82,34,6,21,11,4,8,1,2,1,3,6,0,0,0,0,0,0,0,38,84,142,1,7,10.5,0,1,2,18848.5,0,💤 Low Engagers,2,2,0.0237672118415986,❄️ Cold Lead
10795,1973,PhD,Married,37401.0,1,0,2014-05-06,14,19,3,19,3,1,3,2,2,0,3,7,0,0,0,0,0,0,0,41,48,54,1,7,6.0,0,1,3,12467.0,0,💤 Low Engagers,4,1,0.021805875699166602,❄️ Cold Lead
11110,1973,Graduation,Single,3502.0,1,0,2013-04-13,56,2,1,1,0,0,1,0,0,0,0,14,0,0,0,0,0,0,0,41,5,442,1,0,5.0,0,1,2,1751.0,0,💤 Low Engagers,2,2,0.020799741086842558,❄️ Cold Lead
2408,1976,Graduation,Married,58597.0,1,1,2012-11-20,20,490,0,184,10,28,21,12,7,4,9,7,0,0,0,0,0,0,0,38,733,586,2,32,22.21212121212121,0,1,4,14649.25,2,👨‍👩‍👧 Active Parent Shoppers,2,1,0.19567074861227518,❄️ Cold Lead
202,1948,PhD,Widow,82032.0,0,0,2014-04-05,54,332,194,377,149,125,57,0,4,6,7,1,0,0,0,0,0,0,0,66,1234,85,0,17,68.55555555555556,0,0,1,82032.0,1,🌟 High-Value Loyalists,4,4,0.10163064185410177,❄️ Cold Lead
7998,1958,Graduation,Together,28087.0,1,1,2012-12-11,77,53,8,17,13,0,21,3,2,2,2,7,0,0,0,0,0,0,0,56,112,565,2,9,11.2,0,1,4,7021.75,0,💤 Low Engagers,2,3,0.14696543313633798,❄️ Cold Lead
830,1987,PhD,Single,74004.0,0,0,2014-02-24,5,784,48,560,42,176,48,1,4,6,4,3,0,0,1,1,0,0,1,27,1658,125,0,15,103.625,2,0,1,74004.0,3,🏆 Champions,4,2,0.868665636660754,🔥 Hot Lead
3536,1960,Graduation,Together,19740.0,0,1,2013-03-24,65,7,11,3,10,4,20,2,1,1,3,5,0,0,0,0,0,0,0,54,55,462,1,7,6.875,0,1,3,6580.0,0,💤 Low Engagers,2,3,0.04689638719237836,❄️ Cold Lead
6050,1975,Diploma,Married,57036.0,0,1,2012-12-11,33,1171,43,219,19,14,47,4,6,3,13,9,1,0,0,0,0,0,0,39,1513,565,1,26,56.03703703703704,1,1,3,19012.0,2,👨‍👩‍👧 Active Parent Shoppers,1,1,0.14228299981321063,❄️ Cold Lead
125,1958,Diploma,Together,53083.0,1,1,2013-05-15,65,215,7,33,3,0,13,6,5,1,5,7,0,1,0,0,0,0,0,56,271,410,2,17,15.055555555555555,1,1,4,13270.75,2,👨‍👩‍👧 Active Parent Shoppers,1,3,0.12095515556006924,❄️ Cold Lead
3463,1975,PhD,Married,69283.0,0,1,2014-06-14,41,674,62,134,0,26,8,4,7,3,13,5,0,0,0,0,0,0,0,39,904,15,1,27,32.285714285714285,0,1,3,23094.333333333332,2,👨‍👩‍👧 Active Parent Shoppers,4,1,0.011897228795946749,❄️ Cold Lead
2804,1975,Master,Single,46098.0,1,1,2012-08-18,86,57,0,27,0,0,36,4,3,2,2,8,0,0,0,0,0,0,1,39,120,680,2,11,10.0,0,1,3,15366.0,0,💤 Low Engagers,3,2,0.6165569019879839,🌤 Warm Lead
3745,1988,Diploma,Married,23331.0,1,0,2012-09-04,92,5,36,7,0,10,45,2,3,0,3,8,0,0,0,0,0,0,0,26,103,663,1,8,11.444444444444445,0,1,3,7777.0,0,💤 Low Engagers,1,1,0.20495306001698985,❄️ Cold Lead
9771,1988,Diploma,Single,23331.0,1,0,2012-10-05,97,104,20,101,24,15,5,6,5,1,5,9,0,0,0,0,0,0,0,26,269,632,1,17,14.944444444444445,0,1,2,11665.5,0,💤 Low Engagers,1,2,0.1533236720194581,❄️ Cold Lead
451,1989,Graduation,Single,9255.0,1,0,2013-12-20,91,9,0,7,2,0,4,1,1,1,2,8,0,0,0,0,0,0,0,25,22,191,1,5,3.6666666666666665,0,1,2,4627.5,0,💤 Low Engagers,2,2,0.053522627861231166,❄️ Cold Lead
10530,1959,PhD,Widow,67786.0,0,0,2013-12-07,0,431,82,441,80,20,102,1,3,6,6,1,0,0,0,0,0,0,1,55,1156,204,0,16,68.0,0,0,1,67786.0,1,🌟 High-Value Loyalists,4,4,0.39566580142725694,❄️ Cold Lead
1079,1971,PhD,Married,71969.0,0,1,2012-10-16,59,1000,0,76,0,0,10,3,3,4,9,8,0,1,0,0,0,0,0,43,1086,621,1,19,54.3,1,1,3,23989.666666666668,2,👨‍👩‍👧 Active Parent Shoppers,4,1,0.3178882851653523,❄️ Cold Lead
8920,1967,Master,Single,59235.0,1,0,2013-01-12,4,448,40,469,80,0,91,3,11,2,12,7,0,0,0,0,0,0,0,47,1128,533,1,28,38.89655172413793,0,1,2,29617.5,2,👨‍👩‍👧 Active Parent Shoppers,3,2,0.0970910300045526,❄️ Cold Lead
6678,1989,Graduation,Together,31928.0,1,0,2014-03-28,5,33,4,24,4,2,5,2,3,0,4,7,0,0,0,0,0,0,0,25,72,93,1,9,7.2,0,1,3,10642.666666666666,0,💤 Low Engagers,2,3,0.08334489209326433,❄️ Cold Lead
3852,1961,Master,Together,74881.0,1,1,2013-03-08,48,505,72,270,36,27,54,4,9,2,12,5,0,0,0,0,0,0,0,53,964,478,2,27,34.42857142857143,0,1,4,18720.25,2,👨‍👩‍👧 Active Parent Shoppers,3,3,0.022675116998669802,❄️ Cold Lead
528,1978,Graduation,Married,65819.0,0,0,2012-11-29,99,267,38,701,149,165,63,1,5,4,10,3,0,0,0,0,0,0,0,36,1383,577,0,20,65.85714285714286,0,0,2,32909.5,1,🌟 High-Value Loyalists,2,1,0.04327214993921052,❄️ Cold Lead
73,1953,PhD,Single,51411.0,1,2,2013-05-26,81,14,0,3,0,0,1,1,0,0,3,5,0,0,0,0,0,0,0,61,18,399,3,4,3.6,0,1,4,12852.75,0,💤 Low Engagers,4,2,0.002377614992503585,❄️ Cold Lead
5589,1964,Graduation,Divorced,51983.0,0,1,2012-08-31,95,631,0,115,10,7,30,3,9,2,10,7,0,0,0,0,0,0,0,50,793,667,1,24,31.72,0,1,2,25991.5,2,👨‍👩‍👧 Active Parent Shoppers,2,0,0.10229899956210806,❄️ Cold Lead
10212,1986,Master,Together,42386.0,1,0,2013-01-13,43,65,4,16,0,4,11,1,3,0,3,8,0,0,0,0,0,0,0,28,100,532,1,7,12.5,0,1,3,14128.666666666666,0,💤 Low Engagers,3,3,0.1262126794074996,❄️ Cold Lead
6365,1987,Diploma,Married,30390.0,0,0,2013-09-02,5,10,12,12,25,1,20,1,2,0,3,6,0,0,0,0,0,0,0,27,80,300,0,6,11.428571428571429,0,0,2,15195.0,0,💤 Low Engagers,1,1,0.045151256742650483,❄️ Cold Lead
5636,1963,Graduation,Single,30983.0,0,0,2012-11-09,50,51,4,50,12,1,49,1,4,0,3,8,0,0,0,0,0,0,1,51,167,597,0,8,18.555555555555557,0,0,1,30983.0,0,💤 Low Engagers,2,2,0.6868906808701307,🌤 Warm Lead
591,1957,Graduation,Widow,66033.0,0,1,2013-01-20,76,293,35,179,46,59,65,2,8,3,7,7,0,0,0,0,0,0,0,57,677,525,1,20,32.23809523809524,0,1,2,33016.5,2,👨‍👩‍👧 Active Parent Shoppers,2,4,0.050075363353055166,❄️ Cold Lead
2217,1975,Diploma,Married,37284.0,1,1,2013-03-29,46,11,1,2,2,1,6,1,0,0,3,6,0,0,0,0,0,0,0,39,23,457,2,4,4.6,0,1,4,9321.0,0,💤 Low Engagers,1,1,0.0171610263081473,❄️ Cold Lead
2544,1951,Master,Divorced,57530.0,0,1,2013-10-12,68,50,1,27,6,7,1,1,1,1,4,1,0,0,0,0,0,0,0,63,92,260,1,7,11.5,0,1,2,28765.0,0,💤 Low Engagers,3,0,0.007289602399976722,❄️ Cold Lead
7725,1965,Diploma,Married,76800.0,0,0,2014-03-08,33,173,26,255,35,71,81,1,4,4,7,1,0,0,0,0,0,0,0,49,641,113,0,16,37.705882352941174,0,0,2,38400.0,1,🌟 High-Value Loyalists,1,1,0.037626687973622945,❄️ Cold Lead
8091,1956,Graduation,Married,63943.0,0,1,2012-09-02,50,423,184,368,13,97,21,1,6,4,6,5,0,0,0,0,0,0,0,58,1106,665,1,17,61.44444444444444,0,1,3,21314.333333333332,2,👨‍👩‍👧 Active Parent Shoppers,2,1,0.21767386402895947,❄️ Cold Lead
7321,1962,Graduation,Together,76081.0,0,0,2014-05-23,85,292,30,415,63,33,200,1,4,5,4,2,0,0,0,1,0,0,0,52,1033,37,0,14,68.86666666666666,1,0,2,38040.5,1,🌟 High-Value Loyalists,2,3,0.030404403918827257,❄️ Cold Lead
5462,1974,Graduation,Married,67445.0,0,1,2012-08-12,63,757,80,217,29,80,11,5,9,6,12,6,0,0,0,0,0,0,0,40,1174,686,1,32,35.57575757575758,0,1,3,22481.666666666668,2,👨‍👩‍👧 Active Parent Shoppers,2,1,0.0373791550404188,❄️ Cold Lead
7791,1967,Master,Married,37054.0,1,1,2013-09-15,89,12,1,6,0,1,5,2,1,0,3,7,0,0,0,0,0,0,0,47,25,287,2,6,3.5714285714285716,0,1,4,9263.5,0,💤 Low Engagers,3,1,0.0033555055477510654,❄️ Cold Lead
955,1962,Master,Together,47175.0,1,1,2012-10-28,81,167,2,44,6,2,19,7,4,2,4,8,1,0,0,0,0,0,1,52,240,609,2,17,13.333333333333334,1,1,4,11793.75,2,👨‍👩‍👧 Active Parent Shoppers,3,3,0.6811459548868215,🌤 Warm Lead
4037,1976,Graduation,Divorced,31859.0,1,0,2013-06-14,77,3,1,3,8,0,5,1,1,0,2,7,0,0,0,0,0,0,0,38,20,380,1,4,4.0,0,1,2,15929.5,0,💤 Low Engagers,2,0,0.01406937240265873,❄️ Cold Lead
6642,1961,Graduation,Divorced,27215.0,2,1,2013-01-23,50,30,5,22,8,9,28,4,2,1,4,6,0,0,0,0,0,0,0,53,102,522,3,11,8.5,0,1,4,6803.75,0,💤 Low Engagers,2,0,0.1724819974714991,❄️ Cold Lead
2793,1976,PhD,Divorced,70179.0,0,1,2013-07-21,10,532,88,168,69,44,133,3,7,3,13,5,0,0,0,0,0,0,0,38,1034,343,1,26,38.2962962962963,0,1,2,35089.5,2,👨‍👩‍👧 Active Parent Shoppers,4,0,0.07551496339933299,❄️ Cold Lead
5424,1983,Graduation,Married,39922.0,1,0,2013-02-14,30,29,12,59,19,1,36,2,3,0,4,8,0,0,0,0,0,0,0,31,156,500,1,9,15.6,0,1,3,13307.333333333334,0,💤 Low Engagers,2,1,0.12043103641996776,❄️ Cold Lead
879,1976,Master,Married,49681.0,0,2,2013-11-04,66,411,0,26,0,0,21,6,7,1,7,7,0,0,0,0,0,0,0,38,458,237,2,21,20.818181818181817,0,1,4,12420.25,2,👨‍👩‍👧 Active Parent Shoppers,3,1,0.033688814256901824,❄️ Cold Lead
9530,1988,Graduation,Married,24645.0,1,0,2012-11-01,16,5,3,4,4,1,0,1,1,0,2,8,0,0,0,0,0,0,0,26,17,605,1,4,3.4,0,1,3,8215.0,0,💤 Low Engagers,2,1,0.17946475124002903,❄️ Cold Lead
4828,1954,Graduation,Divorced,79865.0,0,1,2014-06-18,12,71,99,278,185,121,38,1,5,10,5,1,0,0,0,0,0,0,0,60,792,11,1,21,36.0,0,1,2,39932.5,2,👨‍👩‍👧 Active Parent Shoppers,2,0,0.10896351794914903,❄️ Cold Lead
10699,1985,Graduation,Married,44322.0,1,0,2014-06-16,30,46,0,40,3,0,3,2,3,0,3,8,0,0,0,0,0,0,0,29,92,13,1,8,10.222222222222221,0,1,3,14774.0,0,💤 Low Engagers,2,1,0.024472464811395492,❄️ Cold Lead
1497,1952,Graduation,Single,47958.0,0,1,2013-01-19,8,268,11,88,15,3,22,2,6,3,5,5,0,0,0,0,0,0,0,62,407,526,1,16,23.941176470588236,0,1,2,23979.0,2,👨‍👩‍👧 Active Parent Shoppers,2,2,0.1550033156436794,❄️ Cold Lead
7476,1964,Master,Single,63972.0,0,1,2012-12-02,93,928,63,254,0,12,12,4,5,4,10,4,0,1,0,0,0,0,0,50,1269,574,1,23,52.875,1,1,2,31986.0,2,👨‍👩‍👧 Active Parent Shoppers,3,2,0.12021146757040864,❄️ Cold Lead
4390,1954,Graduation,Together,75315.0,0,1,2014-04-15,14,459,15,171,142,23,31,2,5,4,12,2,0,0,0,0,0,0,0,60,841,75,1,23,35.041666666666664,0,1,3,25105.0,2,👨‍👩‍👧 Active Parent Shoppers,2,3,0.025478017622313245,❄️ Cold Lead
10478,1950,PhD,Married,55517.0,1,1,2012-09-27,53,483,0,108,0,6,36,5,11,1,6,9,0,0,0,0,0,0,1,64,633,640,2,23,26.375,0,1,4,13879.25,2,👨‍👩‍👧 Active Parent Shoppers,4,1,0.693650370451331,🌤 Warm Lead
1081,1957,PhD,Married,75283.0,1,2,2013-03-27,26,733,9,180,12,19,66,11,6,3,5,4,0,0,0,0,0,0,0,57,1019,459,3,25,39.19230769230769,0,1,5,15056.6,2,👨‍👩‍👧 Active Parent Shoppers,4,1,0.1006233843510969,❄️ Cold Lead
4261,1946,PhD,Single,82800.0,0,0,2012-11-24,23,1006,22,115,59,68,45,1,7,6,12,3,0,0,1,1,0,0,1,68,1315,582,0,26,48.7037037037037,2,0,1,82800.0,3,🏆 Champions,4,2,0.9509694911038534,🔥 Hot Lead
9916,1954,Graduation,Married,38998.0,1,1,2012-11-03,92,34,1,14,0,0,5,3,2,0,3,8,0,0,0,0,0,1,0,60,54,603,2,8,6.0,0,1,4,9749.5,0,💤 Low Engagers,2,1,0.052093848306155294,❄️ Cold Lead
5350,1991,Master,Single,90638.0,0,0,2014-02-13,29,1156,120,915,94,144,96,1,3,4,10,1,0,0,1,0,0,0,1,23,2525,136,0,18,132.89473684210526,1,0,1,90638.0,3,🏆 Champions,3,2,0.2369916971620312,❄️ Cold Lead
8135,1986,Master,Married,27161.0,1,0,2013-10-28,41,7,4,23,7,0,11,1,1,0,3,7,0,0,0,0,0,0,0,28,52,244,1,5,8.666666666666666,0,1,3,9053.666666666666,0,💤 Low Engagers,3,1,0.00908706503564158,❄️ Cold Lead
8685,1977,Graduation,Married,42014.0,1,0,2012-08-17,56,244,15,108,4,15,50,6,7,1,6,8,0,0,0,0,0,0,1,37,436,681,1,20,20.761904761904763,0,1,3,14004.666666666666,2,👨‍👩‍👧 Active Parent Shoppers,2,1,0.543019960880624,🌤 Warm Lead
4967,1960,PhD,Together,38201.0,0,1,2013-03-29,19,233,0,23,0,0,12,4,5,1,5,8,0,0,0,0,0,0,0,54,268,457,1,15,16.75,0,1,3,12733.666666666666,0,💤 Low Engagers,4,3,0.3411152238980339,❄️ Cold Lead
2130,1982,Graduation,Together,45203.0,2,0,2014-03-23,4,35,3,67,10,8,24,1,3,1,3,6,0,0,0,0,0,0,1,32,147,98,2,8,16.333333333333332,0,1,4,11300.75,0,💤 Low Engagers,2,3,0.6491306157569093,🌤 Warm Lead
9298,1947,PhD,Together,81574.0,0,0,2014-04-28,89,1252,0,465,46,35,0,1,4,5,8,1,0,1,1,0,0,0,0,67,1798,62,0,18,94.63157894736842,2,0,2,40787.0,3,🏆 Champions,4,3,0.06500937792503729,❄️ Cold Lead
8175,1992,Graduation,Married,34935.0,0,0,2013-06-21,71,34,4,66,3,10,20,1,2,1,4,7,0,0,0,0,0,0,0,22,137,373,0,8,15.222222222222221,0,0,2,17467.5,0,💤 Low Engagers,2,1,0.051244565358653016,❄️ Cold Lead
6257,1976,Master,Single,60482.0,0,1,2013-01-23,81,255,43,134,37,14,24,1,7,2,7,7,0,0,0,0,0,0,0,38,507,522,1,17,28.166666666666668,0,1,2,30241.0,2,👨‍👩‍👧 Active Parent Shoppers,3,2,0.10395894764009725,❄️ Cold Lead
3790,1956,Graduation,Together,34633.0,2,1,2014-01-23,31,8,1,5,0,0,1,1,1,0,2,6,0,0,0,0,0,0,0,58,15,157,3,4,3.0,0,1,5,6926.6,0,💤 Low Engagers,2,3,0.005674885710586064,❄️ Cold Lead
9952,1947,Master,Together,78093.0,0,0,2013-12-11,53,368,32,639,13,43,10,1,4,7,5,1,0,0,0,0,0,0,0,67,1105,200,0,17,61.388888888888886,0,0,2,39046.5,1,🌟 High-Value Loyalists,3,3,0.020841326972492507,❄️ Cold Lead
3503,1950,Graduation,Divorced,82460.0,0,0,2013-12-02,78,255,47,573,52,32,15,1,5,3,6,1,0,0,0,0,0,0,0,64,974,209,0,15,60.875,0,0,1,82460.0,1,🌟 High-Value Loyalists,2,0,0.0754636976134606,❄️ Cold Lead
5223,1966,Master,Together,45903.0,0,1,2014-04-23,80,33,8,10,2,10,3,2,2,1,3,4,0,0,0,0,0,0,0,48,66,67,1,8,7.333333333333333,0,1,3,15301.0,0,💤 Low Engagers,3,3,0.0034719652339581684,❄️ Cold Lead
4608,1987,Graduation,Divorced,81361.0,0,0,2014-02-25,18,163,23,424,27,65,76,1,3,10,13,1,0,0,0,0,0,0,1,27,778,124,0,27,27.785714285714285,0,0,1,81361.0,1,🌟 High-Value Loyalists,2,0,0.05788142330379355,❄️ Cold Lead
1626,1973,PhD,Divorced,35860.0,1,1,2014-05-19,37,15,0,8,4,2,20,2,1,1,2,5,1,0,0,0,0,0,1,41,49,41,2,6,7.0,1,1,3,11953.333333333334,0,💤 Low Engagers,4,0,0.6137074139576416,🌤 Warm Lead
4764,1952,Master,Together,40442.0,1,1,2012-08-19,52,45,12,52,25,22,13,4,3,1,4,7,0,0,0,0,0,0,1,62,169,679,2,12,13.0,0,1,4,10110.5,0,💤 Low Engagers,3,3,0.6369496630983494,🌤 Warm Lead
2471,1965,Graduation,Married,61482.0,0,0,2014-06-27,39,48,58,68,16,66,43,1,3,2,6,2,0,0,0,0,0,0,0,49,299,2,0,12,23.0,0,0,2,30741.0,1,🌟 High-Value Loyalists,2,1,0.01119994296420173,❄️ Cold Lead
5892,1980,Graduation,Married,34968.0,1,0,2013-04-10,11,158,6,45,8,2,2,7,3,2,5,7,0,0,0,0,0,0,0,34,221,445,1,17,12.277777777777779,0,1,3,11656.0,0,💤 Low Engagers,2,1,0.34967083600213605,❄️ Cold Lead
2612,1987,Graduation,Married,75794.0,0,0,2013-12-24,33,754,160,625,63,32,48,1,7,5,12,3,0,0,0,1,0,0,0,27,1682,187,0,25,64.6923076923077,1,0,2,37897.0,1,🌟 High-Value Loyalists,2,1,0.10696157592564642,❄️ Cold Lead
4971,1962,PhD,Together,31497.0,0,1,2012-12-06,22,108,1,28,13,1,4,2,3,1,4,8,0,0,0,0,0,0,0,52,155,570,1,10,14.090909090909092,0,1,3,10499.0,0,💤 Low Engagers,4,3,0.3535110290898288,❄️ Cold Lead
5185,1955,Graduation,Married,74268.0,0,0,2013-02-14,83,199,66,315,97,174,41,1,4,3,5,2,0,0,0,0,0,0,0,59,892,500,0,13,63.714285714285715,0,0,2,37134.0,1,🌟 High-Value Loyalists,2,1,0.05587082337896609,❄️ Cold Lead
10069,1988,Basic,Together,13724.0,1,0,2012-08-31,43,2,7,5,2,15,27,1,2,0,2,9,1,0,0,0,0,0,0,26,58,667,1,5,9.666666666666666,1,1,3,4574.666666666667,0,💤 Low Engagers,0,3,0.16093422902423288,❄️ Cold Lead
2262,1965,Master,Together,45143.0,0,1,2013-08-26,74,202,5,74,11,5,14,3,6,1,5,7,0,0,0,0,0,0,0,49,311,307,1,15,19.4375,0,1,3,15047.666666666666,0,💤 Low Engagers,3,3,0.02898537228525231,❄️ Cold Lead
1131,1967,PhD,Single,52569.0,0,1,2014-04-05,54,85,0,3,0,0,7,1,2,0,4,3,0,0,0,0,0,0,0,47,95,85,1,7,11.875,0,1,2,26284.5,0,💤 Low Engagers,4,2,0.019550792219204142,❄️ Cold Lead
1041,1973,PhD,Single,48432.0,0,1,2012-10-18,3,322,3,50,4,3,42,5,7,1,6,8,0,0,0,0,0,0,1,41,424,619,1,19,21.2,0,1,2,24216.0,2,👨‍👩‍👧 Active Parent Shoppers,4,2,0.6266985253943816,🌤 Warm Lead
24,1960,Master,Together,17144.0,1,1,2014-02-15,96,18,2,19,0,2,6,5,3,0,4,7,0,0,0,0,0,0,0,54,47,134,2,12,3.6153846153846154,0,1,4,4286.0,0,💤 Low Engagers,3,3,0.011486754246689164,❄️ Cold Lead
3409,1984,Graduation,Single,36108.0,1,0,2013-10-15,68,141,8,129,3,11,47,3,7,1,4,9,1,0,0,0,0,0,0,30,339,257,1,15,21.1875,1,1,2,18054.0,0,💤 Low Engagers,2,2,0.32021067488756216,❄️ Cold Lead
7022,1971,Graduation,Married,76445.0,1,0,2012-09-28,2,739,107,309,140,80,35,1,2,5,13,6,0,0,0,0,0,0,0,43,1410,639,1,21,64.0909090909091,0,1,3,25481.666666666668,2,👨‍👩‍👧 Active Parent Shoppers,2,1,0.11387999644635088,❄️ Cold Lead
7943,1975,PhD,Married,36663.0,1,0,2014-04-25,40,18,0,6,3,3,5,1,1,1,3,2,0,0,0,0,0,0,0,39,35,65,1,6,5.0,0,1,3,12221.0,0,💤 Low Engagers,4,1,0.022608805505021118,❄️ Cold Lead
5272,1965,Master,Married,53843.0,0,1,2013-06-27,64,378,0,88,19,4,73,4,8,5,3,7,0,0,0,0,0,0,0,49,562,367,1,20,26.761904761904763,0,1,3,17947.666666666668,2,👨‍👩‍👧 Active Parent Shoppers,3,1,0.03477638469933341,❄️ Cold Lead
5453,1956,Master,Married,90226.0,0,0,2012-09-26,26,1083,108,649,253,151,108,1,4,7,12,2,0,0,0,1,0,0,0,58,2352,641,0,24,94.08,1,0,2,45113.0,1,🌟 High-Value Loyalists,3,1,0.275037677438574,❄️ Cold Lead
2565,1955,Master,Divorced,70638.0,0,0,2013-06-01,69,1016,12,215,16,12,63,1,4,5,10,3,0,1,0,0,0,0,0,59,1334,393,0,20,63.523809523809526,1,0,1,70638.0,1,🌟 High-Value Loyalists,3,0,0.12796395764947535,❄️ Cold Lead
800,1960,Graduation,Together,44512.0,1,1,2013-08-30,57,23,1,6,0,0,2,2,1,0,3,4,0,0,0,0,0,0,0,54,32,303,2,6,4.571428571428571,0,1,4,11128.0,0,💤 Low Engagers,2,3,0.0016843359968749224,❄️ Cold Lead
11092,1961,Graduation,Married,27116.0,1,1,2014-03-02,78,12,1,21,2,2,3,2,2,0,3,7,0,0,0,0,0,0,0,53,41,119,2,7,5.125,0,1,4,6779.0,0,💤 Low Engagers,2,1,0.006904027472512294,❄️ Cold Lead
5062,1963,PhD,Married,54072.0,1,1,2013-07-27,71,35,0,4,0,0,0,1,2,0,2,8,0,0,0,0,0,0,0,51,39,337,2,5,6.5,0,1,4,13518.0,0,💤 Low Engagers,4,1,0.021874838083160552,❄️ Cold Lead
8969,1977,Graduation,Married,71855.0,0,1,2013-01-16,59,548,31,422,0,112,28,4,5,5,11,3,0,0,0,0,0,0,0,37,1141,529,1,25,43.88461538461539,0,1,3,23951.666666666668,2,👨‍👩‍👧 Active Parent Shoppers,2,1,0.019626383565049692,❄️ Cold Lead
4656,1990,Diploma,Single,51250.0,1,0,2013-03-30,28,342,32,230,34,32,40,5,10,5,4,9,1,0,0,0,0,0,0,24,710,456,1,24,28.4,1,1,2,25625.0,2,👨‍👩‍👧 Active Parent Shoppers,1,2,0.36170238791047993,❄️ Cold Lead
4480,1973,Master,Married,60432.0,0,1,2014-03-09,61,365,3,15,4,3,11,5,7,2,5,6,0,0,0,0,0,0,0,41,401,112,1,19,20.05,0,1,3,20144.0,2,👨‍👩‍👧 Active Parent Shoppers,3,1,0.02709278190755829,❄️ Cold Lead
9971,1964,PhD,Married,65526.0,0,1,2014-04-11,22,397,19,69,12,0,9,1,4,4,8,2,0,0,0,0,0,0,0,50,506,79,1,17,28.11111111111111,0,1,3,21842.0,2,👨‍👩‍👧 Active Parent Shoppers,4,1,0.012388968512273885,❄️ Cold Lead
6729,1988,Graduation,Single,68655.0,0,0,2012-08-10,95,456,19,832,75,118,38,1,4,5,11,3,0,0,0,0,0,0,0,26,1538,688,0,21,69.9090909090909,0,0,1,68655.0,1,🌟 High-Value Loyalists,2,2,0.03379521855416725,❄️ Cold Lead
1773,1978,Diploma,Married,12393.0,0,0,2012-12-04,38,5,6,15,11,7,13,1,2,0,3,9,0,0,0,0,0,0,0,36,57,572,0,6,8.142857142857142,0,0,2,6196.5,0,💤 Low Engagers,1,1,0.129754593863859,❄️ Cold Lead
9242,1990,Graduation,Single,64509.0,0,0,2013-08-17,19,836,185,575,24,25,77,1,6,3,9,4,1,0,0,0,0,0,1,24,1722,316,0,19,86.1,1,0,1,64509.0,1,🌟 High-Value Loyalists,2,2,0.8236880972434223,🔥 Hot Lead
1764,1975,Graduation,Single,33955.0,1,0,2013-08-09,92,100,2,128,23,7,10,4,5,1,5,8,0,0,0,0,0,0,0,39,270,324,1,15,16.875,0,1,2,16977.5,0,💤 Low Engagers,2,2,0.059646436164423805,❄️ Cold Lead
6215,1977,Graduation,Married,31353.0,1,1,2013-12-29,24,10,0,10,3,1,7,2,1,1,2,8,0,0,0,0,0,0,1,37,31,182,2,6,4.428571428571429,0,1,4,7838.25,0,💤 Low Engagers,2,1,0.5356646313084498,🌤 Warm Lead
10099,1984,Graduation,Married,55434.0,1,0,2013-10-05,21,238,115,215,169,69,76,3,5,3,13,4,0,0,0,0,0,0,0,30,882,267,1,24,35.28,0,1,3,18478.0,2,👨‍👩‍👧 Active Parent Shoppers,2,1,0.026970442296751714,❄️ Cold Lead
5423,1983,Graduation,Together,28359.0,1,0,2013-10-27,35,6,0,5,2,1,2,1,1,0,2,7,0,0,0,0,0,0,0,31,16,245,1,4,3.2,0,1,3,9453.0,0,💤 Low Engagers,2,3,0.011011184613038818,❄️ Cold Lead
940,1987,Graduation,Single,57100.0,1,0,2014-05-18,9,158,11,99,15,11,17,2,3,2,7,3,0,0,0,0,0,0,0,27,311,42,1,14,20.733333333333334,0,1,2,28550.0,0,💤 Low Engagers,2,2,0.064310229800582,❄️ Cold Lead
3011,1965,Graduation,Married,69139.0,0,1,2014-01-27,23,86,12,75,33,15,6,1,4,1,5,4,0,0,0,0,0,0,0,49,227,153,1,11,18.916666666666668,0,1,3,23046.333333333332,0,💤 Low Engagers,2,1,0.022989556797301983,❄️ Cold Lead
3298,1956,Master,Married,52973.0,0,1,2012-11-08,92,856,0,76,12,9,199,7,9,6,9,8,0,0,0,0,0,0,0,58,1152,598,1,31,36.0,0,1,3,17657.666666666668,2,👨‍👩‍👧 Active Parent Shoppers,3,1,0.05019019378561522,❄️ Cold Lead
8286,1965,PhD,Together,51717.0,0,1,2013-08-20,55,98,1,17,0,1,5,1,3,0,4,7,0,1,0,0,0,0,0,49,122,313,1,8,13.555555555555555,1,1,3,17239.0,0,💤 Low Engagers,4,3,0.1325866847538077,❄️ Cold Lead
9668,1971,Graduation,Married,18793.0,1,0,2013-01-12,14,4,16,20,0,17,20,3,2,0,4,8,0,0,0,0,0,0,0,43,77,533,1,9,7.7,0,1,3,6264.333333333333,0,💤 Low Engagers,2,1,0.22800295493832162,❄️ Cold Lead
5120,1982,Diploma,Together,66664.0,0,0,2012-09-25,78,398,96,447,220,96,32,1,5,7,6,3,0,0,0,0,0,0,0,32,1289,642,0,19,64.45,0,0,2,33332.0,1,🌟 High-Value Loyalists,1,3,0.08725390503491635,❄️ Cold Lead
6097,1959,Graduation,Single,50664.0,1,1,2013-01-16,64,313,8,104,6,4,126,9,8,1,6,9,0,0,0,0,0,0,0,55,561,529,2,24,22.44,0,1,3,16888.0,2,👨‍👩‍👧 Active Parent Shoppers,2,2,0.08941073356112195,❄️ Cold Lead
7019,1963,Graduation,Together,54414.0,1,1,2013-01-23,49,109,18,16,24,26,18,4,3,1,5,4,0,0,0,0,0,0,0,51,211,522,2,13,15.071428571428571,0,1,4,13603.5,2,👨‍👩‍👧 Active Parent Shoppers,2,3,0.11707845538923262,❄️ Cold Lead
7408,1952,PhD,Married,54549.0,0,1,2014-03-03,8,216,2,6,0,0,9,2,5,1,4,7,0,0,0,0,0,0,0,62,233,118,1,12,17.923076923076923,0,1,3,18183.0,0,💤 Low Engagers,4,1,0.17704372872072202,❄️ Cold Lead
8041,1971,PhD,Widow,47111.0,0,1,2012-09-08,35,595,71,153,120,112,41,6,3,2,10,9,0,0,0,0,0,0,0,43,1092,659,1,21,49.63636363636363,0,1,2,23555.5,2,👨‍👩‍👧 Active Parent Shoppers,4,4,0.3747018017226449,❄️ Cold Lead
252,1963,PhD,Divorced,41003.0,0,0,2013-03-17,11,123,133,142,71,44,88,1,6,2,8,6,0,0,0,0,0,0,0,51,601,469,0,17,33.388888888888886,0,0,1,41003.0,2,👨‍👩‍👧 Active Parent Shoppers,4,0,0.2570982943555756,❄️ Cold Lead
9986,1982,Graduation,Together,19444.0,1,0,2014-02-22,8,16,0,23,3,2,10,3,4,1,2,7,0,0,0,0,0,0,1,32,54,127,1,10,4.909090909090909,0,1,3,6481.333333333333,0,💤 Low Engagers,2,3,0.652380349404313,🌤 Warm Lead
3276,1976,Diploma,Together,36301.0,1,0,2013-10-25,53,11,12,35,3,5,12,1,3,0,3,7,0,0,0,0,0,0,0,38,78,247,1,7,9.75,0,1,3,12100.333333333334,0,💤 Low Engagers,1,3,0.006252862791865513,❄️ Cold Lead
3859,1947,PhD,Together,73059.0,0,1,2013-08-31,36,410,112,420,0,82,71,1,9,3,13,4,0,0,0,0,0,0,0,67,1095,302,1,26,40.55555555555556,0,1,3,24353.0,2,👨‍👩‍👧 Active Parent Shoppers,4,3,0.015050546454104016,❄️ Cold Lead
3570,1969,PhD,Together,42731.0,1,0,2013-10-21,64,159,2,51,6,2,24,3,4,1,5,5,0,0,0,0,0,0,0,45,244,251,1,13,17.428571428571427,0,1,3,14243.666666666666,0,💤 Low Engagers,4,3,0.011570992922635455,❄️ Cold Lead
3783,1959,PhD,Married,52854.0,1,1,2014-03-24,43,105,0,10,0,1,0,2,2,1,4,5,0,0,0,0,0,0,0,55,116,97,2,9,11.6,0,1,4,13213.5,0,💤 Low Engagers,4,1,0.015966393357957083,❄️ Cold Lead
10207,1978,Graduation,Together,22775.0,1,0,2013-06-19,40,5,1,8,0,0,1,1,1,0,2,8,0,0,0,0,0,0,0,36,15,375,1,4,3.0,0,1,3,7591.666666666667,0,💤 Low Engagers,2,3,0.04198328427523342,❄️ Cold Lead
10906,1948,PhD,Together,46681.0,0,2,2013-10-08,52,269,15,69,15,19,38,2,4,6,4,5,0,0,0,0,0,0,0,66,425,264,2,16,25.0,0,1,4,11670.25,2,👨‍👩‍👧 Active Parent Shoppers,4,3,0.03258051793841463,❄️ Cold Lead
3427,1955,PhD,Married,59821.0,0,1,2013-04-12,11,629,0,70,0,0,35,6,11,2,7,8,0,0,0,0,0,0,0,59,734,443,1,26,27.185185185185187,0,1,3,19940.333333333332,2,👨‍👩‍👧 Active Parent Shoppers,4,1,0.18664695543185492,❄️ Cold Lead
5209,1954,Graduation,Divorced,50002.0,0,1,2013-06-17,21,443,5,71,21,16,82,2,8,2,7,7,0,0,0,0,0,0,0,60,638,377,1,19,31.9,0,1,2,25001.0,2,👨‍👩‍👧 Active Parent Shoppers,2,0,0.06334410457328409,❄️ Cold Lead
10711,1945,Graduation,Married,69755.0,0,0,2013-10-02,23,217,77,373,111,23,93,1,3,6,12,1,0,0,0,0,0,0,0,69,894,270,0,22,38.869565217391305,0,0,2,34877.5,1,🌟 High-Value Loyalists,2,1,0.054350386695774876,❄️ Cold Lead
10785,1969,Graduation,Married,44078.0,1,1,2014-06-19,17,24,1,10,2,0,4,2,2,0,3,5,0,0,0,0,0,0,0,45,41,10,2,7,5.125,0,1,4,11019.5,0,💤 Low Engagers,2,1,0.01947799024541923,❄️ Cold Lead
2814,1976,Master,Together,30560.0,1,0,2013-06-27,6,9,1,5,4,5,7,1,1,0,3,7,0,0,0,0,0,0,0,38,31,367,1,5,5.166666666666667,0,1,3,10186.666666666666,0,💤 Low Engagers,3,3,0.03406488494681669,❄️ Cold Lead
6866,1969,Master,Together,35924.0,1,1,2014-03-23,56,8,0,14,2,3,7,1,1,0,3,5,0,0,0,0,0,0,0,45,34,98,2,5,5.666666666666667,0,1,4,8981.0,0,💤 Low Engagers,3,3,0.008717681003012257,❄️ Cold Lead
1665,1964,PhD,Divorced,64140.0,0,2,2013-09-23,71,1459,0,61,0,15,215,5,2,5,6,5,1,0,1,0,1,0,1,50,1750,279,2,18,92.10526315789474,3,1,3,21380.0,3,🏆 Champions,4,0,0.7663796525180078,🔥 Hot Lead
6575,1981,Graduation,Together,56386.0,1,1,2012-10-27,51,230,48,214,13,32,75,8,9,1,7,9,0,0,0,0,0,0,0,33,612,610,2,25,23.53846153846154,0,1,4,14096.5,2,👨‍👩‍👧 Active Parent Shoppers,2,3,0.16001224794459618,❄️ Cold Lead
3829,1979,Basic,Together,24594.0,1,0,2013-12-10,94,1,3,6,10,0,9,1,1,0,3,5,0,0,0,0,0,0,0,35,29,201,1,5,4.833333333333333,0,1,3,8198.0,0,💤 Low Engagers,0,3,0.007781945350704173,❄️ Cold Lead
3091,1981,Diploma,Together,75774.0,1,0,2014-05-02,27,340,21,134,258,14,56,1,7,5,8,4,0,0,0,0,0,0,0,33,823,58,1,21,37.40909090909091,0,1,3,25258.0,2,👨‍👩‍👧 Active Parent Shoppers,1,3,0.01602244302012161,❄️ Cold Lead
10141,1960,Master,Divorced,39228.0,0,0,2013-05-10,1,7,1,6,0,3,3,1,0,0,3,4,0,0,0,0,0,0,0,54,20,415,0,4,4.0,0,0,1,39228.0,0,💤 Low Engagers,3,0,0.034850731940584835,❄️ Cold Lead
5177,1974,Master,Married,58494.0,0,1,2013-12-12,56,298,7,68,4,0,19,2,6,2,6,6,0,0,0,0,0,0,0,40,396,199,1,16,23.294117647058822,0,1,3,19498.0,2,👨‍👩‍👧 Active Parent Shoppers,3,1,0.019811173771101646,❄️ Cold Lead
7005,1981,Graduation,Single,58684.0,0,0,2014-06-16,71,479,35,179,28,7,85,1,5,3,12,2,0,1,0,0,0,0,0,33,813,13,0,21,36.95454545454545,1,0,1,58684.0,1,🌟 High-Value Loyalists,2,2,0.08691587407585777,❄️ Cold Lead
6409,1967,Graduation,Divorced,57136.0,0,0,2013-05-18,18,267,140,599,34,12,127,1,7,5,7,6,0,0,0,0,0,0,1,47,1179,407,0,20,56.142857142857146,0,0,1,57136.0,1,🌟 High-Value Loyalists,2,0,0.7591199510460944,🔥 Hot Lead
7485,1950,PhD,Widow,56551.0,1,1,2014-05-07,48,67,4,32,17,2,16,3,2,1,4,4,0,0,0,0,0,0,0,64,138,53,2,10,12.545454545454545,0,1,3,18850.333333333332,0,💤 Low Engagers,4,4,0.017216612930091354,❄️ Cold Lead
8079,1982,Graduation,Married,22448.0,1,0,2014-02-26,86,3,1,8,23,2,18,3,2,1,3,3,0,0,0,0,0,0,0,32,55,123,1,9,5.5,0,1,3,7482.666666666667,0,💤 Low Engagers,2,1,0.012930925477251054,❄️ Cold Lead
8395,1961,Graduation,Single,82014.0,0,0,2012-08-20,48,980,37,265,35,163,31,1,3,6,12,6,0,0,0,0,0,0,1,53,1511,678,0,22,65.69565217391305,0,0,1,82014.0,1,🌟 High-Value Loyalists,2,2,0.3438089256234202,❄️ Cold Lead
10352,1963,Graduation,Widow,34213.0,1,1,2012-09-07,2,50,4,28,6,3,26,3,3,1,2,9,0,0,0,0,0,0,1,51,117,660,2,9,11.7,0,1,3,11404.333333333334,0,💤 Low Engagers,2,4,0.8109872268283617,🔥 Hot Lead
4931,1977,Graduation,Together,157146.0,0,0,2013-04-29,13,1,0,1725,2,1,1,0,0,28,0,1,0,0,0,0,0,0,0,37,1730,426,0,28,59.6551724137931,0,0,2,78573.0,1,🌟 High-Value Loyalists,2,3,0.1468726679155132,❄️ Cold Lead
13,1947,PhD,Widow,25358.0,0,1,2013-07-22,57,19,0,5,0,0,8,2,1,0,3,6,0,0,0,0,0,0,0,67,32,342,1,6,4.571428571428571,0,1,2,12679.0,0,💤 Low Engagers,4,4,0.05768509394923193,❄️ Cold Lead
1834,1978,Master,Single,35544.0,1,0,2014-03-08,77,30,5,23,4,1,4,1,2,0,3,7,0,0,0,0,0,0,0,36,67,113,1,6,9.571428571428571,0,1,2,17772.0,0,💤 Low Engagers,3,2,0.007212151490511195,❄️ Cold Lead
2285,1954,Master,Together,36634.0,0,1,2013-05-28,0,213,9,76,4,3,30,3,5,2,5,7,0,0,0,0,0,0,0,60,335,397,1,15,20.9375,0,1,3,12211.333333333334,0,💤 Low Engagers,3,3,0.31709970546361677,❄️ Cold Lead
2295,1954,PhD,Married,62670.0,0,1,2014-02-02,57,539,30,92,80,46,38,1,5,3,13,3,0,0,0,0,0,0,0,60,825,147,1,22,35.869565217391305,0,1,3,20890.0,2,👨‍👩‍👧 Active Parent Shoppers,4,1,0.0036611958172262783,❄️ Cold Lead
1378,1972,Diploma,Together,50334.0,0,1,2013-07-24,24,284,16,160,84,16,134,6,7,4,6,6,0,0,0,0,0,0,0,42,694,340,1,23,28.916666666666668,0,1,3,16778.0,2,👨‍👩‍👧 Active Parent Shoppers,1,3,0.07882868218467742,❄️ Cold Lead
2781,1981,Graduation,Single,72066.0,0,0,2014-06-23,55,1003,34,536,134,51,34,1,4,6,6,2,0,0,1,1,0,0,1,33,1792,6,0,17,99.55555555555556,2,0,1,72066.0,3,🏆 Champions,2,2,0.8433316151111657,🔥 Hot Lead
1165,1958,PhD,Single,50729.0,1,1,2013-05-02,62,239,13,143,45,4,52,9,6,2,7,6,0,0,0,0,0,0,0,56,496,423,2,24,19.84,0,1,3,16909.666666666668,2,👨‍👩‍👧 Active Parent Shoppers,4,2,0.04707063169433198,❄️ Cold Lead
1404,1968,Graduation,Together,34916.0,2,0,2013-05-15,89,51,23,82,33,0,42,4,5,1,3,9,0,0,0,0,0,0,0,46,231,410,2,13,16.5,0,1,4,8729.0,0,💤 Low Engagers,2,3,0.06200221926648226,❄️ Cold Lead
6457,1976,Graduation,Divorced,64892.0,0,1,2014-05-29,77,527,24,230,32,24,65,2,6,4,12,4,0,0,0,0,0,0,0,38,902,31,1,24,36.08,0,1,2,32446.0,2,👨‍👩‍👧 Active Parent Shoppers,2,0,0.013921885465527915,❄️ Cold Lead
2639,1966,Graduation,Single,43602.0,1,1,2014-01-10,45,19,5,12,10,3,19,3,3,1,2,6,0,0,0,0,0,0,0,48,68,170,2,9,6.8,0,1,3,14534.0,0,💤 Low Engagers,2,2,0.05122770725201587,❄️ Cold Lead
8299,1989,PhD,Single,33996.0,0,0,2013-09-11,46,40,2,15,8,0,6,1,1,1,3,4,0,0,0,0,0,0,0,25,71,291,0,6,10.142857142857142,0,0,1,33996.0,0,💤 Low Engagers,4,2,0.017953996070149216,❄️ Cold Lead
6437,1985,Diploma,Single,41473.0,1,0,2013-06-19,80,21,8,20,15,3,9,1,2,0,3,7,0,0,0,0,0,0,0,29,76,375,1,6,10.857142857142858,0,1,2,20736.5,0,💤 Low Engagers,1,2,0.027523171087533188,❄️ Cold Lead
6912,1967,PhD,Married,63246.0,0,2,2013-08-20,60,593,30,91,29,22,7,1,6,3,12,4,0,0,0,0,0,0,0,47,772,313,2,22,33.56521739130435,0,1,4,15811.5,2,👨‍👩‍👧 Active Parent Shoppers,4,1,0.012378904920088096,❄️ Cold Lead
7327,1959,PhD,Married,36732.0,1,1,2013-12-29,71,21,5,3,10,1,7,3,1,1,4,2,0,0,0,0,0,0,0,55,47,182,2,9,4.7,0,1,4,9183.0,0,💤 Low Engagers,4,1,0.00915740759293786,❄️ Cold Lead
5299,1970,PhD,Married,69084.0,1,0,2013-11-19,43,1181,107,199,39,30,30,2,7,3,13,8,0,0,0,0,0,0,0,44,1586,222,1,25,61.0,0,1,3,23028.0,2,👨‍👩‍👧 Active Parent Shoppers,4,1,0.028170818676335963,❄️ Cold Lead
4127,1967,PhD,Married,77766.0,0,1,2013-02-22,97,1004,59,265,115,59,27,2,11,10,11,6,1,0,0,0,0,0,1,47,1529,492,1,34,43.68571428571428,1,1,3,25922.0,2,👨‍👩‍👧 Active Parent Shoppers,4,1,0.6396479764207829,🌤 Warm Lead
8143,1985,PhD,Single,37929.0,0,0,2013-07-30,49,202,2,46,3,2,10,2,4,2,5,7,0,1,0,1,0,0,1,29,265,334,0,13,18.928571428571427,2,0,1,37929.0,0,💤 Low Engagers,4,2,0.7069793676872915,🔥 Hot Lead
1964,1951,Graduation,Together,86610.0,0,0,2013-09-05,66,446,107,768,33,196,53,1,5,6,6,2,0,0,0,0,0,0,0,63,1603,297,0,18,84.36842105263158,0,0,2,43305.0,1,🌟 High-Value Loyalists,2,3,0.12059060066674324,❄️ Cold Lead
3690,1986,Master,Married,80141.0,0,0,2013-01-11,20,1184,102,673,52,40,40,1,7,4,10,6,0,0,1,0,0,0,1,28,2091,534,0,22,90.91304347826087,1,0,2,40070.5,3,🏆 Champions,3,1,0.8134981409161319,🔥 Hot Lead
3433,1955,Diploma,Married,72635.0,0,0,2013-06-03,54,390,22,323,104,35,107,1,6,8,6,3,0,0,0,1,0,0,0,59,981,391,0,21,44.59090909090909,1,0,2,36317.5,1,🌟 High-Value Loyalists,1,1,0.09780909033323314,❄️ Cold Lead
3389,1970,Graduation,Married,69016.0,0,1,2012-11-22,61,726,53,363,123,107,161,4,8,9,13,5,0,0,0,0,0,0,0,44,1533,584,1,34,43.8,0,1,3,23005.333333333332,2,👨‍👩‍👧 Active Parent Shoppers,2,1,0.029034123763818514,❄️ Cold Lead
4712,1991,Diploma,Together,20193.0,0,0,2012-11-28,18,8,8,22,24,11,9,1,1,1,4,4,0,0,0,0,0,0,0,23,82,578,0,7,10.25,0,0,2,10096.5,0,💤 Low Engagers,1,3,0.2548625688047987,❄️ Cold Lead
1170,1975,Graduation,Married,27573.0,1,0,2013-03-25,45,50,15,110,39,15,15,4,5,1,4,8,0,0,0,0,0,0,0,39,244,461,1,14,16.266666666666666,0,1,3,9191.0,0,💤 Low Engagers,2,1,0.12766974247285162,❄️ Cold Lead
6347,1979,Basic,Single,15862.0,1,0,2013-06-27,26,1,1,4,11,9,10,1,1,0,3,8,0,0,0,0,0,0,0,35,36,367,1,5,6.0,0,1,2,7931.0,0,💤 Low Engagers,0,2,0.023802729255654693,❄️ Cold Lead
4065,1976,PhD,Married,49544.0,1,0,2013-02-12,0,308,0,73,0,0,23,2,5,1,8,7,0,0,0,0,0,0,0,38,404,502,1,16,23.764705882352942,0,1,3,16514.666666666668,2,👨‍👩‍👧 Active Parent Shoppers,4,1,0.2250243995973265,❄️ Cold Lead
8230,1980,Graduation,Married,33228.0,1,0,2014-01-23,28,22,2,31,7,4,5,1,2,0,3,7,0,0,0,0,0,0,0,34,71,157,1,6,10.142857142857142,0,1,3,11076.0,0,💤 Low Engagers,2,1,0.03233705971427787,❄️ Cold Lead
1215,1978,Graduation,Together,70440.0,0,0,2013-10-08,49,690,117,499,76,102,88,1,5,10,7,3,0,0,0,1,0,0,0,36,1572,264,0,23,65.5,1,0,2,35220.0,1,🌟 High-Value Loyalists,2,3,0.19228071257763196,❄️ Cold Lead
5939,1971,Graduation,Together,38232.0,1,1,2014-01-17,84,43,5,28,7,6,33,4,3,1,3,5,0,0,0,0,0,0,0,43,122,163,2,11,10.166666666666666,0,1,4,9558.0,0,💤 Low Engagers,2,3,0.0146538204021983,❄️ Cold Lead
2156,1955,PhD,Married,22554.0,1,1,2012-11-03,38,27,0,10,0,0,4,4,2,0,4,5,0,0,0,0,0,0,0,59,41,603,2,10,3.727272727272727,0,1,4,5638.5,0,💤 Low Engagers,4,1,0.09759034819155239,❄️ Cold Lead
7788,1983,PhD,Married,23536.0,1,0,2014-06-04,53,6,0,3,0,0,1,1,0,0,3,3,0,0,0,0,0,0,0,31,10,25,1,4,2.0,0,1,3,7845.333333333333,0,💤 Low Engagers,4,1,0.010559634857446083,❄️ Cold Lead
10323,1952,Graduation,Married,49413.0,0,1,2013-10-25,88,205,7,41,3,2,46,2,4,2,5,5,0,0,0,0,0,0,0,62,304,247,1,13,21.714285714285715,0,1,3,16471.0,2,👨‍👩‍👧 Active Parent Shoppers,2,1,0.011044746569519816,❄️ Cold Lead
7947,1969,Graduation,Married,42231.0,1,1,2014-03-25,99,24,0,8,0,1,4,1,1,0,3,5,0,0,0,0,0,0,0,45,37,96,2,5,6.166666666666667,0,1,4,10557.75,0,💤 Low Engagers,2,1,0.0015692042692627356,❄️ Cold Lead
1891,1980,Master,Divorced,78789.0,0,0,2012-08-08,12,667,50,850,21,83,83,1,4,6,5,2,0,0,0,0,0,0,1,34,1754,690,0,16,103.17647058823529,0,0,1,78789.0,1,🌟 High-Value Loyalists,3,0,0.6712974571922355,🌤 Warm Lead
2570,1968,Graduation,Together,56534.0,0,1,2013-07-23,35,691,7,61,10,0,46,4,10,4,7,8,0,1,0,0,1,0,1,46,815,341,1,25,31.346153846153847,2,1,3,18844.666666666668,2,👨‍👩‍👧 Active Parent Shoppers,2,3,0.6222254386822922,🌤 Warm Lead
9256,1971,Graduation,Single,58350.0,0,1,2013-01-04,5,493,26,206,116,80,80,4,8,3,12,6,0,0,0,0,0,0,0,43,1001,541,1,27,35.75,0,1,2,29175.0,2,👨‍👩‍👧 Active Parent Shoppers,2,2,0.1257786105478304,❄️ Cold Lead
295,1989,Graduation,Single,81217.0,0,0,2013-07-19,77,493,70,324,146,40,84,1,3,7,11,1,0,0,0,0,0,0,0,25,1157,345,0,22,50.30434782608695,0,0,1,81217.0,1,🌟 High-Value Loyalists,2,2,0.025536880855775303,❄️ Cold Lead
7397,1951,Graduation,Single,49090.0,0,1,2013-07-19,45,494,5,82,7,0,100,3,7,2,9,7,0,0,0,0,0,0,0,63,688,345,1,21,31.272727272727273,0,1,2,24545.0,2,👨‍👩‍👧 Active Parent Shoppers,2,2,0.021717549578774108,❄️ Cold Lead
6349,1987,Master,Divorced,61787.0,0,0,2013-07-06,71,621,73,414,78,48,85,1,8,4,6,5,0,0,0,0,0,0,0,27,1319,358,0,19,65.95,0,0,1,61787.0,1,🌟 High-Value Loyalists,3,0,0.12369640092093047,❄️ Cold Lead
10790,1985,PhD,Married,18169.0,1,0,2013-02-19,40,9,0,5,0,0,7,1,1,0,2,8,0,0,0,0,0,0,0,29,21,495,1,4,4.2,0,1,3,6056.333333333333,0,💤 Low Engagers,4,1,0.03943753929533941,❄️ Cold Lead
10398,1981,Diploma,Single,24336.0,1,0,2012-08-27,82,1,6,2,8,2,12,1,1,0,2,7,0,0,0,0,0,0,0,33,31,671,1,4,6.2,0,1,2,12168.0,0,💤 Low Engagers,1,2,0.06564619680555492,❄️ Cold Lead
2431,1990,Graduation,Married,18222.0,0,0,2012-12-31,70,12,4,19,12,6,14,1,2,0,3,8,0,0,0,0,0,0,0,24,67,545,0,6,9.571428571428571,0,0,2,9111.0,0,💤 Low Engagers,2,1,0.09885097483951444,❄️ Cold Lead
550,1952,Graduation,Divorced,62335.0,0,1,2013-05-23,87,243,131,217,85,6,26,2,3,3,13,2,0,0,0,0,0,0,0,62,708,402,1,21,32.18181818181818,0,1,2,31167.5,2,👨‍👩‍👧 Active Parent Shoppers,2,0,0.013451786148719575,❄️ Cold Lead
1890,1971,Diploma,Together,42033.0,1,1,2012-09-19,95,11,1,4,2,0,7,1,1,0,2,7,0,0,0,0,0,0,0,43,25,648,2,4,5.0,0,1,4,10508.25,0,💤 Low Engagers,1,3,0.0336904648549775,❄️ Cold Lead
10742,1983,PhD,Married,86580.0,0,0,2013-02-27,72,532,21,127,26,20,20,0,4,2,5,1,0,0,1,0,0,0,0,31,746,487,0,11,62.166666666666664,1,0,2,43290.0,1,🌟 High-Value Loyalists,4,1,0.18246394891868323,❄️ Cold Lead
10356,1957,PhD,Divorced,41437.0,1,1,2012-09-22,5,29,0,2,0,0,1,1,1,0,3,7,0,0,0,0,0,0,0,57,32,645,2,5,5.333333333333333,0,1,3,13812.333333333334,0,💤 Low Engagers,4,0,0.09367336630146415,❄️ Cold Lead
4676,1951,Master,Widow,73705.0,0,2,2014-03-05,86,612,91,520,258,107,107,2,9,6,8,5,0,0,0,0,0,0,0,63,1695,116,2,25,65.1923076923077,0,1,3,24568.333333333332,2,👨‍👩‍👧 Active Parent Shoppers,3,4,0.012010869225222464,❄️ Cold Lead
8852,1976,Graduation,Married,61064.0,0,1,2012-08-31,80,387,126,342,0,45,180,5,8,4,11,6,0,0,0,0,0,0,0,38,1080,667,1,28,37.241379310344826,0,1,3,20354.666666666668,2,👨‍👩‍👧 Active Parent Shoppers,2,1,0.03160565624496833,❄️ Cold Lead
3565,1955,Master,Married,38452.0,1,1,2014-03-30,62,56,0,14,0,0,2,3,3,0,3,7,0,0,0,0,0,0,0,59,72,91,2,9,7.2,0,1,4,9613.0,0,💤 Low Engagers,3,1,0.009730181982954807,❄️ Cold Lead
5294,1989,Graduation,Single,18358.0,1,0,2013-11-20,49,6,8,19,16,4,4,3,3,0,4,7,0,0,0,0,0,0,0,25,57,221,1,10,5.181818181818182,0,1,2,9179.0,0,💤 Low Engagers,2,2,0.026886170751724038,❄️ Cold Lead
1958,1973,PhD,Together,55012.0,0,1,2014-03-21,85,582,0,65,0,0,13,6,8,2,9,5,0,0,0,0,0,0,0,41,660,100,1,25,25.384615384615383,0,1,3,18337.333333333332,2,👨‍👩‍👧 Active Parent Shoppers,4,3,0.01786564950824735,❄️ Cold Lead
7349,1973,Basic,Together,9722.0,1,0,2012-10-02,7,6,17,16,6,16,42,4,3,1,3,8,0,0,0,0,0,0,1,41,103,635,1,11,8.583333333333334,0,1,3,3240.6666666666665,0,💤 Low Engagers,0,3,0.7342137736594644,🔥 Hot Lead
8799,1984,PhD,Married,38175.0,1,0,2013-09-23,6,70,6,69,2,3,3,3,3,1,4,7,0,0,0,0,0,0,0,30,153,279,1,11,12.75,0,1,3,12725.0,0,💤 Low Engagers,4,1,0.2990551360133053,❄️ Cold Lead
1351,1956,Master,Together,58656.0,0,1,2012-09-20,25,962,12,194,16,24,12,4,7,8,13,6,0,0,1,0,0,0,0,58,1220,647,1,32,36.96969696969697,1,1,3,19552.0,2,👨‍👩‍👧 Active Parent Shoppers,3,3,0.1910005242176889,❄️ Cold Lead
1045,1965,Graduation,Together,52117.0,0,1,2012-08-16,55,112,10,107,30,0,20,2,5,2,4,7,0,0,0,0,0,0,0,49,279,682,1,13,19.928571428571427,0,1,3,17372.333333333332,2,👨‍👩‍👧 Active Parent Shoppers,2,3,0.42843884035059804,🌤 Warm Lead
7732,1978,Graduation,Married,64813.0,1,0,2014-01-02,81,293,0,124,179,97,52,1,7,2,10,5,0,0,0,0,0,0,0,36,745,178,1,20,35.476190476190474,0,1,3,21604.333333333332,2,👨‍👩‍👧 Active Parent Shoppers,2,1,0.003137699759331812,❄️ Cold Lead
8070,1973,PhD,Married,54222.0,0,1,2014-03-01,98,199,12,31,3,12,7,1,3,3,5,3,0,0,0,0,0,0,0,41,264,120,1,12,20.307692307692307,0,1,3,18074.0,0,💤 Low Engagers,4,1,0.008989613454175113,❄️ Cold Lead
477,1986,Graduation,Married,83512.0,0,0,2014-06-17,31,1060,61,835,80,20,101,1,4,7,10,1,1,0,1,1,1,0,1,28,2157,12,0,22,93.78260869565217,4,0,2,41756.0,3,🏆 Champions,2,1,0.4664625171697848,🌤 Warm Lead
7832,1959,Master,Married,77520.0,0,1,2013-08-28,30,940,44,396,0,88,58,1,8,7,7,4,1,0,1,1,0,0,1,55,1526,305,1,23,63.583333333333336,3,1,3,25840.0,3,🏆 Champions,3,1,0.804594443597832,🔥 Hot Lead
2202,1978,Graduation,Together,41154.0,0,1,2013-04-09,98,44,2,11,2,3,7,1,1,0,4,5,0,0,0,0,0,0,0,36,69,446,1,6,9.857142857142858,0,1,3,13718.0,0,💤 Low Engagers,2,3,0.040003899542403465,❄️ Cold Lead
7396,1966,Graduation,Married,80398.0,0,0,2012-11-10,92,342,51,936,207,35,26,1,5,8,12,3,0,0,1,0,0,0,0,48,1597,596,0,26,59.148148148148145,1,0,2,40199.0,1,🌟 High-Value Loyalists,2,1,0.1260300503451258,❄️ Cold Lead
4055,1992,Basic,Single,18746.0,1,0,2014-05-29,41,2,10,11,12,9,20,2,3,0,3,6,0,0,0,0,0,0,0,22,64,31,1,8,7.111111111111111,0,1,2,9373.0,0,💤 Low Engagers,0,2,0.027323318406013975,❄️ Cold Lead
10340,1984,Graduation,Together,35196.0,1,0,2012-11-13,68,75,12,141,43,39,187,6,6,1,5,8,0,0,0,0,0,0,0,30,497,593,1,18,26.157894736842106,0,1,3,11732.0,0,💤 Low Engagers,2,3,0.2587374515943188,❄️ Cold Lead
10091,1956,Graduation,Single,60230.0,0,1,2013-05-20,78,520,20,367,39,81,40,2,6,3,6,5,0,0,0,0,0,0,0,58,1067,405,1,17,59.27777777777778,0,1,2,30115.0,2,👨‍👩‍👧 Active Parent Shoppers,2,2,0.035462666724398115,❄️ Cold Lead
7629,1977,Graduation,Married,22108.0,1,1,2014-05-08,46,5,3,9,6,2,6,2,2,0,3,7,0,0,0,0,0,0,0,37,31,52,2,7,3.875,0,1,4,5527.0,0,💤 Low Engagers,2,1,0.005855664324234578,❄️ Cold Lead
10640,1974,Graduation,Together,44392.0,1,1,2013-09-05,71,87,5,71,7,12,29,5,4,1,4,7,0,0,0,0,0,0,0,40,211,297,2,14,14.066666666666666,0,1,4,11098.0,0,💤 Low Engagers,2,3,0.0445652404734425,❄️ Cold Lead
3498,1976,PhD,Married,55424.0,0,1,2012-11-25,6,462,61,184,10,53,107,4,7,5,9,6,1,0,0,0,0,0,1,38,877,581,1,25,33.73076923076923,1,1,3,18474.666666666668,2,👨‍👩‍👧 Active Parent Shoppers,4,1,0.8024724352174819,🔥 Hot Lead
6742,1979,Graduation,Married,17688.0,1,0,2013-01-13,82,2,2,1,3,1,2,1,1,0,2,8,0,0,0,0,0,1,0,35,11,532,1,4,2.2,0,1,3,5896.0,0,💤 Low Engagers,2,1,0.031309669026925224,❄️ Cold Lead
1172,1983,PhD,Married,92491.0,0,0,2013-05-01,71,979,44,935,29,25,22,1,7,5,12,3,0,1,1,1,0,0,1,31,2034,424,0,25,78.23076923076923,3,0,2,46245.5,3,🏆 Champions,4,1,0.8041839351392974,🔥 Hot Lead
569,1991,Graduation,Single,90273.0,0,0,2013-12-14,32,704,129,853,120,74,111,1,5,6,7,2,0,1,1,1,0,0,1,23,1991,197,0,19,99.55,3,0,1,90273.0,3,🏆 Champions,2,2,0.8491581712140588,🔥 Hot Lead
4686,1962,PhD,Widow,82571.0,0,0,2014-04-02,28,861,31,558,62,95,79,0,6,5,13,2,0,0,1,0,0,0,0,52,1686,88,0,24,67.44,1,0,1,82571.0,1,🌟 High-Value Loyalists,4,4,0.1684962135410668,❄️ Cold Lead
1381,1982,PhD,Single,38513.0,1,0,2014-01-28,20,172,3,115,16,0,18,5,6,1,5,8,0,0,0,0,0,0,1,32,324,152,1,17,18.0,0,1,2,19256.5,0,💤 Low Engagers,4,2,0.583854120200095,🌤 Warm Lead
2634,1979,Master,Single,16653.0,1,0,2014-04-18,10,5,7,31,15,4,7,3,2,1,3,6,0,0,0,0,0,0,1,35,69,72,1,9,6.9,0,1,2,8326.5,0,💤 Low Engagers,3,2,0.6375139812396479,🌤 Warm Lead
10905,1955,Graduation,Together,42586.0,1,1,2012-10-29,7,194,2,56,0,0,0,5,4,1,6,8,0,0,0,0,0,0,1,59,252,608,2,16,14.823529411764707,0,1,4,10646.5,2,👨‍👩‍👧 Active Parent Shoppers,2,3,0.816800773666345,🔥 Hot Lead
1744,1965,Basic,Single,23529.0,0,1,2013-01-07,67,9,7,13,3,2,20,1,1,1,2,6,0,0,0,0,0,0,0,49,54,538,1,5,9.0,0,1,2,11764.5,0,💤 Low Engagers,0,2,0.08516300504145832,❄️ Cold Lead
1000,1961,Master,Together,74881.0,1,1,2013-03-08,48,505,72,270,36,27,54,4,9,2,12,5,0,0,0,0,0,0,0,53,964,478,2,27,34.42857142857143,0,1,4,18720.25,2,👨‍👩‍👧 Active Parent Shoppers,3,3,0.022675116998669802,❄️ Cold Lead
3828,1951,Graduation,Married,71107.0,0,1,2013-02-17,61,533,10,217,198,174,195,2,7,6,13,4,0,0,0,0,0,0,0,63,1327,497,1,28,45.758620689655174,0,1,3,23702.333333333332,2,👨‍👩‍👧 Active Parent Shoppers,2,1,0.03331109352697444,❄️ Cold Lead
8605,1964,PhD,Together,46910.0,1,1,2014-03-23,36,48,0,14,0,0,6,2,2,0,3,6,0,0,0,0,0,0,0,50,68,98,2,7,8.5,0,1,4,11727.5,0,💤 Low Engagers,4,3,0.0178519136032867,❄️ Cold Lead
10304,1959,Graduation,Married,18690.0,0,0,2012-12-28,77,6,1,7,23,4,19,1,1,1,2,8,0,0,0,0,0,0,0,55,60,548,0,5,10.0,0,0,2,9345.0,0,💤 Low Engagers,2,1,0.07096027124427146,❄️ Cold Lead
4351,1955,Graduation,Divorced,37244.0,1,1,2013-04-27,90,18,2,10,0,0,25,1,1,1,2,7,1,0,0,0,0,0,0,59,55,428,2,5,9.166666666666666,1,1,3,12414.666666666666,0,💤 Low Engagers,2,0,0.08058113193399949,❄️ Cold Lead
10129,1966,Graduation,Together,82427.0,0,0,2014-03-12,35,482,147,509,104,107,107,1,3,5,12,1,0,0,1,0,0,0,0,48,1456,109,0,21,66.18181818181819,1,0,2,41213.5,1,🌟 High-Value Loyalists,2,3,0.1019506690284688,❄️ Cold Lead
2499,1958,Diploma,Single,75342.0,0,1,2013-05-06,38,204,97,97,21,118,26,1,5,2,10,4,0,0,0,0,0,0,0,56,563,419,1,18,29.63157894736842,0,1,2,37671.0,2,👨‍👩‍👧 Active Parent Shoppers,1,2,0.04000930893488983,❄️ Cold Lead
10092,1954,Graduation,Divorced,70044.0,0,1,2013-02-18,46,1073,0,250,153,14,14,4,7,10,5,5,0,0,0,0,0,0,0,60,1504,496,1,26,55.7037037037037,0,1,2,35022.0,2,👨‍👩‍👧 Active Parent Shoppers,2,0,0.14618467212611486,❄️ Cold Lead
7500,1967,Graduation,Single,79146.0,1,1,2014-04-24,33,245,16,223,21,43,16,2,8,1,8,6,0,0,0,0,0,0,0,47,564,66,2,19,28.2,0,1,3,26382.0,2,👨‍👩‍👧 Active Parent Shoppers,2,2,0.020295378655438907,❄️ Cold Lead
5796,1963,Graduation,Married,77437.0,0,0,2013-11-26,70,560,21,442,29,44,29,1,4,5,13,1,0,0,1,0,0,0,0,51,1125,215,0,23,46.875,1,0,2,38718.5,1,🌟 High-Value Loyalists,2,1,0.02090159836236322,❄️ Cold Lead
10556,1959,Graduation,Married,54984.0,0,1,2014-05-24,51,173,13,131,32,3,6,4,6,1,6,7,0,0,0,1,0,0,0,55,358,36,1,17,19.88888888888889,1,1,3,18328.0,2,👨‍👩‍👧 Active Parent Shoppers,2,1,0.12339568817055399,❄️ Cold Lead
1064,1971,PhD,Married,42403.0,1,0,2013-12-11,18,22,1,11,0,5,3,1,1,0,3,8,0,0,0,0,0,0,0,43,42,200,1,5,7.0,0,1,3,14134.333333333334,0,💤 Low Engagers,4,1,0.04872774080195641,❄️ Cold Lead
48,1964,Graduation,Together,55761.0,0,1,2014-04-24,97,136,1,12,0,3,32,2,4,1,3,6,0,1,0,0,0,0,0,50,184,66,1,10,16.727272727272727,1,1,3,18587.0,0,💤 Low Engagers,2,3,0.07049262630078369,❄️ Cold Lead
7610,1983,Graduation,Together,37292.0,1,0,2013-04-18,32,275,0,86,10,23,66,5,6,3,5,8,0,0,0,0,0,0,0,31,460,437,1,19,23.0,0,1,3,12430.666666666666,0,💤 Low Engagers,2,3,0.2283004940047584,❄️ Cold Lead
263,1945,PhD,Single,45576.0,0,0,2014-05-28,9,56,19,29,2,14,25,1,3,1,3,8,0,0,0,0,0,0,1,69,145,32,0,8,16.11111111111111,0,0,1,45576.0,0,💤 Low Engagers,4,2,0.6505028025712631,🌤 Warm Lead
10814,1947,Graduation,Together,70321.0,0,0,2013-01-16,6,303,23,751,82,26,191,1,6,5,13,4,0,0,0,0,0,0,1,67,1376,529,0,25,52.92307692307692,0,0,2,35160.5,1,🌟 High-Value Loyalists,2,3,0.6220428934940686,🌤 Warm Lead
9710,1969,PhD,Divorced,58086.0,0,1,2013-01-20,80,708,7,62,0,0,15,2,11,3,7,8,0,0,0,0,0,0,0,45,792,525,1,23,33.0,0,1,2,29043.0,2,👨‍👩‍👧 Active Parent Shoppers,4,0,0.14146014062662057,❄️ Cold Lead
9292,1952,Graduation,Married,81795.0,0,0,2012-10-26,74,324,132,693,27,118,88,1,4,11,7,2,0,0,0,0,0,0,0,62,1382,611,0,23,57.583333333333336,0,0,2,40897.5,1,🌟 High-Value Loyalists,2,1,0.09980351657077012,❄️ Cold Lead
10250,1947,Basic,Together,28389.0,0,0,2012-11-20,49,1,5,3,7,4,8,1,1,0,2,7,0,0,0,0,0,0,0,67,28,586,0,4,5.6,0,0,2,14194.5,0,💤 Low Engagers,0,3,0.03088684001208496,❄️ Cold Lead
7881,1946,Master,Married,66835.0,0,0,2013-09-28,21,620,26,195,34,17,141,1,6,4,13,2,0,0,0,0,0,0,0,68,1033,274,0,24,41.32,0,0,2,33417.5,1,🌟 High-Value Loyalists,3,1,0.039497645999504956,❄️ Cold Lead
5847,1969,Graduation,Divorced,69901.0,0,1,2013-05-29,95,312,21,206,102,92,149,3,7,3,10,5,0,0,0,0,0,0,0,45,882,396,1,23,36.75,0,1,2,34950.5,2,👨‍👩‍👧 Active Parent Shoppers,2,0,0.004379757115659761,❄️ Cold Lead
737,1949,PhD,Married,80360.0,0,0,2013-03-03,56,1493,86,454,112,43,43,2,4,4,5,2,0,1,1,1,0,0,0,65,2231,483,0,15,139.4375,3,0,2,40180.0,3,🏆 Champions,4,1,0.37256431635916765,❄️ Cold Lead
3571,1961,PhD,Together,63342.0,0,1,2012-10-16,48,918,21,118,13,10,21,3,8,3,5,6,0,1,0,0,0,0,1,53,1101,621,1,19,55.05,1,1,3,21114.0,2,👨‍👩‍👧 Active Parent Shoppers,4,3,0.750261783108021,🔥 Hot Lead
7807,1974,Graduation,Married,44989.0,0,1,2012-09-12,26,98,0,106,49,10,106,5,5,1,5,6,0,0,0,0,0,0,0,40,369,655,1,16,21.705882352941178,0,1,3,14996.333333333334,2,👨‍👩‍👧 Active Parent Shoppers,2,1,0.25888022146520495,❄️ Cold Lead
3878,1980,Diploma,Single,31859.0,1,0,2014-02-27,3,3,4,7,15,8,11,1,1,0,3,7,0,0,0,0,0,0,0,34,48,122,1,5,8.0,0,1,2,15929.5,0,💤 Low Engagers,1,2,0.03391941700186442,❄️ Cold Lead
5092,1949,PhD,Widow,51569.0,0,1,2013-02-12,39,380,0,47,6,0,34,4,7,1,7,8,0,1,0,0,0,0,1,65,467,502,1,19,23.35,1,1,2,25784.5,2,👨‍👩‍👧 Active Parent Shoppers,4,4,0.3586146256755452,❄️ Cold Lead
2154,1971,Graduation,Widow,30372.0,1,1,2012-12-25,33,15,0,12,7,3,7,3,2,0,3,7,0,0,0,0,0,0,0,43,44,551,2,8,4.888888888888889,0,1,3,10124.0,0,💤 Low Engagers,2,4,0.061604200727878394,❄️ Cold Lead
5394,1979,Basic,Single,16014.0,1,1,2013-03-17,42,3,9,4,7,8,7,4,1,1,4,3,0,0,0,0,0,0,0,35,38,469,2,10,3.4545454545454546,0,1,3,5338.0,0,💤 Low Engagers,0,2,0.047732746748298825,❄️ Cold Lead
3798,1968,Graduation,Married,41120.0,1,1,2013-11-06,80,24,2,23,0,8,24,3,2,1,3,6,0,0,0,0,0,0,0,46,81,235,2,9,8.1,0,1,4,10280.0,0,💤 Low Engagers,2,1,0.01637328906543101,❄️ Cold Lead
3524,1971,Master,Single,39763.0,1,0,2013-08-04,9,80,1,60,4,6,16,2,5,1,2,9,0,0,0,0,0,0,1,43,167,329,1,10,15.181818181818182,0,1,2,19881.5,0,💤 Low Engagers,3,2,0.7751233235189868,🔥 Hot Lead
5247,1955,PhD,Married,38725.0,1,1,2014-05-10,52,31,0,6,2,1,5,2,1,0,4,4,0,0,0,0,0,0,0,59,45,50,2,7,5.625,0,1,4,9681.25,0,💤 Low Engagers,4,1,0.004858035641286363,❄️ Cold Lead
5883,1972,Graduation,Married,77981.0,1,0,2013-05-26,78,138,120,204,16,126,60,3,7,4,7,5,0,0,0,0,0,0,0,42,664,399,1,21,30.181818181818183,0,1,3,25993.666666666668,2,👨‍👩‍👧 Active Parent Shoppers,2,1,0.005234879237023253,❄️ Cold Lead
2118,1964,Diploma,Married,62905.0,0,1,2013-09-10,68,166,75,96,119,107,59,3,7,2,8,4,0,0,0,0,0,0,0,50,622,292,1,20,29.61904761904762,0,1,3,20968.333333333332,2,👨‍👩‍👧 Active Parent Shoppers,1,1,0.010186954998988024,❄️ Cold Lead
8812,1979,Diploma,Divorced,13533.0,1,0,2013-03-10,45,12,3,8,8,0,17,2,2,0,3,7,0,0,0,0,0,0,0,35,48,476,1,7,6.0,0,1,2,6766.5,0,💤 Low Engagers,1,0,0.05770359239233855,❄️ Cold Lead
6616,1975,Graduation,Together,59481.0,0,1,2013-10-23,47,178,3,85,71,66,58,2,3,3,8,2,0,0,0,0,0,0,0,39,461,249,1,16,27.11764705882353,0,1,3,19827.0,2,👨‍👩‍👧 Active Parent Shoppers,2,3,0.0033741149781080183,❄️ Cold Lead
2797,1977,Graduation,Married,72117.0,0,1,2013-08-20,34,707,20,171,65,60,50,1,9,7,9,5,0,0,0,0,0,0,0,37,1073,313,1,26,39.74074074074074,0,1,3,24039.0,2,👨‍👩‍👧 Active Parent Shoppers,2,1,0.019611612438520762,❄️ Cold Lead
4328,1986,Diploma,Married,21955.0,1,0,2013-09-07,81,5,1,7,17,14,11,2,2,1,3,6,0,0,0,0,0,0,0,28,55,295,1,8,6.111111111111111,0,1,3,7318.333333333333,0,💤 Low Engagers,1,1,0.0249261697527939,❄️ Cold Lead
9167,1956,Graduation,Married,67131.0,0,1,2013-03-26,72,465,71,250,93,35,62,3,9,2,12,6,0,0,0,0,0,0,0,58,976,460,1,26,36.148148148148145,0,1,3,22377.0,2,👨‍👩‍👧 Active Parent Shoppers,2,1,0.04215105116368743,❄️ Cold Lead
10560,1980,PhD,Single,36802.0,1,0,2014-06-16,23,16,1,2,0,0,1,1,1,0,3,5,0,0,0,0,0,0,0,34,20,13,1,5,3.3333333333333335,0,1,2,18401.0,0,💤 Low Engagers,4,2,0.010965517036905893,❄️ Cold Lead
2631,1982,Graduation,Together,71853.0,0,0,2013-05-08,29,358,108,413,141,97,32,1,2,8,6,1,0,0,0,0,0,0,0,32,1149,417,0,17,63.833333333333336,0,0,2,35926.5,1,🌟 High-Value Loyalists,2,3,0.029424346271255463,❄️ Cold Lead
8312,1961,Basic,Married,28249.0,0,0,2014-06-15,80,1,9,7,2,14,10,1,2,0,3,6,0,0,0,0,0,0,0,53,43,14,0,6,6.142857142857143,0,0,2,14124.5,0,💤 Low Engagers,0,1,0.005443293358737726,❄️ Cold Lead
5534,1975,Master,Married,47808.0,0,1,2013-10-20,30,123,1,26,2,0,72,2,3,2,3,7,1,0,0,0,0,0,0,39,224,252,1,10,20.363636363636363,1,1,3,15936.0,0,💤 Low Engagers,3,1,0.40929427683139125,🌤 Warm Lead
5093,1974,PhD,Divorced,25509.0,1,0,2012-09-18,15,40,3,30,10,7,11,3,3,0,3,9,0,0,0,0,0,0,1,40,101,649,1,9,10.1,0,1,2,12754.5,0,💤 Low Engagers,4,0,0.784453398416095,🔥 Hot Lead
7592,1946,PhD,Married,51012.0,0,0,2013-04-18,86,102,9,63,2,9,24,1,4,1,4,6,0,0,0,0,0,0,0,68,209,437,0,10,19.0,0,0,2,25506.0,0,💤 Low Engagers,4,1,0.036451884169610684,❄️ Cold Lead
8895,1985,Graduation,Single,70596.0,0,0,2012-10-05,68,347,44,534,17,0,26,1,3,5,12,2,0,0,0,0,0,0,0,29,968,632,0,21,44.0,0,0,1,70596.0,1,🌟 High-Value Loyalists,2,2,0.044517367819732645,❄️ Cold Lead
8584,1952,PhD,Together,85431.0,0,0,2013-06-08,54,376,53,462,168,53,53,1,2,7,7,0,0,0,0,0,0,0,0,62,1165,386,0,17,64.72222222222223,0,0,2,42715.5,1,🌟 High-Value Loyalists,4,3,0.027257436100816247,❄️ Cold Lead
2694,1967,Graduation,Married,42664.0,0,1,2014-03-18,44,21,0,3,0,0,0,1,1,0,3,6,0,0,0,0,0,0,0,47,24,103,1,5,4.0,0,1,3,14221.333333333334,0,💤 Low Engagers,2,1,0.0038330254916919887,❄️ Cold Lead
8910,1955,Graduation,Together,42586.0,1,1,2012-10-29,7,194,2,56,0,0,0,5,4,1,6,8,0,0,0,0,0,0,1,59,252,608,2,16,14.823529411764707,0,1,4,10646.5,2,👨‍👩‍👧 Active Parent Shoppers,2,3,0.816800773666345,🔥 Hot Lead
7433,1985,Graduation,Single,29760.0,1,0,2012-08-29,87,64,4,68,7,5,17,4,3,1,4,8,0,0,0,0,0,0,0,29,165,669,1,12,12.692307692307692,0,1,2,14880.0,0,💤 Low Engagers,2,2,0.252470270928561,❄️ Cold Lead
164,1977,PhD,Married,28973.0,0,0,2012-10-13,59,206,0,46,3,2,12,2,5,1,5,8,0,0,0,0,0,0,0,37,269,624,0,13,19.214285714285715,0,0,2,14486.5,0,💤 Low Engagers,4,1,0.3631967042469443,❄️ Cold Lead
10477,1973,PhD,Together,39435.0,1,0,2013-08-06,16,71,0,18,0,0,13,1,3,1,2,7,0,0,0,0,0,0,0,41,102,327,1,7,12.75,0,1,3,13145.0,0,💤 Low Engagers,4,3,0.5060268873230198,🌤 Warm Lead
2681,1984,Diploma,Married,65370.0,0,0,2013-08-01,1,71,22,112,138,89,29,1,2,3,13,1,0,0,0,0,0,0,0,30,461,332,0,19,23.05,0,0,2,32685.0,1,🌟 High-Value Loyalists,1,1,0.09260353412894155,❄️ Cold Lead
5150,1979,Basic,Single,20194.0,1,0,2012-12-17,64,0,4,7,11,10,15,2,2,0,3,6,0,0,0,0,0,0,0,35,47,559,1,7,5.875,0,1,2,10097.0,0,💤 Low Engagers,0,2,0.05591765683085297,❄️ Cold Lead
5283,1976,PhD,Single,42473.0,1,1,2014-02-17,72,93,1,21,0,4,25,3,2,1,4,5,0,0,0,0,0,0,0,38,144,132,2,10,13.090909090909092,0,1,3,14157.666666666666,0,💤 Low Engagers,4,2,0.020735034971462923,❄️ Cold Lead
9645,1968,Graduation,Married,64590.0,0,0,2012-10-14,98,920,138,168,36,46,30,1,9,4,10,6,0,0,0,0,0,0,0,46,1338,623,0,24,53.52,0,0,2,32295.0,1,🌟 High-Value Loyalists,2,1,0.10394962529794631,❄️ Cold Lead
10678,1959,Graduation,Together,71232.0,0,1,2013-11-28,91,653,17,170,34,26,17,2,11,2,10,7,0,0,0,0,0,0,0,55,917,213,1,25,35.26923076923077,0,1,3,23744.0,2,👨‍👩‍👧 Active Parent Shoppers,2,3,0.017652259650707092,❄️ Cold Lead
7261,1971,Graduation,Together,34600.0,1,1,2013-01-01,8,199,33,60,8,3,15,5,5,2,5,8,0,0,0,0,0,0,1,43,318,544,2,17,17.666666666666668,0,1,4,8650.0,0,💤 Low Engagers,2,3,0.7718625350737008,🔥 Hot Lead
9648,1967,Graduation,Single,46904.0,1,1,2012-11-03,20,153,4,56,0,9,31,4,5,1,4,8,0,0,0,0,0,0,0,47,253,603,2,14,16.866666666666667,0,1,3,15634.666666666666,0,💤 Low Engagers,2,2,0.420744841995336,🌤 Warm Lead
2870,1973,Graduation,Married,49094.0,0,1,2012-09-21,6,376,0,38,11,8,69,5,6,3,6,6,0,0,0,0,0,0,0,41,502,646,1,20,23.904761904761905,0,1,3,16364.666666666666,2,👨‍👩‍👧 Active Parent Shoppers,2,1,0.2941230448137436,❄️ Cold Lead
8008,1983,Graduation,Together,36075.0,1,0,2013-12-09,54,46,0,30,12,1,30,1,2,0,4,6,0,0,0,0,0,0,0,31,119,202,1,7,14.875,0,1,3,12025.0,0,💤 Low Engagers,2,3,0.018007075569702585,❄️ Cold Lead
1513,1979,Diploma,Together,60839.0,1,1,2012-08-28,72,600,21,128,223,150,128,13,2,2,12,8,0,0,0,0,0,0,0,35,1250,670,2,29,41.666666666666664,0,1,4,15209.75,2,👨‍👩‍👧 Active Parent Shoppers,1,3,0.03499357212767562,❄️ Cold Lead
6173,1979,Graduation,Together,77298.0,0,1,2013-11-02,46,425,115,292,23,35,79,1,6,6,11,3,0,0,0,0,0,0,0,35,969,239,1,24,38.76,0,1,3,25766.0,2,👨‍👩‍👧 Active Parent Shoppers,2,3,0.0024116717240945493,❄️ Cold Lead
1419,1950,Graduation,Together,34026.0,1,1,2013-08-05,11,18,6,15,12,8,17,3,2,1,3,5,0,0,0,0,0,0,0,64,76,328,2,9,7.6,0,1,4,8506.5,0,💤 Low Engagers,2,3,0.11479157145075827,❄️ Cold Lead
9150,1963,PhD,Single,48918.0,1,1,2014-04-12,21,52,0,9,0,0,1,2,1,0,4,4,0,0,0,0,0,0,0,51,62,78,2,7,7.75,0,1,3,16306.0,0,💤 Low Engagers,4,2,0.007597096164663644,❄️ Cold Lead
7960,1962,Diploma,Together,82122.0,0,0,2013-08-15,89,734,22,350,151,25,100,1,3,9,13,1,0,0,1,0,0,0,0,52,1382,318,0,26,51.18518518518518,1,0,2,41061.0,1,🌟 High-Value Loyalists,1,3,0.11432246172873643,❄️ Cold Lead
1250,1976,Graduation,Single,37697.0,1,0,2014-02-07,82,34,6,21,11,4,8,1,2,1,3,6,0,0,0,0,0,0,0,38,84,142,1,7,10.5,0,1,2,18848.5,0,💤 Low Engagers,2,2,0.0237672118415986,❄️ Cold Lead
9905,1952,Graduation,Together,34074.0,1,1,2013-07-13,69,135,1,41,10,1,67,5,3,3,3,6,1,0,0,0,0,0,0,62,255,351,2,14,17.0,1,1,4,8518.5,0,💤 Low Engagers,2,3,0.13533043039535983,❄️ Cold Lead
10691,1960,Master,Married,28520.0,1,1,2013-06-14,55,11,0,10,0,2,20,1,1,1,2,6,0,0,0,0,0,0,0,54,43,380,2,5,7.166666666666667,0,1,4,7130.0,0,💤 Low Engagers,3,1,0.0743520258109045,❄️ Cold Lead
7002,1955,Graduation,Single,62535.0,0,1,2013-10-03,13,163,48,90,0,45,52,1,3,2,8,3,0,0,0,0,0,0,0,59,398,269,1,14,26.533333333333335,0,1,2,31267.5,2,👨‍👩‍👧 Active Parent Shoppers,2,2,0.01928928183380148,❄️ Cold Lead
2952,1977,Master,Single,36273.0,1,0,2014-04-16,80,29,3,30,3,2,9,2,3,0,3,6,0,0,0,0,0,0,0,37,76,74,1,8,8.444444444444445,0,1,2,18136.5,0,💤 Low Engagers,3,2,0.012011944267480892,❄️ Cold Lead
8439,1964,Graduation,Together,63404.0,0,2,2014-06-06,97,734,26,70,11,44,17,2,6,3,4,4,0,0,0,1,0,0,0,50,902,23,2,15,56.375,1,1,4,15851.0,2,👨‍👩‍👧 Active Parent Shoppers,2,3,0.044099760782535705,❄️ Cold Lead
762,1981,Diploma,Together,75774.0,1,0,2014-05-02,27,340,21,134,258,14,56,1,7,5,8,4,0,0,0,0,0,0,0,33,823,58,1,21,37.40909090909091,0,1,3,25258.0,2,👨‍👩‍👧 Active Parent Shoppers,1,3,0.01602244302012161,❄️ Cold Lead
2831,1976,Graduation,Together,78416.0,0,1,2014-06-27,99,453,38,279,188,38,183,2,7,7,10,3,0,0,0,0,0,0,0,38,1179,2,1,26,43.666666666666664,0,1,3,26138.666666666668,2,👨‍👩‍👧 Active Parent Shoppers,2,3,0.0052676588856513575,❄️ Cold Lead
6977,1974,Graduation,Together,75702.0,0,1,2012-10-14,87,1073,0,629,145,37,37,1,10,5,13,6,0,0,1,0,0,0,0,40,1921,623,1,29,64.03333333333333,1,1,3,25234.0,2,👨‍👩‍👧 Active Parent Shoppers,2,3,0.04466974434463384,❄️ Cold Lead
6289,1951,Master,Together,59385.0,1,1,2013-04-28,85,135,0,10,0,4,36,2,3,1,4,5,0,0,0,0,0,0,0,63,185,427,2,10,16.818181818181817,0,1,4,14846.25,2,👨‍👩‍👧 Active Parent Shoppers,3,3,0.036720588525257836,❄️ Cold Lead
4168,1966,Graduation,Single,37070.0,1,1,2013-03-20,30,231,7,137,4,15,39,9,5,1,8,7,0,0,0,0,0,0,1,48,433,466,2,23,18.041666666666668,0,1,3,12356.666666666666,2,👨‍👩‍👧 Active Parent Shoppers,2,2,0.5497796215421507,🌤 Warm Lead
8397,1951,Graduation,Married,44689.0,1,1,2014-01-10,82,18,0,5,0,0,11,2,1,1,2,7,1,0,0,0,0,0,0,63,34,170,2,6,4.857142857142857,1,1,4,11172.25,0,💤 Low Engagers,2,1,0.06356125607233926,❄️ Cold Lead
9284,1958,Graduation,Together,53977.0,0,1,2013-06-08,21,620,16,165,0,24,82,5,5,5,12,5,0,0,0,0,0,0,0,56,907,386,1,27,32.392857142857146,0,1,3,17992.333333333332,2,👨‍👩‍👧 Active Parent Shoppers,2,3,0.0228910781679129,❄️ Cold Lead
6237,1966,PhD,Single,7144.0,0,2,2013-12-07,92,81,4,33,5,2,291,0,23,1,1,0,0,0,0,0,0,0,0,48,416,204,2,25,16.0,0,1,3,2381.3333333333335,2,👨‍👩‍👧 Active Parent Shoppers,4,2,0.03773559021499679,❄️ Cold Lead
3130,1964,Graduation,Single,18701.0,1,1,2013-06-04,95,12,4,2,10,6,10,4,2,0,4,5,0,0,0,0,0,0,0,50,44,390,2,10,4.0,0,1,3,6233.666666666667,0,💤 Low Engagers,2,2,0.006005943001186062,❄️ Cold Lead
1619,1956,Graduation,Married,90369.0,0,0,2014-04-28,2,292,51,981,224,23,17,1,4,6,6,1,0,0,0,0,0,0,1,58,1588,62,0,17,88.22222222222223,0,0,2,45184.5,1,🌟 High-Value Loyalists,2,1,0.7178671365137894,🔥 Hot Lead
1990,1974,PhD,Single,63159.0,0,0,2012-11-05,74,965,34,586,89,86,37,1,3,5,8,3,1,0,0,0,0,0,0,40,1797,601,0,17,99.83333333333333,1,0,1,63159.0,1,🌟 High-Value Loyalists,4,2,0.2689883388514491,❄️ Cold Lead
5513,1966,Graduation,Together,37758.0,1,1,2012-10-04,49,27,2,10,0,0,1,2,1,0,3,8,0,0,0,0,0,0,0,48,40,633,2,6,5.714285714285714,0,1,4,9439.5,0,💤 Low Engagers,2,3,0.06880811359920495,❄️ Cold Lead
269,1963,PhD,Single,46757.0,0,1,2012-11-16,71,777,30,163,0,51,122,6,4,4,7,9,0,0,0,0,0,0,0,51,1143,590,1,21,51.95454545454545,0,1,2,23378.5,2,👨‍👩‍👧 Active Parent Shoppers,4,2,0.22583731520814876,❄️ Cold Lead
8093,1969,Master,Married,79734.0,0,0,2014-06-28,72,572,8,232,23,62,17,1,4,3,6,1,0,0,0,1,0,0,0,45,914,1,0,14,60.93333333333333,1,0,2,39867.0,1,🌟 High-Value Loyalists,3,1,0.03377567266258556,❄️ Cold Lead
10513,1992,Graduation,Together,63207.0,0,0,2013-01-20,68,438,169,565,91,169,70,1,2,3,6,7,0,0,0,1,0,0,0,22,1502,525,0,12,115.53846153846153,1,0,2,31603.5,3,🏆 Champions,2,3,0.19096698801583437,❄️ Cold Lead
10177,1954,Graduation,Divorced,72071.0,0,1,2013-02-14,4,531,69,300,150,138,150,3,5,4,8,2,0,0,0,0,0,0,0,60,1338,500,1,20,63.714285714285715,0,1,2,36035.5,2,👨‍👩‍👧 Active Parent Shoppers,2,0,0.12235444744375108,❄️ Cold Lead
2549,1983,PhD,Together,21840.0,1,0,2013-07-21,80,17,0,9,0,0,1,1,1,0,3,9,0,0,0,0,0,0,0,31,27,343,1,5,4.5,0,1,3,7280.0,0,💤 Low Engagers,4,3,0.007101840840825341,❄️ Cold Lead
5782,1982,Diploma,Together,58582.0,0,1,2013-09-28,15,402,35,106,101,77,42,2,9,2,9,5,0,1,0,0,0,0,0,32,763,274,1,22,33.17391304347826,1,1,3,19527.333333333332,2,👨‍👩‍👧 Active Parent Shoppers,1,3,0.26330610807804317,❄️ Cold Lead
10057,1951,Graduation,Single,72282.0,0,0,2013-07-19,70,503,27,419,90,139,153,1,5,7,9,7,0,0,0,0,0,0,1,63,1331,345,0,22,57.869565217391305,0,0,1,72282.0,1,🌟 High-Value Loyalists,2,2,0.16638048746345516,❄️ Cold Lead
10307,1956,Graduation,Married,50387.0,0,2,2013-08-31,91,369,9,87,12,14,34,3,6,2,8,5,0,0,0,0,0,0,0,58,525,302,2,19,26.25,0,1,4,12596.75,2,👨‍👩‍👧 Active Parent Shoppers,2,1,0.025537280599574937,❄️ Cold Lead
8566,1961,PhD,Together,32583.0,1,1,2014-06-15,10,5,0,3,0,0,1,1,1,0,2,7,0,0,0,0,0,0,0,53,9,14,2,4,1.8,0,1,4,8145.75,0,💤 Low Engagers,4,3,0.022566912919814257,❄️ Cold Lead
2415,1962,Graduation,Together,62568.0,0,1,2014-04-07,99,362,17,398,80,35,61,3,5,3,5,4,0,0,0,1,0,0,0,52,953,83,1,16,56.05882352941177,1,1,3,20856.0,2,👨‍👩‍👧 Active Parent Shoppers,2,3,0.02953121870820569,❄️ Cold Lead
5684,1971,Master,Divorced,44635.0,1,1,2013-10-11,25,56,0,9,0,0,3,2,2,0,3,7,0,0,0,0,0,0,0,43,68,261,2,7,8.5,0,1,3,14878.333333333334,0,💤 Low Engagers,3,0,0.03029171989832608,❄️ Cold Lead
8334,1971,Master,Single,33316.0,1,1,2013-10-04,34,79,1,31,4,4,12,3,2,1,4,6,0,0,0,0,0,0,0,43,131,268,2,10,11.909090909090908,0,1,3,11105.333333333334,0,💤 Low Engagers,3,2,0.11716103141162311,❄️ Cold Lead
9166,1968,Graduation,Married,63967.0,0,1,2013-08-09,57,387,84,141,73,35,162,3,4,4,12,2,0,0,0,0,0,0,0,46,882,324,1,23,36.75,0,1,3,21322.333333333332,2,👨‍👩‍👧 Active Parent Shoppers,2,1,0.0027758523634240574,❄️ Cold Lead
1440,1978,Diploma,Together,52513.0,0,0,2012-09-04,84,367,17,241,104,188,232,2,9,5,9,7,0,0,0,0,0,0,0,36,1149,663,0,25,44.19230769230769,0,0,2,26256.5,2,👨‍👩‍👧 Active Parent Shoppers,1,3,0.07019180304085575,❄️ Cold Lead
78,1969,Graduation,Married,25293.0,1,0,2013-09-15,51,15,0,11,0,2,9,1,1,1,2,8,0,0,0,0,0,0,0,45,37,287,1,5,6.166666666666667,0,1,3,8431.0,0,💤 Low Engagers,2,1,0.09844397908197848,❄️ Cold Lead
5441,1965,PhD,Widow,54111.0,0,1,2013-08-25,97,267,6,54,8,3,50,2,5,2,6,5,0,0,0,0,0,0,0,49,388,308,1,15,24.25,0,1,2,27055.5,2,👨‍👩‍👧 Active Parent Shoppers,4,4,0.030426675878820135,❄️ Cold Lead
5302,1986,Graduation,Together,78394.0,0,0,2013-02-15,13,298,27,697,216,24,166,1,4,6,5,2,0,0,0,0,0,0,1,28,1428,499,0,16,84.0,0,0,2,39197.0,1,🌟 High-Value Loyalists,2,3,0.6730673976855875,🌤 Warm Lead
4687,1958,Master,Married,80739.0,0,0,2013-05-23,92,674,92,736,39,0,92,1,3,11,9,1,0,0,0,0,0,0,0,56,1633,402,0,24,65.32,0,0,2,40369.5,1,🌟 High-Value Loyalists,3,1,0.029764170872272105,❄️ Cold Lead
1087,1975,Master,Together,22669.0,1,0,2013-05-22,30,16,14,36,37,22,48,3,4,1,2,9,0,0,0,0,0,0,1,39,173,403,1,10,15.727272727272727,0,1,3,7556.333333333333,0,💤 Low Engagers,3,3,0.4072804180428553,🌤 Warm Lead
6859,1987,Graduation,Single,29236.0,1,0,2013-10-08,30,37,4,24,16,9,9,2,4,0,3,9,0,0,0,0,0,0,0,27,99,264,1,9,9.9,0,1,2,14618.0,0,💤 Low Engagers,2,2,0.09108941286175182,❄️ Cold Lead
9860,1959,Graduation,Together,44911.0,0,1,2013-03-15,11,159,0,22,2,1,31,3,4,1,4,7,0,0,0,0,0,0,0,55,215,471,1,12,16.53846153846154,0,1,3,14970.333333333334,0,💤 Low Engagers,2,3,0.2482069280343362,❄️ Cold Lead
7129,1962,PhD,Married,54693.0,0,1,2013-02-17,72,686,17,142,23,26,35,8,6,4,13,6,0,0,0,0,0,0,0,52,929,497,1,31,29.03125,0,1,3,18231.0,2,👨‍👩‍👧 Active Parent Shoppers,4,1,0.0773904004805004,❄️ Cold Lead
5866,1974,Graduation,Together,48186.0,1,0,2014-03-20,39,97,3,66,12,7,34,3,4,1,4,7,0,0,0,0,0,0,0,40,219,101,1,12,16.846153846153847,0,1,3,16062.0,0,💤 Low Engagers,2,3,0.043894252231868255,❄️ Cold Lead
10521,1977,Graduation,Married,54809.0,1,1,2013-09-11,0,63,6,57,13,13,22,4,2,1,5,4,0,0,0,0,0,0,1,37,174,291,2,12,13.384615384615385,0,1,4,13702.25,0,💤 Low Engagers,2,1,0.4949450482731477,🌤 Warm Lead
7393,1978,Graduation,Together,41580.0,1,1,2012-12-10,15,56,5,24,4,0,3,3,2,1,3,5,0,0,0,0,0,0,0,36,92,566,2,9,9.2,0,1,4,10395.0,0,💤 Low Engagers,2,3,0.28047462618238306,❄️ Cold Lead
7849,1970,PhD,Married,80336.0,0,0,2013-09-09,12,209,19,456,160,142,66,1,2,9,13,1,0,0,0,0,0,0,0,44,1052,293,0,25,40.46153846153846,0,0,2,40168.0,1,🌟 High-Value Loyalists,4,1,0.07634481228085686,❄️ Cold Lead
332,1957,Graduation,Married,47743.0,0,1,2013-03-22,56,198,2,43,0,12,20,3,4,1,6,6,0,1,0,0,0,0,0,57,275,464,1,14,18.333333333333332,1,1,3,15914.333333333334,2,👨‍👩‍👧 Active Parent Shoppers,2,1,0.22585511850202103,❄️ Cold Lead
9847,1955,Diploma,Married,62972.0,0,1,2012-08-03,39,313,15,47,20,0,192,2,7,4,3,6,0,0,0,0,0,0,0,59,587,695,1,16,34.529411764705884,0,1,3,20990.666666666668,2,👨‍👩‍👧 Active Parent Shoppers,1,1,0.5326743642691995,🌤 Warm Lead
531,1954,PhD,Divorced,57333.0,0,1,2012-09-22,55,941,14,397,76,58,176,11,8,5,9,6,0,0,0,0,0,0,1,60,1662,645,1,33,48.88235294117647,0,1,2,28666.5,2,👨‍👩‍👧 Active Parent Shoppers,4,0,0.30577258603667146,❄️ Cold Lead
9576,1982,PhD,Together,32313.0,1,0,2013-02-11,60,86,4,56,2,4,7,3,4,0,4,9,0,0,0,0,0,0,0,32,159,503,1,11,13.25,0,1,3,10771.0,0,💤 Low Engagers,4,3,0.08198624869312082,❄️ Cold Lead
6906,1953,Master,Widow,84953.0,0,0,2013-06-03,73,167,48,602,63,72,72,1,3,10,4,2,0,1,1,1,0,0,1,61,1024,391,0,18,53.89473684210526,3,0,1,84953.0,3,🏆 Champions,3,4,0.7892413975874751,🔥 Hot Lead
7419,1968,Master,Divorced,27071.0,1,0,2014-04-23,90,8,3,19,0,2,3,2,2,0,3,6,0,0,0,0,0,0,0,46,35,67,1,7,4.375,0,1,2,13535.5,0,💤 Low Engagers,3,0,0.005472426173531648,❄️ Cold Lead
3170,1957,Master,Together,68148.0,0,0,2013-08-31,86,389,66,408,37,57,85,1,4,4,6,2,0,0,0,0,0,0,0,57,1042,302,0,15,65.125,0,0,2,34074.0,1,🌟 High-Value Loyalists,3,3,0.011713941203133826,❄️ Cold Lead
8527,1965,Master,Together,65735.0,1,1,2013-12-07,37,239,7,119,4,15,11,5,6,2,6,7,0,0,0,0,0,0,0,49,395,204,2,19,19.75,0,1,4,16433.75,2,👨‍👩‍👧 Active Parent Shoppers,3,3,0.03751844454523968,❄️ Cold Lead
7872,1975,PhD,Married,86836.0,0,0,2012-09-12,7,179,21,273,0,21,63,1,6,10,6,5,1,0,1,1,0,0,1,39,557,655,0,23,23.208333333333332,3,0,2,43418.0,3,🏆 Champions,4,1,0.7811456575334776,🔥 Hot Lead
9931,1963,PhD,Married,4023.0,1,1,2014-06-23,29,5,0,1,1,1,1,15,0,0,0,19,0,0,0,0,0,0,0,51,9,6,2,15,0.5625,0,1,4,1005.75,0,💤 Low Engagers,4,1,0.014500533064924905,❄️ Cold Lead
10595,1990,Graduation,Married,30093.0,0,0,2013-07-08,19,2,6,28,13,4,16,1,2,0,3,7,0,0,0,0,0,0,0,24,69,356,0,6,9.857142857142858,0,0,2,15046.5,0,💤 Low Engagers,2,1,0.05703191714921415,❄️ Cold Lead
4609,1966,PhD,Married,57705.0,0,1,2014-01-11,14,383,0,53,6,4,40,3,8,1,6,6,0,0,0,0,0,0,0,48,486,169,1,18,25.57894736842105,0,1,3,19235.0,2,👨‍👩‍👧 Active Parent Shoppers,4,1,0.06501558020909026,❄️ Cold Lead
5010,1988,Graduation,Single,25008.0,1,0,2014-02-02,72,2,8,8,6,1,9,2,1,0,3,8,0,0,0,0,0,0,0,26,34,147,1,6,4.857142857142857,0,1,2,12504.0,0,💤 Low Engagers,2,2,0.004554214508363765,❄️ Cold Lead
4427,1995,Diploma,Single,83257.0,0,0,2012-09-18,56,536,27,590,38,107,67,1,5,10,12,6,1,0,1,0,0,1,1,19,1365,649,0,28,47.06896551724138,2,0,1,83257.0,3,🏆 Champions,1,2,0.902865091122763,🔥 Hot Lead
11148,1975,Graduation,Together,22280.0,1,0,2013-05-19,85,2,1,4,3,1,2,1,1,0,2,8,0,0,0,0,0,0,0,39,13,406,1,4,2.6,0,1,3,7426.666666666667,0,💤 Low Engagers,2,3,0.05170720524307386,❄️ Cold Lead
1168,1978,PhD,Married,72159.0,0,0,2012-10-29,62,322,53,899,34,40,53,1,4,6,10,2,0,0,0,0,0,0,0,36,1401,608,0,21,63.68181818181818,0,0,2,36079.5,1,🌟 High-Value Loyalists,4,1,0.0713570908945215,❄️ Cold Lead
9595,1961,Graduation,Together,64260.0,0,0,2013-01-11,1,539,169,816,20,0,30,1,4,5,4,3,0,0,0,0,0,0,1,53,1574,534,0,14,104.93333333333334,0,0,2,32130.0,1,🌟 High-Value Loyalists,2,3,0.6883096050992301,🌤 Warm Lead
10163,1984,PhD,Single,82733.0,0,0,2013-09-10,28,712,50,420,65,38,38,1,8,4,7,4,0,0,0,0,0,0,1,30,1323,292,0,20,63.0,0,0,1,82733.0,1,🌟 High-Value Loyalists,4,2,0.7431905645289472,🔥 Hot Lead
2886,1971,Master,Divorced,74290.0,0,1,2013-08-12,70,1121,0,72,0,12,12,4,10,8,10,6,0,1,0,1,0,0,0,43,1217,321,1,32,36.878787878787875,2,1,2,37145.0,3,🏆 Champions,3,0,0.5169550185068982,🌤 Warm Lead
6710,1951,Master,Single,58217.0,2,1,2012-11-17,84,68,1,13,3,5,13,1,2,0,4,6,0,0,0,0,0,0,0,63,103,589,3,7,12.875,0,1,4,14554.25,0,💤 Low Engagers,3,2,0.18338778137373432,❄️ Cold Lead
5316,1976,Master,Together,21024.0,0,0,2013-07-04,89,36,4,18,6,2,18,1,2,0,4,7,0,0,0,0,0,0,0,38,84,360,0,7,10.5,0,0,2,10512.0,0,💤 Low Engagers,3,3,0.02562714540458101,❄️ Cold Lead
9029,1972,PhD,Married,70116.0,0,0,2013-01-26,73,707,44,603,95,58,29,1,2,8,12,1,0,0,0,0,0,0,0,42,1536,519,0,23,64.0,0,0,2,35058.0,1,🌟 High-Value Loyalists,4,1,0.013912697198821999,❄️ Cold Lead
521,1985,Graduation,Together,54006.0,1,0,2012-09-18,42,174,77,203,6,24,97,2,8,1,7,7,0,0,0,0,0,0,0,29,581,649,1,18,30.57894736842105,0,1,3,18002.0,2,👨‍👩‍👧 Active Parent Shoppers,2,3,0.13487570708409824,❄️ Cold Lead
1459,1966,PhD,Married,69063.0,0,1,2012-11-07,16,666,35,124,69,8,26,1,5,3,5,3,0,0,0,0,0,0,0,48,928,599,1,14,61.86666666666667,0,1,3,23021.0,2,👨‍👩‍👧 Active Parent Shoppers,4,1,0.1936158019713105,❄️ Cold Lead
10241,1975,Diploma,Divorced,11448.0,0,0,2013-12-15,16,0,0,0,6,2,6,1,1,0,2,6,0,0,0,0,0,0,0,39,14,196,0,4,2.8,0,0,1,11448.0,0,💤 Low Engagers,1,0,0.0732098712106518,❄️ Cold Lead
1630,1979,Graduation,Single,61825.0,0,1,2013-08-07,56,162,50,100,55,30,27,1,4,2,8,4,0,0,0,0,0,0,0,35,424,326,1,15,26.5,0,1,2,30912.5,2,👨‍👩‍👧 Active Parent Shoppers,2,2,0.008179944899219553,❄️ Cold Lead
3254,1971,Graduation,Married,70886.0,1,0,2013-10-14,65,407,70,239,103,88,53,1,5,4,4,2,0,0,0,0,0,0,0,43,960,258,1,14,64.0,0,1,3,23628.666666666668,2,👨‍👩‍👧 Active Parent Shoppers,2,1,0.016639380209850764,❄️ Cold Lead
9064,1982,Graduation,Married,69109.0,0,0,2012-11-09,10,823,25,459,124,29,95,1,6,6,7,4,0,0,1,0,0,0,1,32,1555,597,0,20,74.04761904761905,1,0,2,34554.5,1,🌟 High-Value Loyalists,2,1,0.9170906806547693,🔥 Hot Lead
3678,1973,Graduation,Widow,60208.0,1,1,2012-10-07,13,488,23,71,15,0,59,11,8,3,7,7,0,1,0,0,0,0,1,41,656,630,2,29,21.866666666666667,1,1,3,20069.333333333332,2,👨‍👩‍👧 Active Parent Shoppers,2,4,0.7564532596366662,🔥 Hot Lead
4227,1968,Master,Together,32889.0,1,1,2013-09-06,78,28,0,13,4,2,8,3,2,1,3,5,0,0,0,0,0,0,0,46,55,296,2,9,5.5,0,1,4,8222.25,0,💤 Low Engagers,3,3,0.008454492208045325,❄️ Cold Lead
9467,1984,Graduation,Single,34738.0,1,0,2014-05-11,51,3,2,10,3,0,2,1,1,0,3,6,0,0,0,0,0,0,0,30,20,49,1,5,3.3333333333333335,0,1,2,17369.0,0,💤 Low Engagers,2,2,0.0031861256329044864,❄️ Cold Lead
8486,1971,Master,Together,30538.0,1,0,2012-10-01,27,284,0,52,8,3,20,4,9,0,4,10,0,0,0,0,0,0,0,43,367,636,1,17,20.38888888888889,0,1,3,10179.333333333334,0,💤 Low Engagers,3,3,0.4303768425508908,🌤 Warm Lead
2186,1977,Diploma,Together,82326.0,0,0,2014-03-10,30,938,142,754,159,81,183,1,5,10,6,2,0,1,1,1,0,0,1,37,2257,111,0,22,98.1304347826087,3,0,2,41163.0,3,🏆 Champions,1,3,0.8076343463799759,🔥 Hot Lead
3286,1967,PhD,Divorced,26642.0,1,0,2014-03-01,71,13,2,15,2,2,8,2,2,0,3,6,0,0,0,0,0,0,0,47,42,120,1,7,5.25,0,1,2,13321.0,0,💤 Low Engagers,4,0,0.0045766731920499895,❄️ Cold Lead
8602,1964,Graduation,Divorced,69932.0,0,1,2013-06-12,97,412,172,153,150,105,57,2,7,6,11,4,0,0,0,0,0,0,0,50,1049,382,1,26,38.851851851851855,0,1,2,34966.0,2,👨‍👩‍👧 Active Parent Shoppers,2,0,0.007705337071986899,❄️ Cold Lead
3722,1972,Graduation,Single,44503.0,1,1,2014-04-16,83,31,1,8,0,0,8,2,2,0,3,6,0,0,0,0,0,0,0,42,48,74,2,7,6.0,0,1,3,14834.333333333334,0,💤 Low Engagers,2,2,0.012148449933256159,❄️ Cold Lead
6715,1948,PhD,Single,60200.0,0,1,2013-01-02,3,502,19,132,0,6,26,6,6,2,11,6,0,0,0,0,0,0,0,66,685,543,1,25,26.346153846153847,0,1,2,30100.0,2,👨‍👩‍👧 Active Parent Shoppers,4,2,0.2204439581626594,❄️ Cold Lead
4796,1952,Graduation,Divorced,49638.0,0,1,2014-04-19,71,18,10,3,3,5,0,1,1,0,3,2,0,0,0,0,0,0,0,62,39,71,1,5,6.5,0,1,2,24819.0,0,💤 Low Engagers,2,0,0.0004320962405869907,❄️ Cold Lead
9612,1987,Diploma,Single,23830.0,0,0,2014-02-07,3,1,8,6,4,8,16,1,1,0,3,7,0,0,0,0,0,0,0,27,43,142,0,5,7.166666666666667,0,0,1,23830.0,0,💤 Low Engagers,1,2,0.03449362156839601,❄️ Cold Lead
3766,1959,Master,Widow,33051.0,0,0,2012-08-16,15,100,71,243,108,94,219,3,9,1,8,9,0,0,0,0,0,0,1,55,835,682,0,21,37.95454545454545,0,0,1,33051.0,2,👨‍👩‍👧 Active Parent Shoppers,3,4,0.7324794749722155,🔥 Hot Lead
1399,1958,Graduation,Married,72905.0,0,0,2014-01-21,52,407,114,445,181,165,203,1,3,7,9,1,0,0,0,1,0,0,0,56,1515,159,0,20,72.14285714285714,1,0,2,36452.5,1,🌟 High-Value Loyalists,2,1,0.23005267774600743,❄️ Cold Lead
1570,1951,PhD,Together,69702.0,0,1,2013-02-19,8,664,9,240,50,19,57,2,7,7,10,4,0,0,0,0,0,0,0,63,1039,495,1,26,38.48148148148148,0,1,3,23234.0,2,👨‍👩‍👧 Active Parent Shoppers,4,3,0.11605714607827496,❄️ Cold Lead
3426,1975,Graduation,Divorced,70300.0,1,0,2013-07-15,89,1045,61,338,60,46,46,3,5,5,13,8,0,0,0,0,0,0,0,39,1596,349,1,26,59.111111111111114,0,1,2,35150.0,2,👨‍👩‍👧 Active Parent Shoppers,2,0,0.03272941710684305,❄️ Cold Lead
3074,1984,PhD,Married,70643.0,0,0,2012-10-15,66,1218,107,304,23,143,33,1,5,8,4,6,0,0,0,0,0,0,1,30,1828,622,0,18,96.21052631578948,0,0,2,35321.5,1,🌟 High-Value Loyalists,4,1,0.6827464334956214,🌤 Warm Lead
8341,1969,PhD,Married,30396.0,1,0,2014-04-30,22,15,0,6,0,1,12,2,1,1,2,7,1,0,0,0,0,0,1,45,34,60,1,6,4.857142857142857,1,1,3,10132.0,0,💤 Low Engagers,4,1,0.686725046152884,🌤 Warm Lead
5180,1968,PhD,Divorced,50616.0,0,1,2014-04-18,56,128,0,16,0,1,4,2,4,0,4,7,0,0,0,0,0,0,0,46,149,72,1,10,13.545454545454545,0,1,2,25308.0,0,💤 Low Engagers,4,0,0.03813579776209849,❄️ Cold Lead
6461,1969,Master,Single,62772.0,0,1,2013-05-19,74,581,49,157,43,8,108,1,5,6,11,2,0,1,0,0,0,0,0,45,946,406,1,23,39.416666666666664,1,1,2,31386.0,2,👨‍👩‍👧 Active Parent Shoppers,3,2,0.05577523422034965,❄️ Cold Lead
7679,1985,PhD,Single,30298.0,0,0,2014-05-19,48,6,3,12,6,1,0,1,1,1,3,3,0,0,0,0,0,0,0,29,28,41,0,6,4.0,0,0,1,30298.0,0,💤 Low Engagers,4,2,0.0069395665230508,❄️ Cold Lead
10702,1984,Graduation,Single,52413.0,1,0,2012-11-03,67,185,8,133,56,56,12,2,7,1,7,7,0,0,0,0,0,0,0,30,450,603,1,17,25.0,0,1,2,26206.5,2,👨‍👩‍👧 Active Parent Shoppers,2,2,0.21078418800618237,❄️ Cold Lead
7505,1957,PhD,Married,44155.0,1,1,2014-01-19,24,22,1,9,0,0,14,1,1,1,2,4,0,0,0,0,0,0,0,57,46,161,2,5,7.666666666666667,0,1,4,11038.75,0,💤 Low Engagers,4,1,0.06789002871139077,❄️ Cold Lead
5113,1971,PhD,Divorced,86979.0,0,0,2013-11-07,67,584,100,835,65,83,35,1,5,5,5,2,1,0,0,0,0,0,1,43,1702,234,0,16,100.11764705882354,1,0,1,86979.0,1,🌟 High-Value Loyalists,4,0,0.8632772489860294,🔥 Hot Lead
10858,1975,Graduation,Together,76532.0,1,1,2013-09-09,38,355,30,177,90,138,30,4,9,5,7,5,0,0,0,0,0,0,0,39,820,293,2,25,31.53846153846154,0,1,4,19133.0,2,👨‍👩‍👧 Active Parent Shoppers,2,3,0.014227176988976529,❄️ Cold Lead
2961,1982,Graduation,Married,42081.0,1,0,2013-02-26,86,175,10,110,54,6,27,2,6,3,4,6,1,0,0,0,0,0,0,32,382,488,1,15,23.875,1,1,3,14027.0,0,💤 Low Engagers,2,1,0.19917479107599306,❄️ Cold Lead
2747,1988,PhD,Married,67546.0,0,0,2012-08-31,90,864,134,768,150,38,172,1,4,10,5,3,0,0,0,0,0,0,0,26,2126,667,0,20,101.23809523809524,0,0,2,33773.0,1,🌟 High-Value Loyalists,4,1,0.05164309555117001,❄️ Cold Lead
3010,1989,Master,Together,88420.0,0,0,2014-05-02,87,957,153,612,99,95,153,1,4,7,8,1,1,0,1,1,0,0,0,25,2069,58,0,20,98.52380952380952,3,0,2,44210.0,3,🏆 Champions,3,3,0.10593429729474212,❄️ Cold Lead
5790,1985,Graduation,Married,31158.0,1,0,2013-01-27,62,25,6,16,20,0,5,2,2,0,3,8,0,0,0,0,0,0,0,29,72,518,1,7,9.0,0,1,3,10386.0,0,💤 Low Engagers,2,1,0.07683196846129622,❄️ Cold Lead
6892,1968,Graduation,Divorced,61671.0,0,1,2014-06-03,23,641,7,56,0,0,28,8,10,4,6,8,0,1,0,1,0,0,0,46,732,26,1,28,25.24137931034483,2,1,2,30835.5,2,👨‍👩‍👧 Active Parent Shoppers,2,0,0.18303897286264526,❄️ Cold Lead
1743,1974,Graduation,Single,69719.0,0,0,2014-05-26,99,273,86,208,177,14,43,1,2,3,5,1,0,0,0,0,0,0,0,40,801,34,0,11,66.75,0,0,1,69719.0,1,🌟 High-Value Loyalists,2,2,0.014241962956685941,❄️ Cold Lead
3578,1949,Graduation,Divorced,49160.0,0,1,2013-10-20,29,122,21,43,25,10,15,2,3,1,6,6,0,0,0,0,0,0,0,65,236,252,1,12,18.153846153846153,0,1,2,24580.0,0,💤 Low Engagers,2,0,0.052547591573573256,❄️ Cold Lead
8462,1978,Basic,Together,24882.0,1,0,2012-09-09,52,1,4,10,29,0,36,1,1,1,2,6,1,0,0,0,0,0,0,36,80,658,1,5,13.333333333333334,1,1,3,8294.0,0,💤 Low Engagers,0,3,0.295993272545666,❄️ Cold Lead
5558,1954,PhD,Single,90933.0,0,0,2014-03-31,90,1020,31,430,62,63,79,1,4,6,4,1,0,0,1,0,0,0,0,60,1685,90,0,15,105.3125,1,0,1,90933.0,1,🌟 High-Value Loyalists,4,2,0.16544286484982845,❄️ Cold Lead
4619,1945,PhD,Single,113734.0,0,0,2014-05-28,9,6,2,3,1,262,3,0,27,0,0,1,0,0,0,0,0,0,0,69,277,32,0,27,9.892857142857142,0,0,1,113734.0,1,🌟 High-Value Loyalists,4,2,0.08672276994549119,❄️ Cold Lead
8780,1950,PhD,Together,59292.0,0,1,2013-06-13,71,378,14,68,19,14,14,2,3,5,8,3,0,0,0,0,0,0,0,64,507,381,1,18,26.68421052631579,0,1,3,19764.0,2,👨‍👩‍👧 Active Parent Shoppers,4,3,0.0073727678368578475,❄️ Cold Lead
10789,1964,PhD,Married,45759.0,1,1,2013-02-23,13,42,1,18,3,0,4,2,2,0,3,7,0,0,0,0,0,0,0,50,68,491,2,7,8.5,0,1,4,11439.75,0,💤 Low Engagers,4,1,0.097545174697352,❄️ Cold Lead
10779,1983,Graduation,Single,22148.0,0,0,2014-04-13,16,15,5,14,0,4,11,1,1,0,3,7,0,0,0,0,0,0,0,31,49,77,0,5,8.166666666666666,0,0,1,22148.0,0,💤 Low Engagers,2,2,0.03288416071795092,❄️ Cold Lead
5896,1987,Master,Married,73395.0,0,0,2014-03-18,94,272,7,80,20,7,11,1,4,4,6,2,0,0,0,0,0,0,0,27,397,103,0,15,24.8125,0,0,2,36697.5,1,🌟 High-Value Loyalists,3,1,0.004870314498618119,❄️ Cold Lead
2337,1971,Graduation,Divorced,29819.0,1,0,2013-10-24,77,9,1,24,2,1,2,3,3,0,3,6,0,0,0,0,0,0,0,43,39,248,1,9,3.9,0,1,2,14909.5,0,💤 Low Engagers,2,0,0.0056605247433693115,❄️ Cold Lead
10951,1968,Graduation,Married,45688.0,0,1,2014-01-25,20,279,0,18,0,0,9,2,3,1,8,4,0,1,0,0,0,0,0,46,306,155,1,14,20.4,1,1,3,15229.333333333334,0,💤 Low Engagers,2,1,0.25024471537957704,❄️ Cold Lead
544,1954,Graduation,Married,62820.0,0,0,2013-05-11,51,398,61,265,138,61,53,1,3,4,6,1,0,0,0,0,0,0,0,60,976,414,0,14,65.06666666666666,0,0,2,31410.0,1,🌟 High-Value Loyalists,2,1,0.01821420036404642,❄️ Cold Lead
17,1971,PhD,Married,60491.0,0,1,2013-09-06,81,637,47,237,12,19,76,4,6,11,7,5,0,0,0,0,0,0,0,43,1028,296,1,28,35.44827586206897,0,1,3,20163.666666666668,2,👨‍👩‍👧 Active Parent Shoppers,4,1,0.08062329845894105,❄️ Cold Lead
10680,1986,Graduation,Together,33235.0,1,0,2014-02-05,71,45,0,16,2,1,6,1,3,0,3,7,0,0,0,0,0,0,0,28,70,144,1,7,8.75,0,1,3,11078.333333333334,0,💤 Low Engagers,2,3,0.012560114948175048,❄️ Cold Lead
3265,1959,Graduation,Married,35701.0,0,0,2013-03-19,36,21,1,9,7,3,5,1,1,0,3,6,0,0,0,0,0,0,0,55,46,467,0,5,7.666666666666667,0,0,2,17850.5,0,💤 Low Engagers,2,1,0.04493461206404018,❄️ Cold Lead
5623,1980,Master,Married,31535.0,1,0,2013-09-26,95,15,4,13,0,0,19,1,1,1,2,7,1,0,0,0,0,0,0,34,51,276,1,5,8.5,1,1,3,10511.666666666666,0,💤 Low Engagers,3,1,0.09870933792727751,❄️ Cold Lead
5832,1960,Diploma,Together,92556.0,0,0,2014-04-20,32,493,183,352,184,23,28,0,3,5,13,0,0,0,0,0,0,0,0,54,1263,70,0,21,57.40909090909091,0,0,2,46278.0,1,🌟 High-Value Loyalists,1,3,0.14510310499053872,❄️ Cold Lead
5544,1970,Graduation,Single,67384.0,0,1,2012-11-10,32,957,40,175,158,53,107,2,7,8,5,5,0,1,0,0,0,0,0,44,1490,596,1,22,64.78260869565217,1,1,2,33692.0,2,👨‍👩‍👧 Active Parent Shoppers,2,2,0.430852195962488,🌤 Warm Lead
6417,1971,Master,Together,80573.0,0,0,2012-10-14,85,829,138,430,60,92,15,1,4,6,13,2,0,0,0,0,0,0,0,43,1564,623,0,24,62.56,0,0,2,40286.5,1,🌟 High-Value Loyalists,3,3,0.04327028683656639,❄️ Cold Lead
5831,1967,Graduation,Married,77870.0,0,1,2012-08-22,93,1017,50,500,65,50,133,3,5,5,5,8,0,1,0,1,0,0,1,47,1815,676,1,18,95.52631578947368,2,1,3,25956.666666666668,3,🏆 Champions,2,1,0.6883122469598455,🌤 Warm Lead
7101,1963,PhD,Widow,52278.0,0,1,2013-01-25,24,953,0,71,0,0,174,6,10,5,10,8,0,0,0,0,0,0,0,51,1198,520,1,31,37.4375,0,1,2,26139.0,2,👨‍👩‍👧 Active Parent Shoppers,4,4,0.5418502798484002,🌤 Warm Lead
10176,1968,Graduation,Single,57107.0,0,1,2012-08-24,44,159,0,120,0,0,137,7,4,4,8,8,0,1,0,0,1,0,1,46,416,674,1,23,17.333333333333332,2,1,2,28553.5,2,👨‍👩‍👧 Active Parent Shoppers,2,2,0.5006399871306115,🌤 Warm Lead
2326,1990,Graduation,Married,18929.0,0,0,2013-02-16,15,32,0,8,23,4,18,1,1,0,4,6,0,0,0,0,0,0,0,24,85,498,0,6,12.142857142857142,0,0,2,9464.5,0,💤 Low Engagers,2,1,0.1302229434118294,❄️ Cold Lead
4385,1981,PhD,Single,36038.0,1,0,2013-05-31,82,23,0,15,0,2,7,2,3,0,3,6,0,0,0,0,0,0,0,33,47,394,1,8,5.222222222222222,0,1,2,18019.0,0,💤 Low Engagers,4,2,0.013845124995176929,❄️ Cold Lead
2929,1976,Graduation,Single,20180.0,0,0,2013-02-20,27,18,42,24,15,20,18,1,2,1,4,7,0,0,0,0,0,0,0,38,137,494,0,8,15.222222222222221,0,0,1,20180.0,0,💤 Low Engagers,2,2,0.18351767453082668,❄️ Cold Lead
10686,1965,PhD,Together,34230.0,1,1,2012-12-26,72,15,0,4,0,0,2,1,1,0,2,7,0,0,0,0,0,0,0,49,21,550,2,4,4.2,0,1,4,8557.5,0,💤 Low Engagers,4,3,0.03542667159717764,❄️ Cold Lead
2546,1977,Diploma,Single,31878.0,0,1,2014-06-22,7,23,4,5,10,5,23,1,1,0,4,3,0,0,0,0,0,0,0,37,70,7,1,6,10.0,0,1,2,15939.0,0,💤 Low Engagers,1,2,0.018289828156733575,❄️ Cold Lead
3283,1972,Diploma,Married,70932.0,0,1,2014-01-19,57,200,193,100,46,185,185,2,6,2,12,3,0,0,0,0,0,0,0,42,909,161,1,22,39.52173913043478,0,1,3,23644.0,2,👨‍👩‍👧 Active Parent Shoppers,1,1,0.0020323835482070635,❄️ Cold Lead
3138,1956,Graduation,Single,91249.0,0,0,2012-10-20,84,1324,27,119,71,108,27,0,7,9,6,4,0,1,1,1,1,0,1,58,1676,617,0,22,72.8695652173913,4,0,1,91249.0,3,🏆 Champions,2,2,0.8577481951470972,🔥 Hot Lead
4994,1943,Master,Single,77598.0,0,0,2013-10-01,53,1193,33,281,129,66,33,1,7,5,13,3,0,0,1,0,0,0,0,71,1735,271,0,26,64.25925925925925,1,0,1,77598.0,1,🌟 High-Value Loyalists,3,2,0.15860925319843436,❄️ Cold Lead
7966,1959,Graduation,Single,80982.0,1,1,2013-01-08,48,505,137,401,104,22,22,3,11,5,11,5,0,0,0,0,0,1,0,55,1191,537,2,30,38.41935483870968,0,1,3,26994.0,2,👨‍👩‍👧 Active Parent Shoppers,2,2,0.07519939003624819,❄️ Cold Lead
3112,1977,Master,Married,22701.0,1,0,2013-09-05,2,2,4,9,0,4,5,1,1,0,3,5,0,0,0,0,0,0,0,37,24,297,1,5,4.0,0,1,3,7567.0,0,💤 Low Engagers,3,1,0.014383683636143847,❄️ Cold Lead
10872,1969,PhD,Married,55212.0,0,1,2012-11-23,65,1103,0,45,0,0,34,3,4,2,11,8,0,1,0,0,1,0,0,45,1182,583,1,20,56.285714285714285,2,1,3,18404.0,2,👨‍👩‍👧 Active Parent Shoppers,4,1,0.19821837926110264,❄️ Cold Lead
2181,1970,Graduation,Married,70617.0,0,0,2013-06-23,45,353,61,753,40,46,27,1,3,3,7,2,0,0,0,0,0,0,0,44,1280,371,0,14,85.33333333333333,0,0,2,35308.5,1,🌟 High-Value Loyalists,2,1,0.07743145282459897,❄️ Cold Lead
1867,1957,Graduation,Single,64849.0,0,0,2012-11-13,42,652,48,350,94,84,108,1,9,3,6,5,0,0,0,0,0,0,1,57,1336,593,0,19,66.8,0,0,1,64849.0,1,🌟 High-Value Loyalists,2,2,0.7625929267849578,🔥 Hot Lead
1518,1965,Master,Married,62694.0,1,1,2013-06-17,29,379,6,157,25,91,91,5,9,3,7,7,0,0,0,0,0,0,0,49,749,377,2,24,29.96,0,1,4,15673.5,2,👨‍👩‍👧 Active Parent Shoppers,3,1,0.07768685704653264,❄️ Cold Lead
5734,1974,PhD,Married,61917.0,1,1,2013-11-20,83,46,4,36,2,2,1,1,2,0,4,5,0,0,0,0,0,0,0,40,91,221,2,7,11.375,0,1,4,15479.25,0,💤 Low Engagers,4,1,0.0049226322966065186,❄️ Cold Lead
2878,1947,PhD,Married,67472.0,0,1,2013-09-28,93,162,31,127,8,17,69,2,4,2,7,3,0,0,0,0,0,0,0,67,414,274,1,15,25.875,0,1,3,22490.666666666668,2,👨‍👩‍👧 Active Parent Shoppers,4,1,0.004190617037113519,❄️ Cold Lead
1458,1982,Master,Married,21059.0,1,0,2014-01-07,40,8,3,19,3,3,8,3,3,0,3,6,0,0,0,0,0,0,0,32,44,173,1,9,4.4,0,1,3,7019.666666666667,0,💤 Low Engagers,3,1,0.008332433169858933,❄️ Cold Lead
7007,1968,Master,Married,29543.0,2,0,2014-04-01,47,17,3,18,3,4,18,2,3,1,2,7,0,0,0,0,0,0,0,46,63,89,2,8,7.0,0,1,4,7385.75,0,💤 Low Engagers,3,1,0.08410548138036499,❄️ Cold Lead
6200,1951,Graduation,Married,75903.0,0,1,2013-04-08,50,340,108,185,130,38,100,2,6,6,9,3,0,0,0,0,0,0,0,63,901,447,1,23,37.541666666666664,0,1,3,25301.0,2,👨‍👩‍👧 Active Parent Shoppers,2,1,0.008596861385923948,❄️ Cold Lead
1403,1975,Diploma,Together,34984.0,1,1,2012-09-06,40,8,4,15,3,5,3,2,1,0,3,7,0,0,0,0,0,0,0,39,38,661,2,6,5.428571428571429,0,1,4,8746.0,0,💤 Low Engagers,1,3,0.10243810087328958,❄️ Cold Lead
4827,1956,PhD,Single,54998.0,0,1,2013-03-10,3,154,22,202,39,30,8,5,4,2,9,4,0,0,0,0,0,0,1,58,455,476,1,20,21.666666666666668,0,1,2,27499.0,2,👨‍👩‍👧 Active Parent Shoppers,4,2,0.5605921555561758,🌤 Warm Lead
6250,1949,PhD,Widow,54356.0,0,1,2012-11-19,62,710,15,30,20,0,0,3,11,2,8,8,0,0,0,0,0,0,1,65,775,587,1,24,31.0,0,1,2,27178.0,2,👨‍👩‍👧 Active Parent Shoppers,4,4,0.630889744275887,🌤 Warm Lead
9291,1959,Master,Married,34242.0,0,1,2014-03-23,25,8,2,4,0,0,1,1,0,0,3,5,0,0,0,0,0,0,0,55,15,98,1,4,3.0,0,1,3,11414.0,0,💤 Low Engagers,3,1,0.00461399727411117,❄️ Cold Lead
2478,1973,Graduation,Married,25410.0,1,0,2013-08-31,48,2,2,4,13,13,4,1,1,0,4,4,0,0,0,0,0,0,0,41,38,302,1,6,5.428571428571429,0,1,3,8470.0,0,💤 Low Engagers,2,1,0.004720017243089584,❄️ Cold Lead
1139,1984,PhD,Married,73356.0,0,0,2014-02-06,56,1050,14,322,0,14,112,1,5,11,5,2,1,0,1,1,0,0,1,30,1512,143,0,22,65.73913043478261,3,0,2,36678.0,3,🏆 Champions,4,1,0.7427065325897655,🔥 Hot Lead
5138,1950,Graduation,Together,28320.0,0,1,2013-01-14,68,19,1,14,3,2,4,1,1,0,3,8,0,0,0,0,0,0,0,64,43,531,1,5,7.166666666666667,0,1,3,9440.0,0,💤 Low Engagers,2,3,0.04502901010253822,❄️ Cold Lead
5393,1977,Graduation,Single,23763.0,1,0,2012-08-07,64,22,0,6,6,2,6,1,1,0,3,7,0,0,0,0,0,0,0,37,42,691,1,5,7.0,0,1,2,11881.5,0,💤 Low Engagers,2,2,0.09748099119606897,❄️ Cold Lead
10413,1984,Graduation,Married,72570.0,0,0,2014-04-25,67,274,83,216,151,141,224,1,4,6,12,1,0,0,0,0,0,0,0,30,1089,65,0,23,45.375,0,0,2,36285.0,1,🌟 High-Value Loyalists,2,1,0.0034391520761912187,❄️ Cold Lead
5015,1976,Master,Married,34529.0,1,0,2012-09-14,94,68,6,38,3,6,41,2,2,2,3,7,0,0,0,0,0,0,0,38,162,653,1,9,16.2,0,1,3,11509.666666666666,0,💤 Low Engagers,3,1,0.22269558974481218,❄️ Cold Lead
10868,1951,Graduation,Widow,70792.0,0,0,2013-02-06,82,344,45,654,104,11,114,2,3,4,10,3,0,0,0,0,0,0,0,63,1272,508,0,19,63.6,0,0,1,70792.0,1,🌟 High-Value Loyalists,2,4,0.06148317746225951,❄️ Cold Lead
10676,1982,Graduation,Married,63211.0,0,0,2012-11-02,3,145,193,459,205,26,145,2,3,8,7,2,0,0,0,0,0,0,1,32,1173,604,0,20,55.857142857142854,0,0,2,31605.5,1,🌟 High-Value Loyalists,2,1,0.5834008178050509,🌤 Warm Lead
2495,1974,Master,Married,83891.0,0,1,2014-06-20,24,217,38,350,111,85,15,1,4,7,10,1,0,0,0,0,0,0,0,40,816,9,1,22,35.47826086956522,0,1,3,27963.666666666668,2,👨‍👩‍👧 Active Parent Shoppers,3,1,0.038687350662735154,❄️ Cold Lead
7842,1968,Graduation,Single,36065.0,1,1,2013-03-31,54,18,7,34,10,2,3,3,3,0,3,8,0,0,0,0,0,0,0,46,74,455,2,9,7.4,0,1,3,12021.666666666666,0,💤 Low Engagers,2,2,0.07216624386846268,❄️ Cold Lead
9955,1954,Graduation,Together,39898.0,0,1,2013-02-12,20,69,8,26,12,7,12,2,3,0,4,7,0,0,0,0,0,0,0,60,134,502,1,9,13.4,0,1,3,13299.333333333334,0,💤 Low Engagers,2,3,0.11364257472233001,❄️ Cold Lead
6663,1940,PhD,Single,51141.0,0,0,2013-07-08,96,144,0,7,0,0,6,1,3,1,4,5,0,0,0,0,0,0,0,74,157,356,0,9,15.7,0,0,1,51141.0,0,💤 Low Engagers,4,2,0.05714284357739673,❄️ Cold Lead
2162,1976,Graduation,Married,56939.0,0,1,2013-09-18,19,256,34,103,90,29,49,2,3,3,10,3,0,0,0,0,0,0,0,38,561,284,1,18,29.526315789473685,0,1,3,18979.666666666668,2,👨‍👩‍👧 Active Parent Shoppers,2,1,0.022582381308020708,❄️ Cold Lead
3434,1951,Graduation,Single,80872.0,0,0,2014-05-12,60,483,72,567,94,12,108,1,4,4,10,1,0,0,0,0,0,0,0,63,1336,48,0,19,66.8,0,0,1,80872.0,1,🌟 High-Value Loyalists,2,2,0.054775034318283226,❄️ Cold Lead
7919,1976,PhD,Together,72335.0,0,0,2012-08-13,2,1285,105,653,28,21,0,1,10,4,8,8,0,0,0,0,0,0,1,38,2092,685,0,23,87.16666666666667,0,0,2,36167.5,1,🌟 High-Value Loyalists,4,3,0.6990616777175831,🌤 Warm Lead
5626,1964,PhD,Single,61798.0,0,0,2013-11-23,13,338,4,89,11,8,13,1,4,2,9,4,0,0,0,0,0,0,0,50,463,218,0,16,27.235294117647058,0,0,1,61798.0,1,🌟 High-Value Loyalists,4,2,0.16205352408232734,❄️ Cold Lead
6428,1950,PhD,Widow,76842.0,0,0,2014-05-03,37,605,10,345,84,54,32,1,1,8,7,0,0,0,0,0,0,0,0,64,1130,57,0,17,62.77777777777778,0,0,1,76842.0,1,🌟 High-Value Loyalists,4,4,0.21669715925644767,❄️ Cold Lead
8514,1976,Graduation,Together,29478.0,1,0,2014-01-17,59,8,0,7,3,1,1,1,1,0,3,6,0,0,0,0,0,0,0,38,20,163,1,5,3.3333333333333335,0,1,3,9826.0,0,💤 Low Engagers,2,3,0.00415558129388129,❄️ Cold Lead
10448,1956,Graduation,Single,46998.0,0,1,2012-10-22,55,172,41,86,45,6,27,5,5,3,5,7,1,0,0,0,0,0,0,58,377,615,1,18,19.842105263157894,1,1,2,23499.0,2,👨‍👩‍👧 Active Parent Shoppers,2,2,0.5556346696205124,🌤 Warm Lead
2109,1990,Graduation,Single,96843.0,0,0,2013-04-23,60,448,71,951,40,17,17,1,6,11,10,2,0,0,1,0,0,0,1,24,1544,432,0,28,53.241379310344826,1,0,1,96843.0,1,🌟 High-Value Loyalists,2,2,0.7199093425157126,🔥 Hot Lead
7530,1950,PhD,Widow,56551.0,1,1,2014-05-07,48,67,4,32,17,2,16,3,2,1,4,4,0,0,0,0,0,0,0,64,138,53,2,10,12.545454545454545,0,1,3,18850.333333333332,0,💤 Low Engagers,4,4,0.017216612930091354,❄️ Cold Lead
8925,1965,Master,Married,70053.0,0,1,2013-07-03,38,512,53,98,81,179,89,3,8,5,10,5,0,0,0,0,0,0,0,49,1012,361,1,26,37.48148148148148,0,1,3,23351.0,2,👨‍👩‍👧 Active Parent Shoppers,3,1,0.013562629479644317,❄️ Cold Lead
3009,1962,PhD,Widow,71670.0,0,0,2013-07-09,8,1462,16,128,0,0,160,1,5,3,6,6,0,1,1,0,1,0,1,52,1766,355,0,15,110.375,3,0,1,71670.0,3,🏆 Champions,4,4,0.9229200641558193,🔥 Hot Lead
6355,1978,Graduation,Married,44359.0,1,1,2014-06-17,19,20,0,14,7,3,1,3,2,0,4,3,0,0,0,0,0,0,0,36,45,12,2,9,4.5,0,1,4,11089.75,0,💤 Low Engagers,2,1,0.02587745561368613,❄️ Cold Lead
3517,1952,Graduation,Single,40887.0,1,1,2013-05-06,32,50,4,44,10,10,43,3,3,1,3,9,0,0,0,0,0,0,1,62,161,419,2,10,14.636363636363637,0,1,3,13629.0,0,💤 Low Engagers,2,2,0.5507084668428884,🌤 Warm Lead
1158,1966,Graduation,Divorced,48877.0,0,1,2014-01-05,27,102,1,15,2,0,24,1,3,0,4,7,0,0,0,0,0,0,0,48,144,175,1,8,16.0,0,1,2,24438.5,0,💤 Low Engagers,2,0,0.0381853372945182,❄️ Cold Lead
6203,1947,Graduation,Together,74485.0,0,0,2013-08-24,58,499,149,815,173,49,49,1,6,7,12,3,0,0,0,0,0,0,0,67,1734,309,0,26,64.22222222222223,0,0,2,37242.5,1,🌟 High-Value Loyalists,2,3,0.022553459832685398,❄️ Cold Lead
7165,1972,Graduation,Together,64474.0,0,1,2013-10-22,59,381,35,172,56,86,93,2,8,2,10,5,0,0,0,0,0,0,0,42,823,250,1,22,35.78260869565217,0,1,3,21491.333333333332,2,👨‍👩‍👧 Active Parent Shoppers,2,3,0.0018836774177030252,❄️ Cold Lead
3595,1963,Graduation,Together,77226.0,0,1,2014-02-28,29,631,43,239,128,76,21,2,6,8,12,3,0,0,0,0,0,0,0,51,1138,121,1,28,39.241379310344826,0,1,3,25742.0,2,👨‍👩‍👧 Active Parent Shoppers,2,3,0.00544162200259461,❄️ Cold Lead
8537,1949,Graduation,Widow,72643.0,0,0,2013-02-27,60,526,80,553,123,94,53,1,3,10,7,2,0,0,0,1,0,0,1,65,1429,487,0,21,64.95454545454545,1,0,1,72643.0,1,🌟 High-Value Loyalists,2,4,0.41445291865430517,🌤 Warm Lead
4331,1978,Master,Together,85738.0,0,0,2014-01-23,41,913,26,376,17,26,13,1,3,6,11,1,0,1,1,0,0,0,0,36,1371,157,0,21,62.31818181818182,2,0,2,42869.0,3,🏆 Champions,3,3,0.313286437750453,❄️ Cold Lead
6281,1966,Graduation,Divorced,55686.0,0,1,2013-02-14,27,673,0,199,37,47,26,2,6,3,5,4,1,0,0,0,0,0,0,48,982,500,1,16,57.76470588235294,1,1,2,27843.0,2,👨‍👩‍👧 Active Parent Shoppers,2,0,0.2783001763655697,❄️ Cold Lead
4338,1983,Graduation,Single,39062.0,1,0,2014-03-25,28,23,0,9,0,0,12,1,1,0,3,4,1,0,0,0,0,0,0,31,44,96,1,5,7.333333333333333,1,1,2,19531.0,0,💤 Low Engagers,2,2,0.12474721926919535,❄️ Cold Lead
2452,1971,Graduation,Together,34600.0,1,1,2013-01-01,8,199,33,60,8,3,15,5,5,2,5,8,0,0,0,0,0,0,1,43,318,544,2,17,17.666666666666668,0,1,4,8650.0,0,💤 Low Engagers,2,3,0.7718625350737008,🔥 Hot Lead
9507,1975,Graduation,Married,40794.0,0,1,2013-04-07,18,261,23,73,4,23,50,2,6,3,5,7,0,0,0,0,0,0,0,39,434,448,1,16,25.529411764705884,0,1,3,13598.0,0,💤 Low Engagers,2,1,0.16504145857132624,❄️ Cold Lead
8360,1971,Diploma,Married,54690.0,1,1,2013-11-07,76,111,16,37,7,9,18,3,3,1,5,3,0,0,0,0,0,0,0,43,198,234,2,12,15.23076923076923,0,1,4,13672.5,0,💤 Low Engagers,1,1,0.021250121477930737,❄️ Cold Lead
10311,1969,Graduation,Married,4428.0,0,1,2013-10-05,0,16,4,12,2,4,321,0,25,0,0,1,0,0,0,0,0,0,0,45,359,267,1,25,13.807692307692308,0,1,3,1476.0,2,👨‍👩‍👧 Active Parent Shoppers,2,1,0.17524558008108948,❄️ Cold Lead
5117,1963,Diploma,Married,32632.0,0,0,2012-08-02,32,63,151,137,153,19,53,2,4,4,8,5,0,0,0,0,0,0,0,51,576,696,0,18,30.31578947368421,0,0,2,16316.0,2,👨‍👩‍👧 Active Parent Shoppers,1,1,0.188513715573247,❄️ Cold Lead
4867,1968,PhD,Single,38236.0,1,1,2013-09-20,2,58,0,18,2,0,10,4,3,0,4,7,0,0,0,0,0,0,0,46,88,282,2,11,7.333333333333333,0,1,3,12745.333333333334,0,💤 Low Engagers,4,2,0.07465865963935255,❄️ Cold Lead
9289,1979,Graduation,Married,36781.0,1,0,2014-04-10,16,29,1,17,0,3,13,1,2,1,2,8,0,0,0,0,0,0,1,35,63,80,1,6,9.0,0,1,3,12260.333333333334,0,💤 Low Engagers,2,1,0.5164030603618817,🌤 Warm Lead
10913,1984,Master,Single,31385.0,1,0,2012-12-05,56,3,2,12,0,1,9,1,1,0,2,8,1,0,0,0,0,0,1,30,27,571,1,4,5.4,1,1,2,15692.5,0,💤 Low Engagers,3,2,0.7142753762343216,🔥 Hot Lead
3032,1984,Graduation,Married,24570.0,1,0,2013-02-27,97,28,34,62,11,14,44,3,4,0,4,9,0,0,0,0,0,0,0,30,193,487,1,11,16.083333333333332,0,1,3,8190.0,0,💤 Low Engagers,2,1,0.048880370741703115,❄️ Cold Lead
8524,1974,PhD,Divorced,25509.0,1,0,2012-09-18,15,40,3,30,10,7,11,3,3,0,3,9,0,0,0,0,0,0,1,40,101,649,1,9,10.1,0,1,2,12754.5,0,💤 Low Engagers,4,0,0.784453398416095,🔥 Hot Lead
3334,1951,Graduation,Married,94642.0,0,0,2014-02-12,35,879,143,797,106,143,143,0,5,7,9,1,0,0,1,1,0,0,0,63,2211,137,0,21,100.5,2,0,2,47321.0,3,🏆 Champions,2,1,0.4900110712578031,🌤 Warm Lead
4470,1962,Master,Married,58646.0,0,1,2013-06-10,3,62,1,44,6,5,22,1,2,1,4,4,0,0,0,0,0,0,0,52,140,384,1,8,15.555555555555555,0,1,3,19548.666666666668,0,💤 Low Engagers,3,1,0.1306501960277991,❄️ Cold Lead
1406,1975,Graduation,Single,53201.0,1,1,2013-02-12,49,280,7,81,20,0,27,8,6,3,5,7,0,0,0,0,0,0,0,39,415,502,2,22,18.043478260869566,0,1,3,17733.666666666668,2,👨‍👩‍👧 Active Parent Shoppers,2,2,0.18547297543771454,❄️ Cold Lead
8619,1957,Graduation,Together,21994.0,0,1,2012-12-24,4,9,0,6,3,1,3,1,0,0,3,5,0,0,0,0,0,0,0,57,22,552,1,4,4.4,0,1,3,7331.333333333333,0,💤 Low Engagers,2,3,0.07375963596996178,❄️ Cold Lead
10821,1978,Graduation,Married,57113.0,1,1,2013-02-06,45,182,4,33,0,2,42,6,4,1,5,7,0,0,0,0,0,0,0,36,263,508,2,16,15.470588235294118,0,1,4,14278.25,0,💤 Low Engagers,2,1,0.10008521985925922,❄️ Cold Lead
4552,1991,Graduation,Married,51373.0,0,0,2013-06-22,37,83,2,101,64,26,117,1,3,5,3,4,0,0,0,0,0,0,0,23,393,372,0,12,30.23076923076923,0,0,2,25686.5,0,💤 Low Engagers,2,1,0.04908773450768972,❄️ Cold Lead
898,1986,Graduation,Married,23477.0,1,0,2013-10-21,39,38,15,54,3,8,29,3,3,0,4,8,0,0,0,0,0,0,0,28,147,251,1,10,13.363636363636363,0,1,3,7825.666666666667,0,💤 Low Engagers,2,1,0.04199217985104253,❄️ Cold Lead
9797,1956,Graduation,Married,58116.0,0,1,2014-04-13,38,228,19,130,4,11,51,2,3,3,8,2,0,0,0,0,0,0,0,58,443,77,1,16,26.058823529411764,0,1,3,19372.0,2,👨‍👩‍👧 Active Parent Shoppers,2,1,0.006588055812842077,❄️ Cold Lead
10949,1963,PhD,Divorced,72968.0,0,0,2013-12-16,8,1092,37,592,145,37,55,1,5,5,8,3,0,0,0,1,0,0,1,51,1958,195,0,19,97.9,1,0,1,72968.0,1,🌟 High-Value Loyalists,4,0,0.7023884230501892,🔥 Hot Lead
8212,1971,Master,Married,39791.0,0,1,2013-03-28,89,85,15,27,13,13,21,2,3,1,4,7,0,0,0,0,0,0,0,43,174,458,1,10,15.818181818181818,0,1,3,13263.666666666666,0,💤 Low Engagers,3,1,0.13055191509182118,❄️ Cold Lead
6248,1947,Master,Single,91712.0,0,0,2013-10-17,47,1276,24,746,94,29,48,0,9,7,11,3,0,0,1,0,0,0,1,67,2217,255,0,27,79.17857142857143,1,0,1,91712.0,1,🌟 High-Value Loyalists,3,2,0.4903000061947214,🌤 Warm Lead
10164,1958,Graduation,Single,94472.0,0,1,2014-04-03,75,1017,33,417,108,100,16,1,5,5,5,5,0,1,1,0,0,0,0,56,1691,87,1,16,99.47058823529412,2,1,2,47236.0,3,🏆 Champions,2,2,0.23025026024997902,❄️ Cold Lead
4547,1960,Graduation,Together,13672.0,1,1,2013-04-17,86,6,2,9,2,1,5,2,1,0,3,8,0,0,0,0,0,0,0,54,25,438,2,6,3.5714285714285716,0,1,4,3418.0,0,💤 Low Engagers,2,3,0.015220421727499591,❄️ Cold Lead
6815,1980,Diploma,Married,96547.0,0,0,2014-05-23,4,448,21,125,52,101,62,0,7,6,8,2,1,0,1,1,0,0,1,34,809,37,0,21,36.77272727272727,3,0,2,48273.5,3,🏆 Champions,1,1,0.7633444814315208,🔥 Hot Lead
4122,1975,Graduation,Married,79205.0,0,0,2012-08-29,73,504,23,117,179,28,44,1,6,5,4,4,0,0,0,1,0,0,1,39,895,669,0,16,52.64705882352941,1,0,2,39602.5,1,🌟 High-Value Loyalists,2,1,0.6998376001842221,🌤 Warm Lead
10841,1975,PhD,Together,56559.0,0,1,2012-12-25,46,226,22,133,41,31,31,3,4,3,8,4,0,0,0,0,0,0,0,39,484,551,1,18,25.473684210526315,0,1,3,18853.0,2,👨‍👩‍👧 Active Parent Shoppers,4,3,0.12225664208761565,❄️ Cold Lead
5370,1973,PhD,Married,32644.0,1,0,2013-01-16,38,239,3,141,0,7,23,4,7,1,6,8,1,0,0,0,0,0,0,41,413,529,1,18,21.736842105263158,1,1,3,10881.333333333334,0,💤 Low Engagers,4,1,0.34618081499372644,❄️ Cold Lead
176,1980,Diploma,Single,67506.0,0,1,2014-01-02,73,90,38,67,33,36,67,1,4,1,6,3,0,0,0,0,0,0,0,34,331,178,1,12,25.46153846153846,0,1,2,33753.0,0,💤 Low Engagers,1,2,0.005955269713309,❄️ Cold Lead
4860,1970,Graduation,Single,24206.0,1,0,2013-03-08,66,7,2,8,3,2,3,1,1,0,3,6,0,0,0,0,0,0,0,44,25,478,1,5,4.166666666666667,0,1,2,12103.0,0,💤 Low Engagers,2,2,0.0195094844305314,❄️ Cold Lead
10757,1967,PhD,Divorced,28420.0,1,0,2013-12-24,36,4,2,5,2,0,0,1,1,0,2,6,0,0,0,0,0,0,0,47,13,187,1,4,2.6,0,1,2,14210.0,0,💤 Low Engagers,4,0,0.015064359237330596,❄️ Cold Lead
4023,1970,Graduation,Married,22979.0,1,0,2012-09-06,29,16,17,19,20,21,22,3,3,2,2,8,0,0,0,0,0,0,1,44,115,661,1,10,10.454545454545455,0,1,3,7659.666666666667,0,💤 Low Engagers,2,1,0.7651222960389689,🔥 Hot Lead
6679,1966,Graduation,Single,33279.0,0,0,2014-06-12,29,10,3,3,0,0,0,1,0,0,3,3,0,0,0,0,0,0,0,48,16,17,0,4,3.2,0,0,1,33279.0,0,💤 Low Engagers,2,2,0.016972471015853353,❄️ Cold Lead
9923,1972,Master,Single,46423.0,1,1,2013-09-18,6,68,0,16,0,0,8,3,2,0,4,7,0,0,0,0,0,0,0,42,92,284,2,9,9.2,0,1,3,15474.333333333334,0,💤 Low Engagers,3,2,0.07026042288880673,❄️ Cold Lead
7181,1977,Graduation,Married,30368.0,0,1,2013-11-07,97,35,0,13,2,0,2,2,2,0,3,8,0,0,0,0,0,0,0,37,52,234,1,7,6.5,0,1,3,10122.666666666666,0,💤 Low Engagers,2,1,0.006039124794858888,❄️ Cold Lead
3599,1970,Graduation,Married,63684.0,0,1,2012-11-26,61,575,80,428,208,93,80,3,8,4,8,5,0,0,0,0,0,0,0,44,1464,580,1,23,61.0,0,1,3,21228.0,2,👨‍👩‍👧 Active Parent Shoppers,2,1,0.07195040974690665,❄️ Cold Lead
405,1964,Graduation,Divorced,41638.0,0,1,2013-02-13,68,315,0,31,4,0,91,4,5,5,3,8,1,0,0,0,0,0,0,50,441,501,1,17,24.5,1,1,2,20819.0,2,👨‍👩‍👧 Active Parent Shoppers,2,0,0.29089395529618645,❄️ Cold Lead
6870,1959,PhD,Divorced,68805.0,0,1,2013-09-17,73,182,2,49,17,13,20,1,3,1,7,2,0,0,0,0,0,0,0,55,283,285,1,12,21.76923076923077,0,1,2,34402.5,2,👨‍👩‍👧 Active Parent Shoppers,4,0,0.013160668840711709,❄️ Cold Lead
832,1966,PhD,Together,65814.0,0,1,2014-03-02,90,561,14,113,10,14,35,3,8,2,10,5,0,0,0,0,0,0,0,48,747,119,1,23,31.125,0,1,3,21938.0,2,👨‍👩‍👧 Active Parent Shoppers,4,3,0.004295474749838772,❄️ Cold Lead
2002,1958,Graduation,Divorced,71964.0,0,0,2013-05-20,81,587,51,932,180,34,86,1,5,6,5,3,0,0,0,0,0,0,0,56,1870,405,0,17,103.88888888888889,0,0,1,71964.0,1,🌟 High-Value Loyalists,2,0,0.343952460454069,❄️ Cold Lead
3657,1986,Graduation,Single,39146.0,1,0,2013-02-14,1,94,1,33,13,12,12,3,4,0,4,8,0,0,0,0,0,0,0,28,165,500,1,11,13.75,0,1,2,19573.0,0,💤 Low Engagers,2,2,0.2089453897227802,❄️ Cold Lead
500,1977,Graduation,Together,96876.0,0,0,2013-08-06,79,908,43,735,40,194,21,1,7,7,9,2,0,1,1,1,0,0,1,37,1941,327,0,24,77.64,3,0,2,48438.0,3,🏆 Champions,2,3,0.9363422409967336,🔥 Hot Lead
1951,1981,Basic,Married,34445.0,0,0,2013-01-27,92,228,122,122,208,129,30,6,11,2,8,9,0,0,0,0,0,0,0,33,839,518,0,27,29.964285714285715,0,0,2,17222.5,2,👨‍👩‍👧 Active Parent Shoppers,0,1,0.07051274812476913,❄️ Cold Lead
3262,1958,Graduation,Single,68281.0,0,0,2012-08-07,31,995,112,417,42,48,41,1,2,9,13,5,0,0,0,0,0,0,1,56,1655,691,0,25,63.65384615384615,0,0,1,68281.0,1,🌟 High-Value Loyalists,2,2,0.7174960527913383,🔥 Hot Lead
4102,1975,Diploma,Married,37284.0,1,1,2013-03-29,46,11,1,2,2,1,6,1,0,0,3,6,0,0,0,0,0,0,0,39,23,457,2,4,4.6,0,1,4,9321.0,0,💤 Low Engagers,1,1,0.0171610263081473,❄️ Cold Lead
7042,1983,Graduation,Married,36790.0,0,0,2013-03-01,14,3,3,14,15,21,10,1,2,1,2,9,0,0,0,0,0,0,1,31,66,485,0,6,9.428571428571429,0,0,2,18395.0,0,💤 Low Engagers,2,1,0.72771300604327,🔥 Hot Lead
10598,1967,Graduation,Together,27943.0,1,1,2013-04-15,89,12,1,16,4,1,3,3,2,0,3,8,0,0,0,0,0,0,0,47,37,440,2,8,4.111111111111111,0,1,4,6985.75,0,💤 Low Engagers,2,3,0.02396977095219152,❄️ Cold Lead
255,1951,Graduation,Divorced,22263.0,1,1,2014-03-30,31,17,0,2,0,0,2,2,1,0,3,6,0,0,0,0,0,1,0,63,21,91,2,6,3.0,0,1,3,7421.0,0,💤 Low Engagers,2,0,0.007451568174347039,❄️ Cold Lead
2375,1972,Graduation,Together,30261.0,1,2,2012-09-25,75,8,0,5,0,3,6,1,0,0,3,8,0,0,0,0,0,0,0,42,22,642,3,4,4.4,0,1,5,6052.2,0,💤 Low Engagers,2,3,0.06524026359305667,❄️ Cold Lead
9829,1978,Graduation,Together,28587.0,1,0,2014-02-12,42,22,4,17,12,10,13,3,2,0,4,6,0,0,0,0,0,0,0,36,78,137,1,9,7.8,0,1,3,9529.0,0,💤 Low Engagers,2,3,0.009684147105265163,❄️ Cold Lead
6214,1982,Master,Married,43815.0,1,0,2013-04-05,53,14,10,29,4,7,15,1,2,0,3,6,0,0,0,0,0,0,0,32,79,450,1,6,11.285714285714286,0,1,3,14605.0,0,💤 Low Engagers,3,1,0.05731385207358364,❄️ Cold Lead
4954,1956,Graduation,Married,48195.0,1,1,2014-01-21,53,106,27,68,52,7,5,6,4,2,5,6,0,0,0,0,0,0,0,58,265,159,2,17,14.722222222222221,0,1,4,12048.75,2,👨‍👩‍👧 Active Parent Shoppers,2,1,0.04103618482008984,❄️ Cold Lead
7861,1952,Master,Married,77027.0,0,1,2014-02-05,23,820,57,242,45,0,11,2,8,3,6,4,0,0,0,0,0,0,0,62,1175,144,1,19,58.75,0,1,3,25675.666666666668,2,👨‍👩‍👧 Active Parent Shoppers,3,1,0.048580494583457326,❄️ Cold Lead
4837,1965,PhD,Married,71322.0,0,1,2013-02-16,57,753,43,226,69,10,204,2,8,5,13,4,0,0,0,0,0,0,0,49,1305,498,1,28,45.0,0,1,3,23774.0,2,👨‍👩‍👧 Active Parent Shoppers,4,1,0.051670282992579336,❄️ Cold Lead
9423,1979,Master,Married,32765.0,1,0,2014-02-23,49,13,3,17,7,3,3,2,2,0,4,5,0,0,0,0,0,0,0,35,46,126,1,8,5.111111111111111,0,1,3,10921.666666666666,0,💤 Low Engagers,3,1,0.0026105026539169,❄️ Cold Lead
4198,1965,Graduation,Together,29672.0,1,1,2013-03-12,6,9,1,3,0,4,8,1,0,0,3,6,0,0,0,0,0,0,0,49,25,474,2,4,5.0,0,1,4,7418.0,0,💤 Low Engagers,2,3,0.0196269860138238,❄️ Cold Lead
153,1953,Graduation,Divorced,23272.0,0,0,2013-10-17,29,19,3,6,4,2,12,1,1,0,3,4,0,0,0,0,0,0,0,61,46,255,0,5,7.666666666666667,0,0,1,23272.0,0,💤 Low Engagers,2,0,0.012401671309323641,❄️ Cold Lead
9323,1949,Master,Together,49912.0,0,1,2012-09-07,5,520,8,223,32,49,42,4,10,5,7,8,1,0,0,0,0,0,1,65,874,660,1,26,32.370370370370374,1,1,3,16637.333333333332,2,👨‍👩‍👧 Active Parent Shoppers,3,3,0.9123082945334613,🔥 Hot Lead
10001,1985,Diploma,Together,7500.0,1,0,2012-08-01,98,5,17,17,13,14,34,4,2,1,3,9,0,0,0,0,0,0,0,29,100,697,1,10,9.090909090909092,0,1,3,2500.0,0,💤 Low Engagers,1,3,0.25199366317616234,❄️ Cold Lead
3945,1947,PhD,Widow,68117.0,0,1,2013-03-10,80,618,44,215,0,17,36,2,11,8,4,6,1,0,0,0,0,0,1,67,930,476,1,25,35.76923076923077,1,1,2,34058.5,2,👨‍👩‍👧 Active Parent Shoppers,4,4,0.7203739084253119,🔥 Hot Lead
3799,1955,Graduation,Married,67225.0,0,1,2013-11-26,4,315,35,322,46,7,143,3,7,2,11,5,0,0,0,0,0,0,0,59,868,215,1,23,36.166666666666664,0,1,3,22408.333333333332,2,👨‍👩‍👧 Active Parent Shoppers,2,1,0.05586854265619346,❄️ Cold Lead
8625,1976,Graduation,Married,17649.0,1,0,2013-11-12,70,15,1,23,0,5,1,3,3,0,3,8,0,0,0,0,0,0,0,38,45,229,1,9,4.5,0,1,3,5883.0,0,💤 Low Engagers,2,1,0.02085558256215439,❄️ Cold Lead
3491,1975,Graduation,Together,55914.0,0,1,2013-04-29,32,384,60,364,119,101,232,4,11,6,8,7,0,0,0,0,0,0,0,39,1260,426,1,29,42.0,0,1,3,18638.0,2,👨‍👩‍👧 Active Parent Shoppers,2,3,0.07084963187151178,❄️ Cold Lead
983,1984,Graduation,Married,40059.0,1,0,2013-09-28,82,110,29,92,28,10,145,1,6,2,3,8,1,0,0,0,0,0,0,30,414,274,1,12,31.846153846153847,1,1,3,13353.0,0,💤 Low Engagers,2,1,0.22042544018263688,❄️ Cold Lead
9119,1950,Graduation,Together,60905.0,0,1,2013-12-05,27,208,17,76,36,17,38,2,3,3,7,2,0,0,0,0,0,0,0,64,392,206,1,15,24.5,0,1,3,20301.666666666668,2,👨‍👩‍👧 Active Parent Shoppers,2,3,0.004672293900683755,❄️ Cold Lead
4786,1977,Graduation,Married,75330.0,1,1,2012-10-04,94,555,82,257,93,61,61,4,10,3,12,6,0,0,0,0,0,0,0,37,1109,633,2,29,36.96666666666667,0,1,4,18832.5,2,👨‍👩‍👧 Active Parent Shoppers,2,1,0.030171208105114772,❄️ Cold Lead
5872,1951,Graduation,Single,60689.0,0,1,2013-06-01,23,240,90,216,63,6,24,4,4,4,10,3,0,0,0,0,0,0,0,63,639,393,1,22,27.782608695652176,0,1,2,30344.5,2,👨‍👩‍👧 Active Parent Shoppers,2,2,0.03047470863017302,❄️ Cold Lead
6568,1984,Graduation,Married,38680.0,1,0,2013-03-28,97,11,0,36,15,5,12,1,2,0,3,7,0,0,0,0,0,0,0,30,79,458,1,6,11.285714285714286,0,1,3,12893.333333333334,0,💤 Low Engagers,2,1,0.043907383926872504,❄️ Cold Lead
5628,1982,Graduation,Together,61416.0,0,0,2013-02-08,25,848,154,323,201,61,78,1,10,3,10,6,1,0,0,0,0,0,0,32,1665,506,0,24,66.6,1,0,2,30708.0,1,🌟 High-Value Loyalists,2,3,0.24479906121466086,❄️ Cold Lead
5631,1991,Graduation,Single,49767.0,0,0,2013-05-02,92,202,47,197,55,42,149,1,5,4,8,4,0,0,0,0,0,0,0,23,692,423,0,18,36.421052631578945,0,0,1,49767.0,1,🌟 High-Value Loyalists,2,2,0.04422003356351363,❄️ Cold Lead
4974,1970,Graduation,Single,83273.0,1,2,2012-09-25,98,433,89,650,16,102,102,10,4,6,9,7,0,0,0,0,0,0,0,44,1392,642,3,29,46.4,0,1,4,20818.25,2,👨‍👩‍👧 Active Parent Shoppers,2,2,0.057683626184812334,❄️ Cold Lead
8416,1981,Graduation,Married,29009.0,1,0,2013-11-29,19,6,6,15,10,5,2,2,2,0,3,6,0,0,0,0,0,0,0,33,44,212,1,7,5.5,0,1,3,9669.666666666666,0,💤 Low Engagers,2,1,0.02133025186346451,❄️ Cold Lead
5454,1979,Master,Married,45057.0,1,0,2013-12-01,80,37,0,7,3,0,3,1,2,0,3,5,0,0,0,0,0,0,0,35,50,210,1,6,7.142857142857143,0,1,3,15019.0,0,💤 Low Engagers,3,1,0.006220388746194105,❄️ Cold Lead
4095,1971,Graduation,Married,37150.0,1,0,2012-09-11,80,167,37,64,49,34,116,8,4,3,6,7,0,0,0,0,0,0,0,43,467,656,1,21,21.227272727272727,0,1,3,12383.333333333334,2,👨‍👩‍👧 Active Parent Shoppers,2,1,0.30957297740100037,❄️ Cold Lead
5474,1970,Graduation,Single,43020.0,1,0,2013-11-30,79,45,7,99,4,25,43,3,4,1,4,6,0,0,0,0,0,0,0,44,223,211,1,12,17.153846153846153,0,1,2,21510.0,0,💤 Low Engagers,2,2,0.024250621330132373,❄️ Cold Lead
4268,1959,Graduation,Married,53154.0,0,1,2014-06-09,50,129,0,21,0,1,7,1,3,1,4,4,0,0,0,0,0,0,0,55,158,20,1,9,15.8,0,1,3,17718.0,0,💤 Low Engagers,2,1,0.004733604847707199,❄️ Cold Lead
10701,1973,Graduation,Married,65308.0,0,0,2013-09-11,60,713,0,264,120,80,34,1,7,8,12,4,0,0,1,1,0,0,0,41,1211,291,0,28,41.758620689655174,2,0,2,32654.0,3,🏆 Champions,2,1,0.20262803547381344,❄️ Cold Lead
3507,1970,Graduation,Single,76467.0,1,0,2012-08-17,44,676,161,426,210,44,58,2,2,5,5,6,0,0,0,0,0,0,1,44,1575,681,1,14,105.0,0,1,2,38233.5,2,👨‍👩‍👧 Active Parent Shoppers,2,2,0.684840001326523,🌤 Warm Lead
2079,1947,Diploma,Married,81044.0,0,0,2013-12-27,0,450,26,535,73,98,26,1,5,6,10,1,0,0,0,0,0,0,0,67,1208,184,0,22,52.52173913043478,0,0,2,40522.0,1,🌟 High-Value Loyalists,1,1,0.1700024273270027,❄️ Cold Lead
626,1951,Graduation,Married,32871.0,1,1,2013-03-09,28,22,2,12,0,2,5,1,1,0,3,4,0,0,0,0,0,0,0,63,43,477,2,5,7.166666666666667,0,1,4,8217.75,0,💤 Low Engagers,2,1,0.029099699908914842,❄️ Cold Lead
4426,1975,Graduation,Single,55801.0,1,1,2013-09-22,35,367,4,51,6,4,95,6,7,2,6,7,0,0,0,1,0,0,0,39,527,280,2,21,23.954545454545453,1,1,3,18600.333333333332,2,👨‍👩‍👧 Active Parent Shoppers,2,2,0.22644748814691187,❄️ Cold Lead
2591,1959,Graduation,Widow,76320.0,0,1,2014-06-22,49,526,35,214,69,53,35,2,6,3,4,2,0,0,0,0,0,0,0,55,932,7,1,15,58.25,0,1,2,38160.0,2,👨‍👩‍👧 Active Parent Shoppers,2,4,0.02203875374560482,❄️ Cold Lead
10509,1955,Master,Single,36927.0,1,1,2014-06-02,46,51,0,16,0,0,4,2,3,0,3,8,0,0,0,0,0,0,0,59,71,27,2,8,7.888888888888889,0,1,3,12309.0,0,💤 Low Engagers,3,2,0.026387222030663522,❄️ Cold Lead
6382,1953,Graduation,Together,48794.0,1,1,2014-06-26,97,25,0,11,3,0,15,1,1,0,3,4,0,0,0,0,0,0,0,61,54,3,2,5,9.0,0,1,4,12198.5,0,💤 Low Engagers,2,3,0.004501980946909185,❄️ Cold Lead
6673,1965,Graduation,Single,23478.0,0,0,2013-03-19,51,28,6,27,12,17,39,1,3,0,3,8,0,0,0,0,0,0,0,49,129,467,0,7,16.125,0,0,1,23478.0,0,💤 Low Engagers,2,2,0.17337335712576799,❄️ Cold Lead
7441,1973,Graduation,Divorced,71128.0,1,0,2012-10-06,80,958,159,447,20,0,31,3,2,10,12,7,0,0,0,0,0,0,0,41,1615,631,1,27,57.67857142857143,0,1,2,35564.0,2,👨‍👩‍👧 Active Parent Shoppers,2,0,0.11135708409448969,❄️ Cold Lead
1071,1976,PhD,Divorced,70179.0,0,1,2013-07-21,10,532,88,168,69,44,133,3,7,3,13,5,0,0,0,0,0,0,0,38,1034,343,1,26,38.2962962962963,0,1,2,35089.5,2,👨‍👩‍👧 Active Parent Shoppers,4,0,0.07551496339933299,❄️ Cold Lead
10061,1950,Graduation,Married,59462.0,0,1,2013-01-05,29,724,17,143,0,8,196,2,9,2,12,7,0,0,0,0,0,0,0,64,1088,540,1,25,41.84615384615385,0,1,3,19820.666666666668,2,👨‍👩‍👧 Active Parent Shoppers,2,1,0.06241122647465413,❄️ Cold Lead
7187,1969,Master,Together,51381.5,1,1,2013-05-18,52,375,42,48,94,66,96,7,4,10,4,3,0,0,0,0,0,0,0,45,721,407,2,25,27.73076923076923,0,1,4,12845.375,2,👨‍👩‍👧 Active Parent Shoppers,3,3,0.0590396239710883,❄️ Cold Lead
8775,1969,Graduation,Together,38361.0,1,0,2013-12-27,74,39,0,56,20,8,14,3,3,1,3,7,0,0,0,0,0,0,0,45,137,184,1,10,12.454545454545455,0,1,3,12787.0,0,💤 Low Engagers,2,3,0.04585601862184979,❄️ Cold Lead
1612,1981,PhD,Single,51381.5,1,0,2013-05-31,82,23,0,15,0,2,7,2,3,0,3,6,0,0,0,0,0,0,0,33,47,394,1,8,5.222222222222222,0,1,2,25690.75,0,💤 Low Engagers,4,2,0.01072341437423356,❄️ Cold Lead
2345,1982,PhD,Together,70038.0,0,0,2013-10-25,54,587,54,348,71,54,130,1,4,4,8,2,0,0,0,0,0,0,0,32,1244,247,0,17,69.11111111111111,0,0,2,35019.0,1,🌟 High-Value Loyalists,4,3,0.03755773950149873,❄️ Cold Lead
322,1978,Graduation,Together,42554.0,1,1,2013-01-12,93,29,1,11,0,0,0,2,2,0,3,4,0,0,0,0,0,0,0,36,41,533,2,7,5.125,0,1,4,10638.5,0,💤 Low Engagers,2,3,0.01812597373687441,❄️ Cold Lead
10897,1974,Graduation,Married,67445.0,0,1,2012-08-12,63,757,80,217,29,80,11,5,9,6,12,6,0,0,0,0,0,0,0,40,1174,686,1,32,35.57575757575758,0,1,3,22481.666666666668,2,👨‍👩‍👧 Active Parent Shoppers,2,1,0.0373791550404188,❄️ Cold Lead
123,1951,Graduation,Widow,67046.0,0,1,2013-01-06,92,544,35,133,23,151,107,2,4,5,4,2,0,0,0,0,0,0,0,63,993,539,1,15,62.0625,0,1,2,33523.0,2,👨‍👩‍👧 Active Parent Shoppers,2,4,0.06353954982514824,❄️ Cold Lead
6103,1948,Graduation,Married,42192.0,0,0,2013-09-06,40,40,15,15,17,6,7,1,2,1,3,4,0,0,0,0,0,0,0,66,100,296,0,7,12.5,0,0,2,21096.0,0,💤 Low Engagers,2,1,0.04302243352958615,❄️ Cold Lead
7899,1952,PhD,Married,77610.0,0,1,2012-10-29,70,1245,33,332,21,33,16,2,4,7,4,7,0,0,0,0,0,0,0,62,1680,608,1,17,93.33333333333333,0,1,3,25870.0,2,👨‍👩‍👧 Active Parent Shoppers,4,1,0.22460534979764227,❄️ Cold Lead
10500,1984,Graduation,Married,31761.0,1,0,2014-04-05,96,19,1,20,16,14,28,2,3,0,4,5,0,0,0,0,0,0,0,30,98,85,1,9,9.8,0,1,3,10587.0,0,💤 Low Engagers,2,1,0.007802492384101003,❄️ Cold Lead
1655,1979,Graduation,Together,34350.0,1,0,2013-10-19,81,16,3,15,2,1,11,1,1,0,3,7,0,0,0,0,0,0,0,35,48,253,1,5,8.0,0,1,3,11450.0,0,💤 Low Engagers,2,3,0.004833587716853707,❄️ Cold Lead
2406,1949,Graduation,Together,54591.0,0,1,2013-08-05,63,376,4,94,12,9,24,3,6,2,8,5,0,0,0,0,0,0,0,65,519,328,1,19,25.95,0,1,3,18197.0,2,👨‍👩‍👧 Active Parent Shoppers,2,3,0.015710619484557764,❄️ Cold Lead
2712,1956,Graduation,Married,71866.0,0,1,2013-12-25,85,184,178,178,103,39,33,1,6,3,10,3,0,0,0,0,0,0,0,58,715,186,1,20,34.04761904761905,0,1,3,23955.333333333332,2,👨‍👩‍👧 Active Parent Shoppers,2,1,0.0037501357968846637,❄️ Cold Lead
5517,1969,Graduation,Married,25293.0,1,0,2013-09-15,51,15,0,11,0,2,9,1,1,1,2,8,0,0,0,0,0,0,0,45,37,287,1,5,6.166666666666667,0,1,3,8431.0,0,💤 Low Engagers,2,1,0.09844397908197848,❄️ Cold Lead
10643,1987,PhD,Single,42000.0,0,0,2013-01-10,23,124,83,267,85,59,35,2,5,2,11,5,0,0,0,0,0,0,1,27,653,535,0,20,31.095238095238095,0,0,1,42000.0,2,👨‍👩‍👧 Active Parent Shoppers,4,2,0.8628391601602007,🔥 Hot Lead
2254,1983,Graduation,Married,69520.0,0,0,2013-07-07,95,627,120,414,121,80,93,1,9,6,5,5,0,0,0,0,0,0,0,31,1455,357,0,21,66.13636363636364,0,0,2,34760.0,1,🌟 High-Value Loyalists,2,1,0.048138921954631694,❄️ Cold Lead
10281,1970,Graduation,Divorced,64713.0,1,0,2014-02-07,11,180,60,241,13,54,54,2,5,5,7,4,0,0,0,0,0,0,1,44,602,142,1,19,30.1,0,1,2,32356.5,2,👨‍👩‍👧 Active Parent Shoppers,2,0,0.5237095448311925,🌤 Warm Lead
6958,1977,Master,Married,27889.0,1,0,2013-07-05,42,14,0,4,0,0,8,1,1,1,2,6,0,0,0,0,0,0,0,37,26,359,1,5,4.333333333333333,0,1,3,9296.333333333334,0,💤 Low Engagers,3,1,0.08418850505774111,❄️ Cold Lead
954,1960,Basic,Widow,22123.0,0,0,2014-03-27,77,3,3,24,34,7,31,1,2,1,3,5,0,0,0,0,0,0,0,54,102,94,0,7,12.75,0,0,1,22123.0,0,💤 Low Engagers,0,4,0.02272764597899973,❄️ Cold Lead
5079,1971,Graduation,Married,51381.5,1,1,2013-03-03,82,71,1,16,0,0,9,4,2,1,3,8,0,0,0,0,0,0,0,43,97,483,2,10,8.818181818181818,0,1,4,12845.375,0,💤 Low Engagers,2,1,0.09354388850170459,❄️ Cold Lead
10339,1954,Master,Together,51381.5,0,1,2013-06-23,83,161,0,22,0,0,24,2,4,1,4,6,0,0,0,0,0,0,0,60,207,371,1,11,17.25,0,1,3,17127.166666666668,0,💤 Low Engagers,3,3,0.016663825563473598,❄️ Cold Lead
4643,1973,Graduation,Married,27803.0,1,0,2012-08-26,40,8,26,46,38,9,49,2,3,0,4,8,0,0,0,0,0,0,0,41,176,672,1,9,17.6,0,1,3,9267.666666666666,0,💤 Low Engagers,2,1,0.33990433265458025,❄️ Cold Lead
3117,1955,Graduation,Single,51381.5,0,1,2013-10-18,95,264,0,21,12,6,147,3,6,1,5,7,0,0,0,0,0,0,0,59,450,254,1,15,28.125,0,1,2,25690.75,2,👨‍👩‍👧 Active Parent Shoppers,2,2,0.020717452861465518,❄️ Cold Lead
6497,1960,Graduation,Married,51651.0,0,1,2012-11-07,32,293,6,23,13,6,92,4,6,2,5,8,0,0,0,0,0,0,0,54,433,599,1,17,24.055555555555557,0,1,3,17217.0,2,👨‍👩‍👧 Active Parent Shoppers,2,1,0.28276362170713343,❄️ Cold Lead
5396,1988,Graduation,Married,68487.0,0,0,2013-01-13,48,758,12,385,33,89,89,1,9,7,13,4,0,0,0,0,0,0,0,26,1366,532,0,30,44.064516129032256,0,0,2,34243.5,1,🌟 High-Value Loyalists,2,1,0.02784055163319307,❄️ Cold Lead
5250,1943,Master,Widow,51381.5,0,0,2013-10-30,75,532,126,490,164,126,126,1,5,5,11,1,0,0,1,0,0,0,1,71,1564,242,0,22,68.0,1,0,1,51381.5,1,🌟 High-Value Loyalists,3,4,0.6416324019109126,🌤 Warm Lead
1052,1969,Graduation,Married,56796.0,0,1,2013-02-16,24,656,38,161,62,47,37,3,8,9,7,7,0,0,0,0,0,0,0,45,1001,498,1,27,35.75,0,1,3,18932.0,2,👨‍👩‍👧 Active Parent Shoppers,2,1,0.07807533178921307,❄️ Cold Lead
2802,1992,Diploma,Married,87000.0,0,0,2012-12-15,61,196,25,607,67,17,49,1,4,6,7,2,0,0,0,0,0,0,0,22,961,561,0,18,50.578947368421055,0,0,2,43500.0,1,🌟 High-Value Loyalists,1,1,0.1256593696655391,❄️ Cold Lead
6343,1959,Graduation,Married,79823.0,0,1,2014-03-31,6,835,73,380,114,73,43,1,6,9,7,2,0,1,0,0,0,0,0,55,1518,90,1,23,63.25,1,1,3,26607.666666666668,1,🌟 High-Value Loyalists,2,1,0.17661419241272835,❄️ Cold Lead
6507,1980,Graduation,Single,30828.0,1,0,2013-10-04,16,16,11,15,2,0,12,2,1,1,4,3,0,0,0,0,0,0,0,34,56,268,1,8,6.222222222222222,0,1,2,15414.0,0,💤 Low Engagers,2,2,0.12113413935365111,❄️ Cold Lead
7901,1971,Master,Married,34109.0,0,1,2013-11-06,39,9,1,5,2,1,4,1,0,0,3,4,0,0,0,0,0,0,0,43,22,235,1,4,4.4,0,1,3,11369.666666666666,0,💤 Low Engagers,3,1,0.006432889161868786,❄️ Cold Lead
4865,1974,Master,Divorced,53367.0,1,1,2013-08-31,2,229,7,140,10,3,11,7,5,1,8,7,0,0,0,0,0,0,1,40,400,302,2,21,18.181818181818183,0,1,3,17789.0,2,👨‍👩‍👧 Active Parent Shoppers,3,0,0.617861184185811,🌤 Warm Lead
2686,1969,Basic,Together,22390.0,0,0,2013-10-21,49,0,1,4,15,1,5,1,1,0,2,7,0,0,0,0,0,0,0,45,26,251,0,4,5.2,0,0,2,11195.0,0,💤 Low Engagers,0,3,0.013537191239956536,❄️ Cold Lead
3107,1976,Graduation,Together,71322.0,0,1,2014-05-02,31,121,24,124,24,15,42,1,4,1,7,2,0,0,0,0,0,0,0,38,350,58,1,13,25.0,0,1,3,23774.0,2,👨‍👩‍👧 Active Parent Shoppers,2,3,0.007391691295694452,❄️ Cold Lead
7734,1993,Graduation,,79244.0,0,0,2012-12-19,58,471,102,125,212,61,245,1,4,10,7,1,0,0,1,1,0,0,1,21,1216,557,0,22,52.869565217391305,2,0,1,79244.0,3,🏆 Champions,2,5,0.9111450427523529,🔥 Hot Lead
1146,1949,Master,Together,49912.0,0,1,2012-09-07,5,520,8,223,32,49,42,4,10,5,7,8,1,0,0,0,0,0,1,65,874,660,1,26,32.370370370370374,1,1,3,16637.333333333332,2,👨‍👩‍👧 Active Parent Shoppers,3,3,0.9123082945334613,🔥 Hot Lead
11031,1950,PhD,Married,48699.0,1,1,2013-05-21,90,26,1,10,2,0,1,1,1,0,3,5,0,0,0,0,0,0,0,64,40,404,2,5,6.666666666666667,0,1,4,12174.75,0,💤 Low Engagers,4,1,0.01594181692032743,❄️ Cold Lead
7428,1975,Graduation,Together,80144.0,0,0,2013-09-30,47,240,132,445,250,192,108,1,3,7,8,1,0,0,0,0,0,0,0,39,1367,272,0,19,68.35,0,0,2,40072.0,1,🌟 High-Value Loyalists,2,3,0.04714562308551471,❄️ Cold Lead
975,1956,Graduation,Single,54252.0,1,1,2013-05-28,25,178,4,26,8,4,44,5,4,1,5,6,0,0,0,0,0,0,0,58,264,397,2,15,16.5,0,1,3,18084.0,2,👨‍👩‍👧 Active Parent Shoppers,2,2,0.10941940743496593,❄️ Cold Lead
1103,1976,Master,Married,81929.0,1,0,2012-09-29,60,1486,55,278,49,0,185,2,4,4,10,6,1,0,1,0,0,0,1,38,2053,638,1,20,97.76190476190476,2,1,3,27309.666666666668,3,🏆 Champions,3,1,0.819001250695833,🔥 Hot Lead
3422,1975,Graduation,Married,76068.0,0,1,2012-11-29,67,1115,12,128,33,12,76,1,2,3,4,6,0,1,0,0,1,0,0,39,1376,577,1,10,125.0909090909091,2,1,3,25356.0,3,🏆 Champions,2,1,0.2031216974897282,❄️ Cold Lead
1055,1976,Master,Married,53204.0,1,1,2014-03-20,40,29,0,8,2,0,6,1,1,0,3,4,0,0,0,0,0,0,0,38,45,101,2,5,7.5,0,1,4,13301.0,0,💤 Low Engagers,3,1,0.0013263022042791347,❄️ Cold Lead
6544,1949,PhD,Together,67911.0,0,1,2014-05-22,63,529,0,356,63,28,0,3,6,7,11,3,0,0,0,0,0,0,0,65,976,38,1,27,34.857142857142854,0,1,3,22637.0,2,👨‍👩‍👧 Active Parent Shoppers,4,3,0.012291744043328643,❄️ Cold Lead
1241,1984,Diploma,Married,14796.0,1,0,2012-09-17,1,13,3,8,7,4,16,2,1,0,3,9,0,0,0,0,0,0,1,30,51,650,1,6,7.285714285714286,0,1,3,4932.0,0,💤 Low Engagers,1,1,0.6326675727654343,🌤 Warm Lead
2909,1974,PhD,Married,78128.0,0,1,2014-02-19,89,934,24,230,16,24,36,2,8,4,6,3,0,1,1,0,0,0,0,40,1264,130,1,20,60.19047619047619,2,1,3,26042.666666666668,3,🏆 Champions,4,1,0.13974707806055148,❄️ Cold Lead
5802,1972,Basic,Married,14188.0,0,0,2013-02-28,40,2,7,11,16,12,27,1,2,0,4,6,0,0,0,0,0,0,0,42,75,486,0,7,9.375,0,0,2,7094.0,0,💤 Low Engagers,0,1,0.08234322882629053,❄️ Cold Lead
1407,1986,Basic,Married,20425.0,1,0,2012-10-29,5,4,12,5,3,16,17,2,2,0,3,7,0,0,0,0,0,0,0,28,57,608,1,7,7.125,0,1,3,6808.333333333333,0,💤 Low Engagers,0,1,0.21211539801381762,❄️ Cold Lead
6183,1962,Master,Married,58646.0,0,1,2013-06-10,3,62,1,44,6,5,22,1,2,1,4,4,0,0,0,0,0,0,0,52,140,384,1,8,15.555555555555555,0,1,3,19548.666666666668,0,💤 Low Engagers,3,1,0.1306501960277991,❄️ Cold Lead
340,1970,Graduation,Divorced,72967.0,0,1,2012-12-15,1,158,35,179,0,0,125,2,7,2,8,5,1,0,0,0,0,0,1,44,497,561,1,19,24.85,1,1,2,36483.5,2,👨‍👩‍👧 Active Parent Shoppers,2,0,0.7437590156988467,🔥 Hot Lead
5991,1949,Master,Married,48150.0,0,1,2013-06-08,24,173,2,39,3,2,47,3,5,1,4,7,0,0,0,0,0,0,0,65,266,386,1,13,19.0,0,1,3,16050.0,2,👨‍👩‍👧 Active Parent Shoppers,3,1,0.13632582812174365,❄️ Cold Lead
3104,1961,Graduation,Single,82332.0,0,0,2012-09-17,89,830,59,968,51,79,19,1,5,3,12,2,0,0,1,0,0,0,1,53,2006,650,0,21,91.18181818181819,1,0,1,82332.0,1,🌟 High-Value Loyalists,2,2,0.7598854104066597,🔥 Hot Lead
9729,1955,Graduation,Widow,58275.0,1,1,2013-06-02,48,189,10,253,56,43,64,6,8,2,7,7,0,0,0,0,0,0,0,59,615,392,2,23,25.625,0,1,3,19425.0,2,👨‍👩‍👧 Active Parent Shoppers,2,4,0.023398907657227207,❄️ Cold Lead
1008,1981,PhD,Together,44953.0,0,0,2012-12-21,31,728,17,133,11,8,124,1,7,3,13,6,1,0,0,0,0,0,0,33,1021,555,0,24,40.84,1,0,2,22476.5,2,👨‍👩‍👧 Active Parent Shoppers,4,3,0.17637869353234648,❄️ Cold Lead
11091,1953,Graduation,Together,34587.0,1,1,2014-05-16,68,7,2,9,2,0,2,2,1,0,3,4,0,0,0,0,0,0,0,61,22,44,2,6,3.142857142857143,0,1,4,8646.75,0,💤 Low Engagers,2,3,0.002080292036316745,❄️ Cold Lead
3969,1974,Master,Together,43018.0,0,1,2013-11-01,46,35,4,17,7,6,64,1,2,2,2,5,0,0,0,0,0,0,0,40,133,240,1,7,16.625,0,1,3,14339.333333333334,0,💤 Low Engagers,3,3,0.03642047170505993,❄️ Cold Lead
1916,1954,Master,Married,45736.0,0,1,2013-07-24,92,188,3,180,20,3,43,5,7,1,6,7,0,0,0,0,0,0,0,60,437,340,1,19,21.85,0,1,3,15245.333333333334,2,👨‍👩‍👧 Active Parent Shoppers,3,1,0.03295666001858564,❄️ Cold Lead
9907,1969,Master,Together,66476.0,0,1,2013-12-04,80,742,28,152,25,9,57,2,6,8,10,4,0,0,0,0,0,0,0,45,1013,207,1,26,37.51851851851852,0,1,3,22158.666666666668,2,👨‍👩‍👧 Active Parent Shoppers,3,3,0.00752622006770828,❄️ Cold Lead
87,1981,Diploma,Married,27733.0,1,0,2013-08-26,16,0,7,5,26,2,17,2,2,0,3,7,0,0,0,0,0,0,0,33,57,307,1,7,7.125,0,1,3,9244.333333333334,0,💤 Low Engagers,1,1,0.08453639262501436,❄️ Cold Lead
8659,1952,PhD,Together,69805.0,0,1,2014-01-21,50,750,71,174,13,10,20,2,6,8,11,2,0,0,0,0,0,0,0,62,1038,159,1,27,37.07142857142857,0,1,3,23268.333333333332,2,👨‍👩‍👧 Active Parent Shoppers,4,3,0.04242954573934951,❄️ Cold Lead
6262,1962,Master,Single,72217.0,0,0,2013-04-10,93,816,42,450,55,56,154,1,3,10,8,2,0,0,0,0,0,0,0,52,1573,445,0,22,68.3913043478261,0,0,1,72217.0,1,🌟 High-Value Loyalists,3,2,0.17816609839143058,❄️ Cold Lead
6147,1971,Graduation,Divorced,25818.0,1,0,2012-10-18,51,5,2,8,2,2,9,1,0,1,2,7,0,0,0,0,0,0,0,43,28,619,1,4,5.6,0,1,2,12909.0,0,💤 Low Engagers,2,0,0.1376262705539959,❄️ Cold Lead
8832,1976,Master,Together,37509.0,1,0,2012-09-12,24,37,5,56,12,8,5,2,3,0,4,7,0,0,0,0,0,0,0,38,123,655,1,9,12.3,0,1,3,12503.0,0,💤 Low Engagers,3,3,0.2928408874025086,❄️ Cold Lead
10067,1976,Diploma,Together,25176.0,1,1,2013-08-10,79,4,0,4,0,0,5,1,1,0,2,7,0,0,0,0,0,0,0,38,13,323,2,4,2.6,0,1,4,6294.0,0,💤 Low Engagers,1,3,0.014539467165835693,❄️ Cold Lead
7532,1980,Graduation,Married,43586.0,0,1,2012-08-30,26,99,2,11,4,0,16,3,3,0,4,8,0,0,0,0,0,0,0,34,132,668,1,10,12.0,0,1,3,14528.666666666666,0,💤 Low Engagers,2,1,0.26635338137357506,❄️ Cold Lead
4915,1956,Diploma,Married,53230.0,0,1,2012-08-03,86,176,72,98,136,21,229,4,5,2,12,5,0,0,0,0,0,0,0,58,732,695,1,23,30.5,0,1,3,17743.333333333332,2,👨‍👩‍👧 Active Parent Shoppers,1,1,0.07201181286132412,❄️ Cold Lead
2115,1957,Graduation,Together,50116.0,1,1,2014-06-20,68,54,0,10,0,0,2,2,1,0,4,5,0,1,0,0,0,0,0,57,66,9,2,7,8.25,1,1,4,12529.0,0,💤 Low Engagers,2,3,0.022013258485853573,❄️ Cold Lead
2088,1972,Graduation,Together,84906.0,0,0,2013-10-04,98,997,15,414,99,30,76,1,5,6,12,2,0,1,1,0,1,0,0,42,1631,268,0,24,65.24,3,0,2,42453.0,3,🏆 Champions,2,3,0.07611385065795057,❄️ Cold Lead
2493,1966,Graduation,Married,61286.0,0,1,2013-08-02,34,356,0,107,19,9,117,2,7,1,8,5,0,0,0,0,0,0,0,48,608,331,1,18,32.0,0,1,3,20428.666666666668,2,👨‍👩‍👧 Active Parent Shoppers,2,1,0.011857700496785304,❄️ Cold Lead
6292,1986,PhD,Married,82333.0,0,0,2013-03-30,60,1311,0,359,46,89,17,1,4,3,10,2,0,0,1,0,0,0,1,28,1822,456,0,18,95.89473684210526,1,0,2,41166.5,1,🌟 High-Value Loyalists,4,1,0.28469756610128355,❄️ Cold Lead
1631,1965,PhD,Together,65220.0,0,0,2012-09-03,3,890,63,292,0,25,12,4,8,4,7,6,0,0,0,0,0,0,1,49,1282,664,0,23,53.416666666666664,0,0,2,32610.0,1,🌟 High-Value Loyalists,4,3,0.7179417630208945,🔥 Hot Lead
10104,1974,Graduation,Together,33590.0,2,1,2013-11-03,65,4,0,2,0,0,2,1,1,0,2,7,0,0,0,0,0,0,0,40,8,238,3,4,1.6,0,1,5,6718.0,0,💤 Low Engagers,2,3,0.009831068676193567,❄️ Cold Lead
3006,1976,Graduation,Divorced,30992.0,1,0,2013-04-22,83,17,0,14,7,3,2,1,1,0,3,7,0,0,0,0,0,0,0,38,43,433,1,5,7.166666666666667,0,1,2,15496.0,0,💤 Low Engagers,2,0,0.012822392476320993,❄️ Cold Lead
3919,1976,Master,Single,72309.0,0,0,2013-03-11,64,960,0,883,50,38,0,1,5,6,8,3,0,0,0,1,0,0,1,38,1931,475,0,20,91.95238095238095,1,0,1,72309.0,1,🌟 High-Value Loyalists,3,2,0.7844048724221944,🔥 Hot Lead
11181,1949,PhD,Married,156924.0,0,0,2013-08-29,85,2,1,2,1,1,1,0,0,0,0,0,0,0,0,0,0,0,0,65,8,304,0,0,8.0,0,0,2,78462.0,1,🌟 High-Value Loyalists,4,1,0.04120199146514936,❄️ Cold Lead
642,1980,Basic,Married,16005.0,1,0,2012-08-14,69,1,3,2,20,30,47,3,2,1,2,8,0,0,0,0,0,0,0,34,103,684,1,8,11.444444444444445,0,1,3,5335.0,0,💤 Low Engagers,0,1,0.3035154160104646,❄️ Cold Lead
4369,1957,Master,,65487.0,0,0,2014-01-10,48,240,67,500,199,0,163,3,3,5,6,2,0,0,0,0,0,0,0,57,1169,170,0,17,64.94444444444444,0,0,1,65487.0,1,🌟 High-Value Loyalists,3,5,0.05591834899271397,❄️ Cold Lead
10127,1965,Graduation,Married,58692.0,0,1,2014-04-06,21,301,11,61,4,7,11,1,8,2,4,7,0,0,0,0,0,0,0,49,395,84,1,15,24.6875,0,1,3,19564.0,2,👨‍👩‍👧 Active Parent Shoppers,2,1,0.04077449037525442,❄️ Cold Lead
271,1969,Graduation,Widow,40590.0,1,1,2013-10-02,30,154,0,50,6,11,37,5,3,4,3,6,1,0,0,0,0,0,0,45,258,270,2,15,16.125,1,1,3,13530.0,0,💤 Low Engagers,2,4,0.2960428714995518,❄️ Cold Lead
4973,1970,Graduation,Single,20587.0,1,0,2014-05-11,39,2,3,6,4,1,9,1,1,1,2,7,0,0,0,0,0,0,0,44,25,49,1,5,4.166666666666667,0,1,2,10293.5,0,💤 Low Engagers,2,2,0.04386921280489217,❄️ Cold Lead
2948,1954,Master,Divorced,62637.0,0,1,2014-03-01,76,104,12,48,4,12,5,1,2,2,5,2,0,0,0,0,0,0,0,60,185,120,1,10,16.818181818181817,0,1,2,31318.5,0,💤 Low Engagers,3,0,0.0057720342256686,❄️ Cold Lead
2715,1966,Master,Divorced,29435.0,1,1,2012-08-06,11,70,3,37,4,2,64,4,3,2,2,9,0,0,0,0,0,0,1,48,180,692,2,11,15.0,0,1,3,9811.666666666666,0,💤 Low Engagers,3,0,0.846435585608057,🔥 Hot Lead
10432,1974,Graduation,Divorced,19346.0,1,0,2014-01-30,26,2,0,9,3,6,2,1,1,0,3,8,0,0,0,0,0,0,0,40,22,150,1,5,3.6666666666666665,0,1,2,9673.0,0,💤 Low Engagers,2,0,0.01485278338422427,❄️ Cold Lead
9216,1971,Graduation,Married,35788.0,1,1,2014-01-23,34,23,2,11,3,1,4,2,2,0,3,6,0,0,0,0,0,0,0,43,44,157,2,7,5.5,0,1,4,8947.0,0,💤 Low Engagers,2,1,0.008473666508104714,❄️ Cold Lead
7124,1968,Graduation,Divorced,36997.0,1,1,2013-02-01,72,43,4,12,8,0,27,5,2,1,4,5,0,0,0,0,0,0,0,46,94,513,2,12,7.230769230769231,0,1,3,12332.333333333334,0,💤 Low Engagers,2,0,0.10852871620805732,❄️ Cold Lead
9727,1957,Graduation,Married,23539.0,0,0,2014-02-28,13,4,24,11,16,1,25,1,2,0,4,6,0,0,0,0,0,0,0,57,81,121,0,7,10.125,0,0,2,11769.5,0,💤 Low Engagers,2,1,0.08601350528714986,❄️ Cold Lead
5136,1973,Graduation,Single,65333.0,0,1,2014-01-17,58,654,7,92,0,15,30,7,9,4,8,6,0,1,1,0,0,0,0,41,798,163,1,28,27.517241379310345,2,1,2,32666.5,2,👨‍👩‍👧 Active Parent Shoppers,2,2,0.17764402671718182,❄️ Cold Lead
9790,1957,Graduation,Single,78499.0,0,0,2013-11-23,12,912,72,170,47,36,97,1,11,3,4,4,0,0,1,0,0,0,1,57,1334,218,0,19,66.7,1,0,1,78499.0,1,🌟 High-Value Loyalists,2,2,0.9013741025217833,🔥 Hot Lead
1818,1971,PhD,Together,29732.0,1,0,2014-03-25,23,25,0,8,0,1,4,1,2,0,2,9,0,0,0,0,0,0,0,43,38,96,1,5,6.333333333333333,0,1,3,9910.666666666666,0,💤 Low Engagers,4,3,0.05585886214039048,❄️ Cold Lead
1100,1960,Master,Together,41275.0,1,2,2014-03-24,33,24,4,22,0,2,9,4,3,1,3,5,0,0,0,0,0,0,0,54,61,97,3,11,5.083333333333333,0,1,5,8255.0,0,💤 Low Engagers,3,3,0.03567698957192585,❄️ Cold Lead
7873,1973,PhD,Together,63516.0,1,1,2013-07-06,30,141,11,114,15,14,5,4,4,1,7,5,0,0,0,0,0,0,0,41,300,358,2,16,17.647058823529413,0,1,4,15879.0,2,👨‍👩‍👧 Active Parent Shoppers,4,3,0.040000836683381905,❄️ Cold Lead
10609,1962,PhD,Married,42769.0,0,1,2013-10-12,15,71,0,13,3,1,0,2,1,1,4,4,0,0,0,0,0,0,0,52,88,260,1,8,9.777777777777779,0,1,3,14256.333333333334,0,💤 Low Engagers,4,1,0.05462835370118671,❄️ Cold Lead
6950,1958,Master,Married,49572.0,1,1,2013-12-15,25,35,1,16,0,1,1,2,2,0,3,7,0,0,0,0,0,0,0,56,54,196,2,7,6.75,0,1,4,12393.0,0,💤 Low Engagers,3,1,0.02095671944050391,❄️ Cold Lead
7233,1972,Graduation,Married,69209.0,0,0,2012-09-17,4,496,32,849,229,48,128,2,5,3,6,4,0,0,0,1,0,0,0,42,1782,650,0,16,104.82352941176471,1,0,2,34604.5,1,🌟 High-Value Loyalists,2,1,0.5049790525351755,🌤 Warm Lead
9481,1976,Graduation,Married,17148.0,1,0,2014-01-28,80,9,9,11,13,10,16,4,3,1,3,8,0,0,0,0,0,0,0,38,68,152,1,11,5.666666666666667,0,1,3,5716.0,0,💤 Low Engagers,2,1,0.0441509427383418,❄️ Cold Lead
7699,1969,Graduation,Widow,40590.0,1,1,2013-10-02,30,154,0,50,6,11,37,5,3,4,3,6,1,0,0,0,0,0,0,45,258,270,2,15,16.125,1,1,3,13530.0,0,💤 Low Engagers,2,4,0.2960428714995518,❄️ Cold Lead
2711,1976,Master,Together,30560.0,1,0,2013-06-27,6,9,1,5,4,5,7,1,1,0,3,7,0,0,0,0,0,0,0,38,31,367,1,5,5.166666666666667,0,1,3,10186.666666666666,0,💤 Low Engagers,3,3,0.03406488494681669,❄️ Cold Lead
8933,1983,Diploma,Married,32146.0,1,0,2014-05-12,16,26,3,23,4,7,3,2,2,0,4,6,0,0,0,0,0,0,0,31,66,48,1,8,7.333333333333333,0,1,3,10715.333333333334,0,💤 Low Engagers,1,1,0.028534482659045138,❄️ Cold Lead
8726,1964,Diploma,Divorced,41713.0,1,1,2014-04-29,57,77,8,44,10,10,25,5,3,1,4,6,0,0,0,0,0,0,0,50,174,61,2,13,12.428571428571429,0,1,3,13904.333333333334,0,💤 Low Engagers,1,0,0.04757001743435186,❄️ Cold Lead
1515,1975,Master,Together,34176.0,0,1,2014-01-22,9,11,2,7,4,2,2,1,1,0,3,3,0,0,0,0,0,0,0,39,28,158,1,5,4.666666666666667,0,1,3,11392.0,0,💤 Low Engagers,3,3,0.015618056806396769,❄️ Cold Lead
5186,1955,PhD,Married,58482.0,0,1,2014-03-12,59,576,7,115,19,7,7,2,7,4,9,6,0,1,0,0,0,0,0,59,731,109,1,22,31.782608695652176,1,1,3,19494.0,2,👨‍👩‍👧 Active Parent Shoppers,4,1,0.07388032857719876,❄️ Cold Lead
10157,1965,Graduation,Single,59686.0,0,1,2014-01-25,78,89,15,89,34,42,5,1,4,1,6,4,0,0,0,0,0,0,0,49,274,155,1,12,21.076923076923077,0,1,2,29843.0,0,💤 Low Engagers,2,2,0.004943030266203018,❄️ Cold Lead
5667,1964,PhD,Married,60896.0,0,1,2012-10-11,90,1013,30,399,60,46,153,3,9,10,4,6,0,0,0,0,0,0,1,50,1701,626,1,26,63.0,0,1,3,20298.666666666668,2,👨‍👩‍👧 Active Parent Shoppers,4,1,0.7018159270452046,🔥 Hot Lead
902,1980,Graduation,Together,62994.0,1,0,2014-03-04,74,224,12,48,4,12,12,1,6,2,4,6,0,0,0,0,0,0,0,34,312,117,1,13,22.285714285714285,0,1,3,20998.0,0,💤 Low Engagers,2,3,0.014864265973200222,❄️ Cold Lead
977,1957,Graduation,Together,47320.0,0,1,2013-08-01,10,200,19,111,50,15,19,6,5,1,8,6,0,0,0,0,0,0,0,57,414,332,1,20,19.714285714285715,0,1,3,15773.333333333334,2,👨‍👩‍👧 Active Parent Shoppers,2,3,0.2476247653653357,❄️ Cold Lead
7313,1949,Diploma,Widow,74859.0,0,0,2013-06-03,63,570,73,614,133,102,73,1,6,5,11,3,0,0,0,1,0,0,0,65,1565,391,0,23,65.20833333333333,1,0,1,74859.0,1,🌟 High-Value Loyalists,1,4,0.23175044897957453,❄️ Cold Lead
7600,1992,Basic,Single,15253.0,1,0,2013-10-28,13,1,3,3,8,1,13,2,1,0,3,7,0,0,0,0,0,0,0,22,29,244,1,6,4.142857142857143,0,1,2,7626.5,0,💤 Low Engagers,0,2,0.023499606535279452,❄️ Cold Lead
9706,1974,PhD,Single,31560.0,1,0,2013-06-24,98,62,1,20,4,0,7,2,2,1,3,8,0,0,0,0,0,0,0,40,94,370,1,8,10.444444444444445,0,1,2,15780.0,0,💤 Low Engagers,4,2,0.034730789840501194,❄️ Cold Lead
2429,1954,Graduation,Divorced,72071.0,0,1,2013-02-14,4,531,69,300,150,138,150,3,5,4,8,2,0,0,0,0,0,0,0,60,1338,500,1,20,63.714285714285715,0,1,2,36035.5,2,👨‍👩‍👧 Active Parent Shoppers,2,0,0.12235444744375108,❄️ Cold Lead
3520,1990,Master,Single,91172.0,0,0,2013-03-27,94,162,28,818,0,28,56,0,4,3,7,3,1,0,1,1,1,0,1,24,1092,459,0,14,72.8,4,0,1,91172.0,3,🏆 Champions,3,2,0.7782000429641209,🔥 Hot Lead
10394,1984,Graduation,Married,90000.0,0,0,2013-12-23,91,675,144,133,94,192,241,1,4,8,5,1,1,0,1,1,0,0,0,30,1479,188,0,18,77.84210526315789,3,0,2,45000.0,3,🏆 Champions,2,1,0.14597890943585276,❄️ Cold Lead
4548,1981,Graduation,Single,41967.0,1,1,2013-11-23,66,23,4,10,0,2,15,1,1,0,3,4,0,0,0,0,0,0,0,33,54,218,2,5,9.0,0,1,3,13989.0,0,💤 Low Engagers,2,2,0.0037319037789477066,❄️ Cold Lead
9362,1965,Graduation,Single,69263.0,0,1,2014-03-05,14,492,5,32,13,5,21,1,9,1,7,6,0,1,0,0,0,0,0,49,568,116,1,18,29.894736842105264,1,1,2,34631.5,2,👨‍👩‍👧 Active Parent Shoppers,2,2,0.40687851702514777,🌤 Warm Lead
3968,1970,Diploma,Divorced,65706.0,0,0,2013-06-28,77,918,10,129,13,0,129,1,11,3,12,7,0,1,1,0,1,0,1,44,1199,366,0,27,42.82142857142857,3,0,1,65706.0,3,🏆 Champions,1,0,0.8136921157645979,🔥 Hot Lead
4084,1975,Graduation,Together,60934.0,0,1,2014-01-17,41,224,155,155,192,93,54,2,6,4,11,4,0,0,0,0,0,0,0,39,873,163,1,23,36.375,0,1,3,20311.333333333332,2,👨‍👩‍👧 Active Parent Shoppers,2,3,0.0013677885938382251,❄️ Cold Lead
6721,1951,Graduation,Married,71965.0,0,1,2013-07-29,21,572,19,286,50,38,248,3,6,3,5,3,0,0,0,0,0,0,0,63,1213,335,1,17,67.38888888888889,0,1,3,23988.333333333332,2,👨‍👩‍👧 Active Parent Shoppers,2,1,0.06112659989198714,❄️ Cold Lead
2829,1955,Graduation,Married,65210.0,0,1,2014-03-10,25,626,0,70,0,7,28,2,9,3,8,6,0,1,0,1,0,0,0,59,731,111,1,22,31.782608695652176,2,1,3,21736.666666666668,2,👨‍👩‍👧 Active Parent Shoppers,2,1,0.3185954387346313,❄️ Cold Lead
1772,1975,PhD,Married,79174.0,0,0,2013-01-11,2,1074,37,518,193,92,129,1,5,6,7,2,0,0,1,1,0,0,1,39,2043,534,0,19,102.15,2,0,2,39587.0,3,🏆 Champions,4,1,0.8973883086175867,🔥 Hot Lead
1544,1967,Master,Divorced,81380.0,0,0,2012-12-22,51,741,68,689,224,68,103,1,4,2,10,2,0,0,0,0,0,0,0,47,1893,554,0,17,105.16666666666667,0,0,1,81380.0,1,🌟 High-Value Loyalists,3,0,0.24923958703811308,❄️ Cold Lead
492,1973,PhD,,48432.0,0,1,2012-10-18,3,322,3,50,4,3,42,5,7,1,6,8,0,0,0,0,0,0,0,41,424,619,1,19,21.2,0,1,2,24216.0,2,👨‍👩‍👧 Active Parent Shoppers,4,5,0.6552482591485351,🌤 Warm Lead
4377,1971,Graduation,Married,52914.0,0,1,2013-01-07,32,254,10,44,30,10,227,2,7,3,3,7,1,0,0,0,0,0,0,43,575,538,1,15,35.9375,1,1,3,17638.0,2,👨‍👩‍👧 Active Parent Shoppers,2,1,0.38609589977763925,❄️ Cold Lead
4541,1955,Graduation,Together,38946.0,0,1,2013-10-24,84,116,6,82,6,6,41,2,3,1,6,5,0,0,0,0,0,0,0,59,257,248,1,12,19.76923076923077,0,1,3,12982.0,0,💤 Low Engagers,2,3,0.02307973930614008,❄️ Cold Lead
1321,1974,Graduation,Married,26067.0,1,0,2013-11-04,49,22,2,18,0,2,12,3,3,0,3,8,0,0,0,0,0,0,0,40,56,237,1,9,5.6,0,1,3,8689.0,0,💤 Low Engagers,2,1,0.02462556217567981,❄️ Cold Lead
8858,1972,PhD,Married,44325.0,0,1,2013-03-07,69,516,0,21,0,0,5,4,8,2,7,8,0,1,0,0,0,0,0,42,542,479,1,21,24.636363636363637,1,1,3,14775.0,2,👨‍👩‍👧 Active Parent Shoppers,4,1,0.18764278675452545,❄️ Cold Lead
3266,1964,Graduation,Married,42523.0,0,0,2014-04-23,96,14,36,11,3,26,35,1,1,1,4,2,0,0,0,0,0,0,0,50,125,67,0,7,15.625,0,0,2,21261.5,0,💤 Low Engagers,2,1,0.009376627234438589,❄️ Cold Lead
11187,1978,Basic,Single,26487.0,1,0,2013-05-20,23,2,8,10,12,14,23,3,2,1,3,5,0,0,0,0,0,0,0,36,69,405,1,9,6.9,0,1,2,13243.5,0,💤 Low Engagers,0,2,0.2271818969790217,❄️ Cold Lead
8207,1957,Diploma,Married,53233.0,0,1,2014-03-18,18,28,0,9,3,0,0,1,1,0,3,4,0,0,0,0,0,0,0,57,40,103,1,5,6.666666666666667,0,1,3,17744.333333333332,0,💤 Low Engagers,1,1,0.02283502009163956,❄️ Cold Lead
9723,1960,Graduation,Married,67716.0,0,1,2013-01-10,8,530,142,217,62,9,56,4,7,4,13,5,0,1,0,0,0,0,0,54,1016,535,1,28,35.03448275862069,1,1,3,22572.0,2,👨‍👩‍👧 Active Parent Shoppers,2,1,0.3065071020857237,❄️ Cold Lead
2666,1972,Master,Married,76234.0,0,1,2014-02-06,21,519,50,167,130,0,41,1,8,3,11,3,0,1,0,0,0,0,0,42,907,143,1,23,37.791666666666664,1,1,3,25411.333333333332,2,👨‍👩‍👧 Active Parent Shoppers,3,1,0.08904481355094097,❄️ Cold Lead
5721,1956,PhD,Married,84117.0,0,0,2014-05-11,60,611,76,749,59,45,26,1,7,10,6,2,0,0,1,0,0,0,0,58,1566,49,0,24,62.64,1,0,2,42058.5,1,🌟 High-Value Loyalists,4,1,0.07819229842622347,❄️ Cold Lead
10652,1957,Master,Together,65487.0,0,0,2014-01-10,48,240,67,500,199,0,163,3,3,5,6,2,0,0,0,0,0,0,0,57,1169,170,0,17,64.94444444444444,0,0,2,32743.5,1,🌟 High-Value Loyalists,3,3,0.007537937031261033,❄️ Cold Lead
1646,1972,Basic,Married,25224.0,1,0,2014-03-16,36,4,9,12,11,2,8,2,1,1,3,3,0,0,0,0,0,0,0,42,46,105,1,7,5.75,0,1,3,8408.0,0,💤 Low Engagers,0,1,0.03258446467643967,❄️ Cold Lead
4418,1983,Master,Single,89616.0,0,0,2013-02-25,36,671,47,655,145,111,15,1,7,5,12,2,0,0,0,0,0,0,1,31,1644,489,0,25,63.23076923076923,0,0,1,89616.0,1,🌟 High-Value Loyalists,3,2,0.7357943610885261,🔥 Hot Lead
2656,1971,Graduation,Divorced,40851.0,1,1,2013-02-21,63,23,1,7,0,4,24,1,1,1,2,7,0,0,0,0,0,0,0,43,59,493,2,5,9.833333333333334,0,1,3,13617.0,0,💤 Low Engagers,2,0,0.12342043138341725,❄️ Cold Lead
7990,1947,Graduation,Married,27469.0,0,0,2012-08-02,2,9,1,2,3,2,0,1,0,0,3,6,0,0,0,0,0,0,0,67,17,696,0,4,3.4,0,0,2,13734.5,0,💤 Low Engagers,2,1,0.06442644904428159,❄️ Cold Lead
8722,1957,Diploma,Married,82347.0,0,0,2012-11-06,38,556,54,845,202,133,63,1,7,7,10,3,1,0,0,1,0,0,1,57,1853,600,0,25,71.26923076923077,2,0,2,41173.5,3,🏆 Champions,1,1,0.7532652335095975,🔥 Hot Lead
7118,1957,Graduation,Married,73803.0,0,1,2012-08-01,61,833,80,363,52,26,174,2,9,5,6,6,1,0,0,0,0,0,1,57,1528,697,1,22,66.43478260869566,1,1,3,24601.0,2,👨‍👩‍👧 Active Parent Shoppers,2,1,0.6900935522101567,🌤 Warm Lead
2980,1952,Master,Single,8820.0,1,1,2013-03-22,52,12,0,13,4,2,4,4,3,0,3,8,0,0,0,0,0,0,0,62,35,464,2,10,3.1818181818181817,0,1,3,2940.0,0,💤 Low Engagers,3,2,0.0449282400838133,❄️ Cold Lead
1839,1974,Graduation,Single,43322.0,0,0,2014-04-21,25,56,7,48,10,2,18,1,3,0,4,7,0,0,0,0,0,0,0,40,141,69,0,8,15.666666666666666,0,0,1,43322.0,0,💤 Low Engagers,2,2,0.06649442426523237,❄️ Cold Lead
10722,1973,Graduation,Together,55593.0,0,1,2013-08-21,63,293,8,124,11,4,106,2,6,6,3,6,1,0,0,0,0,0,0,41,546,312,1,17,30.333333333333332,1,1,3,18531.0,2,👨‍👩‍👧 Active Parent Shoppers,2,3,0.17351168740056017,❄️ Cold Lead
2632,1954,Graduation,Married,50501.0,1,1,2013-06-18,10,297,0,38,13,0,152,7,5,4,4,6,1,0,0,0,0,0,1,60,500,376,2,20,23.80952380952381,1,1,4,12625.25,2,👨‍👩‍👧 Active Parent Shoppers,2,1,0.6049731408637224,🌤 Warm Lead
9014,1975,Graduation,Married,37085.0,1,1,2014-06-26,65,39,1,16,2,0,3,4,3,0,3,8,0,0,0,0,0,0,0,39,61,3,2,10,5.545454545454546,0,1,4,9271.25,0,💤 Low Engagers,2,1,0.0070490617225049505,❄️ Cold Lead
7620,1990,Basic,Single,16185.0,1,0,2013-08-05,71,5,11,16,21,8,45,2,2,2,2,8,0,0,0,0,0,0,0,24,106,328,1,8,11.777777777777779,0,1,2,8092.5,0,💤 Low Engagers,0,2,0.06124340096215141,❄️ Cold Lead
10968,1969,Graduation,Single,57731.0,0,1,2012-11-23,0,266,21,300,65,8,44,4,8,8,6,6,0,0,0,0,0,0,0,45,704,583,1,26,26.074074074074073,0,1,2,28865.5,2,👨‍👩‍👧 Active Parent Shoppers,2,2,0.15469562609566517,❄️ Cold Lead
11133,1973,PhD,,48432.0,0,1,2012-10-18,3,322,3,50,4,3,42,5,7,1,6,8,0,0,0,0,0,0,1,41,424,619,1,19,21.2,0,1,2,24216.0,2,👨‍👩‍👧 Active Parent Shoppers,4,5,0.6552482591485351,🌤 Warm Lead
2736,1978,Graduation,Married,73807.0,0,1,2013-01-02,88,366,124,156,71,78,54,2,5,5,11,2,0,0,0,0,0,0,0,36,849,543,1,23,35.375,0,1,3,24602.333333333332,2,👨‍👩‍👧 Active Parent Shoppers,2,1,0.012937684760984471,❄️ Cold Lead
1876,1990,Graduation,Married,18929.0,0,0,2013-02-16,15,32,0,8,23,4,18,1,1,0,4,6,0,0,0,0,0,0,0,24,85,498,0,6,12.142857142857142,0,0,2,9464.5,0,💤 Low Engagers,2,1,0.1302229434118294,❄️ Cold Lead
5959,1968,Graduation,Single,35893.0,1,1,2012-10-15,80,158,0,23,0,0,18,6,3,1,5,8,0,0,0,0,0,0,0,46,199,622,2,15,12.4375,0,1,3,11964.333333333334,0,💤 Low Engagers,2,2,0.2863902019117275,❄️ Cold Lead
1092,1980,Graduation,Married,61014.0,0,1,2012-08-11,17,269,129,495,182,43,29,4,9,3,4,7,0,0,0,0,0,0,0,34,1147,687,1,20,54.61904761904762,0,1,3,20338.0,2,👨‍👩‍👧 Active Parent Shoppers,2,1,0.2455157197493154,❄️ Cold Lead
4333,1954,Graduation,Together,32144.0,1,1,2014-03-23,76,41,0,10,0,0,3,4,2,1,3,7,0,1,0,0,0,0,0,60,54,98,2,10,4.909090909090909,1,1,4,8036.0,0,💤 Low Engagers,2,3,0.12477395000261286,❄️ Cold Lead
3850,1963,Basic,Together,14918.0,0,1,2012-12-07,52,3,3,3,15,4,15,1,1,0,3,6,0,0,0,0,0,0,0,51,43,569,1,5,7.166666666666667,0,1,3,4972.666666666667,0,💤 Low Engagers,0,3,0.049280716424821104,❄️ Cold Lead
6168,1963,Graduation,Divorced,45146.0,1,1,2013-07-15,28,33,0,5,0,0,15,2,1,1,2,4,0,0,0,0,0,0,0,51,53,349,2,6,7.571428571428571,0,1,3,15048.666666666666,0,💤 Low Engagers,2,0,0.05150566042525209,❄️ Cold Lead
607,1955,Diploma,Divorced,41769.0,0,1,2013-02-13,31,302,29,131,32,0,27,6,8,1,7,8,0,0,0,0,0,0,0,59,521,501,1,22,22.652173913043477,0,1,2,20884.5,2,👨‍👩‍👧 Active Parent Shoppers,1,0,0.15008855101778867,❄️ Cold Lead
10469,1981,Graduation,Together,88325.0,0,0,2014-02-05,42,519,71,860,93,27,53,1,6,2,9,2,0,0,0,0,0,0,0,33,1623,144,0,18,85.42105263157895,0,0,2,44162.5,1,🌟 High-Value Loyalists,2,3,0.1691085854931645,❄️ Cold Lead
6983,1950,Master,Divorced,38054.0,1,1,2014-05-01,24,23,2,17,2,1,0,2,2,0,3,7,0,0,0,0,0,0,0,64,45,59,2,7,5.625,0,1,3,12684.666666666666,0,💤 Low Engagers,3,0,0.019395134479410776,❄️ Cold Lead
3661,1995,Diploma,Single,80617.0,0,0,2012-10-12,42,594,51,631,72,55,32,1,4,6,8,2,0,0,0,0,0,0,0,19,1435,625,0,19,71.75,0,0,1,80617.0,1,🌟 High-Value Loyalists,1,2,0.13148822144428826,❄️ Cold Lead
9303,1976,Graduation,Married,5305.0,0,1,2013-07-30,12,12,4,7,1,3,5,0,1,0,0,13,0,0,0,0,0,0,0,38,32,334,1,1,16.0,0,1,3,1768.3333333333333,0,💤 Low Engagers,2,1,0.11000459502230875,❄️ Cold Lead
692,1954,Graduation,Together,36807.0,1,1,2012-12-20,88,4,2,5,0,0,5,1,1,0,2,6,0,0,0,0,0,0,0,60,16,556,2,4,3.2,0,1,4,9201.75,0,💤 Low Engagers,2,3,0.011694536740167167,❄️ Cold Lead
736,1983,Graduation,Together,28427.0,1,0,2013-03-21,67,18,3,19,3,3,6,2,2,0,3,8,0,0,0,0,0,0,0,31,52,465,1,7,6.5,0,1,3,9475.666666666666,0,💤 Low Engagers,2,3,0.04387650836141756,❄️ Cold Lead
9589,1948,PhD,Widow,82032.0,0,0,2014-04-05,54,332,194,377,149,125,57,0,4,6,7,1,0,0,0,0,0,0,0,66,1234,85,0,17,68.55555555555556,0,0,1,82032.0,1,🌟 High-Value Loyalists,4,4,0.10163064185410177,❄️ Cold Lead
4838,1978,Graduation,Together,22775.0,1,0,2013-06-19,40,5,1,8,0,0,1,1,1,0,2,8,0,0,0,0,0,0,0,36,15,375,1,4,3.0,0,1,3,7591.666666666667,0,💤 Low Engagers,2,3,0.04198328427523342,❄️ Cold Lead
9246,1985,Master,Together,40101.0,1,0,2012-10-14,73,171,3,129,26,24,62,4,6,1,6,7,0,0,0,0,0,0,0,29,415,623,1,17,23.055555555555557,0,1,3,13367.0,0,💤 Low Engagers,3,3,0.3266020416497579,❄️ Cold Lead
6261,1979,Graduation,Married,58025.0,0,1,2013-11-26,81,270,31,88,11,48,22,3,3,2,10,4,0,0,0,0,0,0,0,35,470,215,1,18,24.736842105263158,0,1,3,19341.666666666668,2,👨‍👩‍👧 Active Parent Shoppers,2,1,0.007876702710704394,❄️ Cold Lead
7366,1982,Master,Single,75777.0,0,0,2013-07-04,12,712,26,538,69,13,80,1,3,6,11,1,0,1,1,0,0,0,1,32,1438,360,0,21,65.36363636363636,2,0,1,75777.0,3,🏆 Champions,3,2,0.8672407720701849,🔥 Hot Lead
10659,1979,Diploma,Together,7500.0,1,0,2013-05-07,7,2,8,11,3,8,21,4,3,2,2,7,0,0,0,0,0,0,0,35,53,418,1,11,4.416666666666667,0,1,3,2500.0,0,💤 Low Engagers,1,3,0.3094534051013579,❄️ Cold Lead
1448,1963,Master,Married,33562.0,1,2,2014-06-25,33,21,12,12,0,3,3,3,2,0,4,4,0,0,0,0,0,0,0,51,51,4,3,9,5.1,0,1,5,6712.4,0,💤 Low Engagers,3,1,0.007426246685166146,❄️ Cold Lead
4286,1970,PhD,Single,57642.0,0,1,2014-01-09,24,580,6,58,8,0,27,3,7,6,6,4,1,0,0,0,0,0,0,44,679,171,1,22,29.52173913043478,1,1,2,28821.0,2,👨‍👩‍👧 Active Parent Shoppers,4,2,0.2348770841178431,❄️ Cold Lead
4749,1968,Graduation,Together,58554.0,1,1,2012-09-26,55,368,24,68,38,0,88,6,8,2,6,7,0,0,0,0,0,0,0,46,586,641,2,22,25.47826086956522,0,1,4,14638.5,2,👨‍👩‍👧 Active Parent Shoppers,2,3,0.20952608815153537,❄️ Cold Lead
4478,1979,Graduation,Married,63777.0,1,1,2013-03-24,87,457,5,106,15,17,53,8,11,1,6,8,0,0,0,0,0,0,0,35,653,462,2,26,24.185185185185187,0,1,4,15944.25,2,👨‍👩‍👧 Active Parent Shoppers,2,1,0.04461959522716197,❄️ Cold Lead
4201,1962,Graduation,Single,57967.0,0,1,2013-03-03,39,229,7,137,4,0,91,5,4,2,8,5,0,0,0,0,0,0,0,52,468,483,1,19,23.4,0,1,2,28983.5,2,👨‍👩‍👧 Active Parent Shoppers,2,2,0.07729287736221647,❄️ Cold Lead
8720,1978,Diploma,Together,51381.5,0,0,2012-08-12,53,32,2,1607,12,4,22,0,0,0,1,0,0,1,0,0,0,0,0,36,1679,686,0,1,839.5,1,0,2,25690.75,3,🏆 Champions,1,3,0.09550367210643332,❄️ Cold Lead
10084,1972,Graduation,Married,24434.0,2,0,2014-05-18,9,3,2,8,20,0,17,2,2,1,2,7,0,0,0,0,0,0,0,42,50,42,2,7,6.25,0,1,4,6108.5,0,💤 Low Engagers,2,1,0.2666146361249446,❄️ Cold Lead
7004,1984,Graduation,Single,11012.0,1,0,2013-03-16,82,24,3,26,7,1,23,3,3,1,2,9,1,0,0,0,0,0,0,30,84,470,1,9,8.4,1,1,2,5506.0,0,💤 Low Engagers,2,2,0.17853069588381199,❄️ Cold Lead
9817,1970,Master,Single,44802.0,0,0,2012-08-21,71,853,10,143,13,10,20,2,9,4,12,8,0,0,0,0,0,0,0,44,1049,677,0,27,37.464285714285715,0,0,1,44802.0,2,👨‍👩‍👧 Active Parent Shoppers,3,2,0.1603832325143881,❄️ Cold Lead
8080,1986,Graduation,Single,26816.0,0,0,2012-08-17,50,5,1,6,3,4,3,1,0,0,3,4,0,0,0,0,0,0,0,28,22,681,0,4,4.4,0,0,1,26816.0,0,💤 Low Engagers,2,2,0.03469720362442053,❄️ Cold Lead
8372,1974,Graduation,Married,34421.0,1,0,2013-07-01,81,3,3,7,6,2,9,1,1,0,2,7,0,0,0,0,0,0,0,40,30,363,1,4,6.0,0,1,3,11473.666666666666,0,💤 Low Engagers,2,1,0.019557577605796996,❄️ Cold Lead
10870,1967,Graduation,Married,61223.0,0,1,2013-06-13,46,709,43,182,42,118,247,2,9,3,4,5,0,0,0,0,0,0,0,47,1341,381,1,18,70.57894736842105,0,1,3,20407.666666666668,2,👨‍👩‍👧 Active Parent Shoppers,2,1,0.15124967944618006,❄️ Cold Lead
4001,1946,PhD,Together,64014.0,2,1,2014-06-10,56,406,0,30,0,0,8,7,8,2,5,7,0,0,0,1,0,0,0,68,444,19,3,22,19.304347826086957,1,1,5,12802.8,2,👨‍👩‍👧 Active Parent Shoppers,4,3,0.08666432064897674,❄️ Cold Lead
7270,1981,Graduation,Divorced,56981.0,0,0,2014-01-25,91,908,48,217,32,12,24,1,2,3,13,6,0,1,0,0,0,0,0,33,1241,155,0,19,62.05,1,0,1,56981.0,1,🌟 High-Value Loyalists,2,0,0.042158580697673524,❄️ Cold Lead
8235,1956,Master,Together,69245.0,0,1,2014-01-24,8,428,30,214,80,30,61,2,6,5,10,3,0,0,0,0,0,0,0,58,843,156,1,23,35.125,0,1,3,23081.666666666668,2,👨‍👩‍👧 Active Parent Shoppers,3,3,0.055091412760031426,❄️ Cold Lead
9405,1954,PhD,Married,52869.0,1,1,2012-10-15,40,84,3,61,2,1,21,3,3,1,4,7,0,0,0,0,0,0,1,60,172,622,2,11,14.333333333333334,0,1,4,13217.25,0,💤 Low Engagers,4,1,0.694068468197359,🌤 Warm Lead
